CustomerID,Segmento,Recency,Frequency,Monetary,VariedadeProdutos,Tenure,TicketMedio,ItensPorPedido,PaisPrincipal,gmm_confianca,cluster_kmeans,cluster_hier,cluster_gmm,cluster_dbscan
12346,Clientes Leais,326,1,77183.60,1,326,77183.60,74215.00,United Kingdom,1.00,1,1,2,-1
12347,Campeões,2,7,4310.00,103,367,615.71,351.14,Iceland,0.99,3,3,2,0
12348,Clientes Leais,75,4,1437.24,21,358,359.31,583.00,Finland,0.58,1,0,2,0
12349,Novos Clientes,19,1,1457.55,72,19,1457.55,630.00,Italy,1.00,0,2,0,0
12350,Perdidos / Inativos,310,1,294.40,16,310,294.40,196.00,Norway,1.00,2,0,1,0
12352,Clientes Leais,36,7,1385.74,57,297,197.96,75.14,Norway,0.81,1,1,3,0
12353,Perdidos / Inativos,204,1,89.00,4,204,89.00,20.00,Bahrain,1.00,2,2,1,0
12354,Clientes Leais,232,1,1079.40,58,232,1079.40,530.00,Spain,1.00,1,0,1,0
12355,Perdidos / Inativos,214,1,459.40,13,214,459.40,240.00,Bahrain,1.00,2,0,1,0
12356,Clientes Leais,23,3,2487.43,52,326,829.14,524.33,Portugal,0.76,1,1,2,0
12357,Novos Clientes,33,1,6207.67,131,33,6207.67,2708.00,Switzerland,1.00,0,1,0,0
12358,Novos Clientes,2,2,928.06,12,151,464.03,121.00,Austria,1.00,0,0,3,0
12359,Clientes Leais,58,4,6372.58,214,332,1593.14,405.50,Cyprus,0.72,1,1,3,0
12360,Clientes Leais,52,3,2302.06,104,201,767.35,385.33,Austria,1.00,1,1,3,0
12361,Perdidos / Inativos,287,1,174.90,9,287,174.90,90.00,Belgium,1.00,2,0,1,0
12362,Campeões,3,10,4737.23,200,296,473.72,219.70,Belgium,0.58,3,3,2,0
12363,Perdidos / Inativos,110,2,552.00,23,242,276.00,204.00,Unspecified,1.00,2,0,3,0
12364,Clientes Leais,8,4,1208.10,69,112,302.02,374.75,Belgium,1.00,1,1,3,0
12365,Perdidos / Inativos,291,1,320.69,21,291,320.69,173.00,Cyprus,1.00,2,0,1,0
12367,Novos Clientes,4,1,150.90,10,4,150.90,172.00,Denmark,1.00,0,2,3,0
12370,Clientes Leais,51,4,3425.69,142,360,856.42,587.50,Cyprus,0.60,1,1,3,0
12371,Novos Clientes,60,1,1527.96,62,60,1527.96,582.00,Switzerland,1.00,0,2,0,0
12372,Clientes Leais,72,3,1196.04,33,297,398.68,262.67,Denmark,0.90,1,0,3,0
12373,Perdidos / Inativos,311,1,324.60,13,311,324.60,196.00,Austria,1.00,2,0,1,0
12374,Novos Clientes,25,1,622.93,32,25,622.93,339.00,Austria,1.00,0,2,0,0
12375,Novos Clientes,11,2,377.50,13,98,188.75,88.00,Finland,1.00,0,2,3,0
12377,Clientes Leais,315,2,1548.12,71,355,774.06,471.00,Switzerland,0.80,1,0,3,0
12378,Clientes Leais,130,1,4008.62,219,130,4008.62,2529.00,Switzerland,0.98,1,1,1,-1
12379,Clientes Leais,82,2,777.24,38,170,388.62,201.00,Belgium,1.00,1,2,3,0
12380,Clientes Leais,22,4,2427.81,76,186,606.95,277.50,Belgium,1.00,1,1,3,0
12381,Clientes Leais,5,3,1474.81,69,120,491.60,265.67,Norway,1.00,1,1,3,0
12383,Clientes Leais,185,5,1628.56,83,352,325.71,303.60,Belgium,0.77,1,1,3,0
12384,Novos Clientes,29,2,425.27,25,122,212.64,61.00,Switzerland,1.00,0,2,3,0
12386,Perdidos / Inativos,338,2,401.90,10,367,200.95,177.00,Australia,0.81,2,0,3,0
12388,Campeões,16,6,2780.66,57,327,463.44,243.67,Australia,0.74,3,1,2,0
12390,Novos Clientes,80,1,504.84,31,80,504.84,350.00,Belgium,1.00,0,2,0,0
12391,Novos Clientes,22,1,460.89,92,22,460.89,300.00,Cyprus,1.00,0,2,0,0
12393,Clientes Leais,72,4,1582.60,47,333,395.65,204.00,Australia,0.65,1,0,3,0
12394,Clientes Leais,64,2,1080.48,25,217,540.24,404.00,Belgium,1.00,1,0,3,0
12395,Campeões,19,12,2682.63,90,371,223.55,174.75,Belgium,0.97,3,1,2,0
12397,Clientes Leais,36,2,2214.90,109,135,1107.45,625.00,Belgium,1.00,1,1,3,0
12398,Novos Clientes,46,1,1435.66,84,46,1435.66,1389.00,Switzerland,1.00,0,2,0,0
12399,Clientes Leais,119,4,1033.65,46,262,258.41,293.25,Belgium,1.00,1,0,3,0
12401,Perdidos / Inativos,303,1,69.30,4,303,69.30,10.00,Belgium,1.00,2,0,1,0
12402,Perdidos / Inativos,323,1,195.60,10,323,195.60,92.00,Belgium,1.00,2,0,1,0
12403,Novos Clientes,50,1,391.70,4,50,391.70,94.00,Denmark,1.00,0,2,0,0
12405,Clientes Leais,149,1,1390.39,53,149,1390.39,849.00,Finland,1.00,1,2,1,0
12406,Clientes Leais,22,2,3415.30,92,184,1707.65,909.00,Denmark,1.00,1,1,3,0
12407,Clientes Leais,50,5,1507.12,56,264,301.42,280.60,Belgium,1.00,1,1,3,0
12408,Clientes Leais,33,5,2618.55,80,260,523.71,278.20,Belgium,1.00,1,1,3,0
12409,Clientes Leais,79,3,11072.67,91,183,3690.89,1850.33,Switzerland,1.00,1,1,3,-1
12410,Perdidos / Inativos,309,2,533.33,25,309,266.67,103.50,Switzerland,0.92,2,0,3,0
12412,Clientes Leais,75,3,1142.88,42,169,380.96,274.67,Denmark,1.00,1,1,3,0
12413,Clientes Leais,67,3,686.10,28,337,228.70,94.00,France,0.63,1,0,3,0
12414,Perdidos / Inativos,217,3,442.41,15,310,147.47,99.00,Austria,0.92,2,0,3,0
12415,Campeões,24,20,124564.53,443,338,6228.23,3868.65,Australia,1.00,3,3,2,-1
12417,Campeões,3,9,3226.10,157,358,358.46,169.67,Belgium,0.98,3,3,2,0
12418,Novos Clientes,113,1,668.58,34,113,668.58,407.00,Switzerland,0.98,0,2,0,0
12420,Novos Clientes,64,1,600.39,29,64,600.39,345.00,Cyprus,1.00,0,2,0,0
12421,Clientes Leais,16,4,639.04,31,319,159.76,119.50,Spain,0.54,1,1,3,0
12422,Clientes Leais,96,3,683.56,38,325,227.85,122.33,Australia,0.80,1,0,3,0
12423,Campeões,1,8,1634.31,96,354,204.29,165.50,Belgium,0.99,3,3,2,0
12424,Clientes Leais,163,2,1760.96,30,163,880.48,370.00,Australia,1.00,1,0,3,0
12425,Novos Clientes,78,1,777.20,36,78,777.20,496.00,Portugal,1.00,0,2,0,0
12426,Perdidos / Inativos,195,1,510.73,29,195,510.73,254.00,Germany,1.00,2,0,1,0
12427,Clientes Leais,22,3,699.80,25,372,233.27,175.33,Germany,0.80,1,1,2,0
12428,Campeões,26,8,6405.26,256,284,800.66,438.62,Finland,0.94,3,3,3,0
12429,Campeões,9,4,3388.40,81,366,847.10,384.50,Denmark,0.94,3,1,2,0
12430,Novos Clientes,43,1,216.40,10,43,216.40,116.00,Norway,1.00,0,2,0,0
12431,Campeões,36,15,6382.45,162,374,425.50,193.27,Australia,0.98,3,3,2,0
12432,Clientes Leais,43,4,4359.32,106,172,1089.83,450.00,Norway,1.00,1,1,3,0
12433,Campeões,1,7,13375.87,219,373,1910.84,1581.57,Norway,1.00,3,3,2,-1
12434,Clientes Leais,85,2,806.14,46,260,403.07,197.00,Australia,1.00,1,0,3,0
12435,Clientes Leais,80,2,7829.89,31,268,3914.95,1027.50,Denmark,0.89,1,0,2,-1
12436,Novos Clientes,100,1,429.01,15,100,429.01,209.00,Norway,1.00,0,2,0,0
12437,Campeões,2,18,4447.41,117,331,247.08,160.78,France,1.00,3,3,2,0
12438,Clientes Leais,14,2,2466.85,83,140,1233.42,584.50,Norway,1.00,1,1,3,0
12441,Perdidos / Inativos,367,1,155.55,10,367,155.55,120.00,France,1.00,2,0,1,0
12442,Novos Clientes,3,1,144.06,11,3,144.06,181.00,Spain,1.00,0,2,3,0
12444,Clientes Leais,21,5,4085.46,137,171,817.09,226.00,Norway,1.00,1,1,3,0
12445,Novos Clientes,22,1,77.40,3,22,77.40,60.00,Spain,1.00,0,2,0,0
12446,Novos Clientes,58,1,1002.31,57,58,1002.31,351.00,RSA,1.00,0,2,0,0
12447,Perdidos / Inativos,243,1,431.49,25,243,431.49,187.00,Belgium,1.00,2,0,1,0
12448,Novos Clientes,44,1,365.45,21,44,365.45,240.00,Spain,1.00,0,2,0,0
12449,Clientes Leais,22,4,3596.29,117,187,899.07,380.75,Belgium,1.00,1,1,3,0
12450,Perdidos / Inativos,156,2,197.88,7,173,98.94,64.00,Spain,1.00,2,0,3,0
12451,Campeões,11,5,8995.52,264,325,1799.10,1314.80,Switzerland,0.63,3,3,2,0
12452,Novos Clientes,17,1,348.57,20,17,348.57,181.00,Switzerland,1.00,0,2,0,0
12453,Novos Clientes,134,1,707.09,43,134,707.09,473.00,Austria,1.00,0,0,1,0
12454,Novos Clientes,56,1,3528.34,15,56,3528.34,1006.00,Spain,1.00,0,2,0,0
12455,Clientes Leais,73,5,2339.86,84,297,467.97,416.80,Spain,0.92,1,1,3,0
12456,Clientes Leais,44,3,2581.04,104,255,860.35,539.33,Switzerland,1.00,1,1,3,0
12457,Clientes Leais,66,6,2043.23,52,239,340.54,139.17,Switzerland,1.00,1,1,3,0
12458,Clientes Leais,71,2,787.40,34,285,393.70,251.00,Switzerland,0.95,1,0,3,0
12461,Perdidos / Inativos,155,1,626.88,34,155,626.88,282.00,Switzerland,1.00,2,0,1,0
12462,Clientes Leais,19,2,937.59,50,303,468.80,263.50,Spain,0.54,1,1,3,0
12463,Clientes Leais,53,4,1200.78,64,242,300.19,192.00,Belgium,1.00,1,1,3,0
12464,Clientes Leais,10,8,957.05,5,309,119.63,11.88,Belgium,0.93,1,1,2,-1
12465,Novos Clientes,17,2,682.19,45,169,341.09,237.50,Belgium,1.00,0,1,3,0
12468,Perdidos / Inativos,188,2,657.54,35,316,328.77,181.00,Germany,0.86,2,0,3,0
12471,Campeões,2,27,17424.05,148,365,645.34,300.15,Germany,1.00,3,3,2,0
12472,Campeões,32,7,6068.11,218,369,866.87,588.57,Germany,0.57,3,3,2,0
12473,Clientes Leais,54,3,2596.23,138,192,865.41,806.33,Germany,1.00,1,1,3,0
12474,Campeões,17,18,6745.79,252,330,374.77,267.33,Germany,1.00,3,3,2,0
12475,Novos Clientes,54,1,669.38,35,54,669.38,532.00,Germany,1.00,0,2,0,0
12476,Campeões,16,11,5898.42,176,361,536.22,214.27,Germany,0.94,3,3,2,0
12477,Campeões,23,6,13219.74,191,302,2203.29,608.83,Germany,0.58,3,3,3,0
12478,Novos Clientes,4,1,545.99,35,4,545.99,233.00,Greece,1.00,0,2,3,0
12479,Novos Clientes,11,1,473.20,30,11,473.20,382.00,Germany,1.00,0,2,0,0
12480,Clientes Leais,28,4,2885.63,128,336,721.41,421.25,Germany,0.51,1,1,3,0
12481,Campeões,23,10,5020.32,149,366,502.03,327.20,Germany,0.89,3,3,2,0
12483,Campeões,17,8,1910.98,45,339,238.87,136.75,Sweden,0.87,3,1,2,0
12484,Clientes Leais,35,4,3953.72,255,336,988.43,542.50,Spain,0.67,1,1,3,0
12488,Novos Clientes,10,3,1244.66,45,76,414.89,175.33,France,1.00,0,2,3,0
12489,Perdidos / Inativos,336,1,298.93,14,336,298.93,103.00,France,1.00,2,0,1,0
12490,Campeões,5,10,4859.93,130,330,485.99,303.30,France,0.94,3,3,2,0
12491,Novos Clientes,39,1,424.40,24,39,424.40,258.00,France,1.00,0,2,0,0
12492,Novos Clientes,63,2,227.21,18,105,113.61,95.00,Germany,1.00,0,2,3,0
12493,Perdidos / Inativos,166,2,379.74,18,197,189.87,102.00,France,1.00,2,0,3,0
12494,Clientes Leais,16,7,1084.10,62,366,154.87,99.71,France,0.86,1,1,2,0
12497,Novos Clientes,82,1,953.10,13,82,953.10,1231.00,Germany,1.00,0,2,0,0
12498,Novos Clientes,21,3,349.70,20,58,116.57,52.00,Germany,1.00,0,2,3,0
12500,Campeões,23,11,4059.82,33,334,369.07,242.45,Germany,0.98,3,3,2,0
12501,Clientes Leais,337,1,2025.39,148,337,2025.39,1775.00,Germany,1.00,1,0,1,0
12502,Clientes Leais,96,5,2995.87,101,310,599.17,158.80,Spain,0.86,1,1,3,0
12504,Novos Clientes,18,2,428.05,5,30,214.02,43.50,Germany,1.00,0,2,3,0
12506,Perdidos / Inativos,233,1,73.50,23,233,73.50,23.00,France,1.00,2,0,1,0
12507,Clientes Leais,134,3,1052.81,18,299,350.94,295.00,Spain,0.86,1,0,3,0
12508,Novos Clientes,26,2,398.27,57,29,199.13,136.00,France,1.00,0,2,3,0
12509,Perdidos / Inativos,284,1,158.50,6,284,158.50,54.00,France,1.00,2,0,1,0
12510,Clientes Leais,143,2,814.57,28,325,407.28,173.50,Spain,0.70,1,0,3,0
12512,Novos Clientes,66,2,138.03,31,66,69.02,49.50,Israel,1.00,0,2,3,0
12513,Novos Clientes,113,1,558.29,34,113,558.29,459.00,France,0.98,0,2,0,0
12514,Perdidos / Inativos,267,1,1017.68,51,267,1017.68,440.00,Italy,1.00,2,0,1,0
12515,Perdidos / Inativos,353,1,278.70,15,353,278.70,128.00,Italy,1.00,2,0,1,0
12516,Clientes Leais,78,2,1186.06,19,181,593.03,434.00,Germany,1.00,1,0,3,0
12517,Clientes Leais,28,4,2322.84,231,190,580.71,340.25,Germany,1.00,1,1,3,0
12518,Campeões,1,5,1840.89,83,110,368.18,261.20,Germany,1.00,3,1,3,0
12519,Novos Clientes,64,1,286.84,16,64,286.84,180.00,Germany,1.00,0,2,0,0
12520,Clientes Leais,79,5,2346.26,120,274,469.25,284.60,Germany,0.99,1,1,3,0
12521,Novos Clientes,143,1,545.68,37,143,545.68,306.00,Germany,1.00,0,0,1,0
12522,Novos Clientes,39,2,156.72,10,51,78.36,96.00,Germany,1.00,0,2,3,0
12523,Campeões,19,11,1699.77,83,332,154.52,78.18,France,0.94,3,1,2,0
12524,Campeões,9,8,3945.72,112,334,493.21,458.62,Germany,0.87,3,3,2,0
12526,Novos Clientes,1,3,1172.66,63,94,390.89,208.00,Germany,1.00,0,1,3,0
12527,Perdidos / Inativos,82,3,330.71,17,326,110.24,77.67,Germany,0.78,2,0,3,0
12528,Campeões,9,6,1645.48,49,313,274.25,123.33,Germany,0.60,3,1,2,0
12530,Clientes Leais,60,4,1500.28,50,337,375.07,226.00,Germany,0.61,1,0,3,0
12531,Novos Clientes,15,1,125.22,17,15,125.22,45.00,Germany,1.00,0,2,0,0
12532,Novos Clientes,30,1,313.83,15,30,313.83,151.00,France,1.00,0,2,0,0
12534,Novos Clientes,131,1,981.18,62,131,981.18,645.00,Germany,0.99,0,2,1,0
12535,Clientes Leais,92,2,716.35,28,187,358.18,109.50,France,1.00,1,0,3,0
12536,Clientes Leais,59,1,4279.71,259,59,4279.71,2801.00,France,1.00,1,1,0,0
12538,Novos Clientes,29,1,363.95,21,29,363.95,191.00,Spain,1.00,0,2,0,0
12539,Campeões,22,4,5568.35,157,334,1392.09,516.75,Spain,0.63,3,1,2,0
12540,Campeões,20,17,11580.24,276,362,681.19,389.41,Spain,0.99,3,3,2,0
12541,Clientes Leais,30,3,841.18,45,281,280.39,225.00,Spain,0.98,1,1,3,0
12544,Novos Clientes,36,1,316.70,18,36,316.70,134.00,Spain,1.00,0,2,0,0
12545,Clientes Leais,75,2,832.39,41,260,416.19,258.50,Spain,1.00,1,0,3,0
12546,Novos Clientes,47,2,1021.50,58,78,510.75,314.00,Spain,1.00,0,2,3,0
12547,Perdidos / Inativos,198,2,151.80,6,281,75.90,66.00,Spain,0.99,2,0,3,0
12548,Perdidos / Inativos,166,1,67.20,4,166,67.20,48.00,Spain,1.00,2,2,1,0
12550,Novos Clientes,79,1,824.83,56,79,824.83,564.00,Spain,1.00,0,2,0,0
12551,Perdidos / Inativos,358,1,168.00,10,358,168.00,100.00,Spain,1.00,2,0,1,0
12552,Novos Clientes,40,1,317.82,19,40,317.82,85.00,Italy,1.00,0,2,0,0
12553,Campeões,8,10,3278.28,94,330,327.83,194.20,France,0.93,3,3,2,0
12556,Clientes Leais,50,2,603.71,100,151,301.86,179.00,Spain,1.00,1,0,3,0
12557,Campeões,16,5,11990.96,15,372,2398.19,876.80,Spain,1.00,3,1,2,-1
12558,Novos Clientes,8,1,269.96,11,8,269.96,196.00,USA,0.99,0,2,0,0
12559,Perdidos / Inativos,311,2,525.71,20,320,262.86,140.50,Germany,0.86,2,0,3,0
12560,Clientes Leais,5,2,1918.01,90,143,959.00,549.00,Germany,1.00,1,1,3,0
12561,Perdidos / Inativos,303,1,238.85,16,303,238.85,177.00,Germany,1.00,2,0,1,0
12562,Campeões,8,7,3385.74,98,199,483.68,251.00,France,1.00,3,1,3,0
12564,Perdidos / Inativos,261,1,402.90,20,261,402.90,130.00,France,1.00,2,0,1,0
12565,Perdidos / Inativos,289,1,145.92,9,289,145.92,80.00,Saudi Arabia,1.00,2,0,1,0
12566,Novos Clientes,86,1,297.65,18,86,297.65,262.00,Germany,1.00,0,2,0,0
12567,Campeões,23,10,8609.28,322,370,860.93,426.10,France,0.81,3,3,2,0
12569,Campeões,2,32,3152.69,91,252,98.52,54.59,Germany,1.00,3,3,2,-1
12571,Novos Clientes,40,2,519.61,31,122,259.81,261.50,France,1.00,0,2,3,0
12572,Novos Clientes,9,2,912.42,52,52,456.21,223.00,Germany,1.00,0,2,3,0
12573,Perdidos / Inativos,227,1,160.54,26,227,160.54,84.00,France,1.00,2,0,1,0
12574,Perdidos / Inativos,316,1,182.45,10,316,182.45,59.00,France,1.00,2,0,1,0
12576,Clientes Leais,36,5,1315.83,72,305,263.17,193.40,Poland,0.85,1,1,3,0
12577,Clientes Leais,35,3,653.85,136,359,217.95,157.00,France,0.76,1,1,2,0
12578,Clientes Leais,21,2,2402.51,110,330,1201.26,591.00,Italy,0.85,1,1,2,0
12579,Novos Clientes,78,1,386.42,28,78,386.42,282.00,France,1.00,0,2,0,0
12580,Perdidos / Inativos,247,1,379.70,23,247,379.70,236.00,Germany,1.00,2,0,1,0
12581,Novos Clientes,40,1,179.71,14,40,179.71,160.00,Germany,1.00,0,2,0,0
12582,Perdidos / Inativos,239,2,351.36,20,289,175.68,148.00,Finland,0.98,2,0,3,0
12583,Campeões,3,15,6705.38,114,374,447.03,335.20,France,1.00,3,3,2,0
12584,Campeões,4,9,2254.15,43,280,250.46,45.89,Italy,0.68,3,3,3,0
12585,Clientes Leais,234,2,1824.10,76,351,912.05,633.50,Germany,0.73,1,0,3,0
12586,Novos Clientes,17,1,196.94,11,17,196.94,79.00,Italy,1.00,0,2,0,0
12587,Novos Clientes,8,1,104.00,3,8,104.00,50.00,Finland,1.00,0,2,0,0
12588,Novos Clientes,39,1,174.90,9,39,174.90,52.00,Finland,1.00,0,2,0,0
12589,Novos Clientes,29,2,574.68,28,145,287.34,151.00,France,1.00,0,2,3,0
12590,Clientes Leais,211,1,9341.26,67,211,9341.26,4282.00,Germany,1.00,1,0,1,-1
12591,Perdidos / Inativos,317,1,368.85,25,317,368.85,225.00,Italy,1.00,2,0,1,0
12592,Perdidos / Inativos,92,2,401.60,10,213,200.80,144.00,Germany,1.00,2,0,3,0
12593,Perdidos / Inativos,109,3,382.10,13,219,127.37,68.00,France,1.00,2,0,3,0
12594,Campeões,38,9,3208.22,49,323,356.47,196.89,Italy,0.85,3,1,2,0
12596,Clientes Leais,51,2,450.27,24,242,225.13,234.00,Spain,1.00,1,0,3,0
12597,Clientes Leais,19,4,3195.22,183,268,798.80,553.50,Spain,0.99,1,1,3,0
12598,Campeões,10,7,2807.08,83,285,401.01,278.86,France,0.87,3,3,3,0
12599,Clientes Leais,29,7,888.58,31,304,126.94,135.43,France,0.66,1,1,3,0
12600,Campeões,29,10,2311.04,31,371,231.10,75.80,Germany,0.95,3,1,2,0
12601,Clientes Leais,190,5,487.06,20,333,97.41,48.00,Germany,0.72,1,0,3,0
12602,Novos Clientes,59,1,153.12,12,59,153.12,162.00,France,1.00,0,2,0,0
12603,Novos Clientes,22,1,613.20,1,22,613.20,56.00,Germany,1.00,0,2,0,0
12604,Perdidos / Inativos,79,2,236.18,14,262,118.09,100.00,France,1.00,2,0,3,0
12607,Novos Clientes,60,1,1579.51,101,60,1579.51,1228.00,USA,1.00,0,2,0,0
12609,Clientes Leais,78,3,964.85,56,318,321.62,213.00,Germany,0.83,1,0,3,0
12610,Clientes Leais,23,4,1747.54,84,126,436.88,259.75,Italy,1.00,1,1,3,0
12611,Novos Clientes,52,1,1193.32,65,52,1193.32,846.00,Italy,1.00,0,2,0,0
12612,Novos Clientes,74,1,668.04,18,74,668.04,260.00,Germany,1.00,0,2,0,0
12613,Clientes Leais,57,4,3092.38,123,262,773.10,407.50,Germany,1.00,1,1,3,0
12614,Perdidos / Inativos,278,1,315.60,20,278,315.60,76.00,Germany,1.00,2,0,1,0
12615,Campeões,2,4,2093.19,81,168,523.30,341.25,France,1.00,3,1,3,0
12616,Clientes Leais,95,2,641.30,24,297,320.65,140.00,France,0.90,1,0,3,0
12617,Novos Clientes,29,1,355.53,39,29,355.53,213.00,France,1.00,0,2,0,0
12618,Novos Clientes,22,1,137.31,10,22,137.31,95.00,Italy,1.00,0,2,0,0
12619,Campeões,16,8,2945.56,48,253,368.19,420.00,Germany,0.99,3,3,3,0
12620,Clientes Leais,15,3,1303.41,88,205,434.47,393.00,France,1.00,1,1,3,0
12621,Campeões,2,20,12411.67,260,366,620.58,368.45,Germany,1.00,3,3,2,0
12622,Perdidos / Inativos,232,1,162.10,10,232,162.10,68.00,Germany,1.00,2,0,1,0
12623,Perdidos / Inativos,276,1,269.10,17,276,269.10,189.00,Germany,1.00,2,0,1,0
12624,Clientes Leais,106,2,569.13,35,178,284.56,175.50,France,1.00,1,0,3,0
12625,Clientes Leais,212,2,2413.82,72,319,1206.91,798.50,Germany,0.75,1,0,3,0
12626,Campeões,23,9,5954.48,231,327,661.61,379.56,Germany,0.68,3,3,2,0
12627,Campeões,11,6,4082.53,161,140,680.42,455.00,Germany,1.00,3,1,3,0
12628,Novos Clientes,4,3,732.46,33,65,244.15,148.33,Germany,1.00,0,1,3,0
12630,Novos Clientes,10,2,1030.88,59,44,515.44,271.00,Finland,1.00,0,2,3,0
12631,Novos Clientes,57,1,480.50,30,57,480.50,232.00,Finland,1.00,0,2,0,0
12633,Clientes Leais,59,4,1929.98,72,288,482.50,287.25,Germany,0.96,1,1,3,0
12635,Clientes Leais,90,2,1509.18,95,155,754.59,581.00,Germany,1.00,1,1,3,0
12637,Campeões,67,8,5823.90,204,324,727.99,373.88,France,0.56,3,1,3,0
12638,Novos Clientes,33,1,511.69,38,33,511.69,573.00,Sweden,1.00,0,2,0,0
12639,Perdidos / Inativos,239,1,366.10,21,239,366.10,198.00,Sweden,1.00,2,0,1,0
12640,Novos Clientes,24,3,994.58,46,82,331.53,100.33,France,1.00,0,2,3,0
12641,Perdidos / Inativos,115,1,145.90,9,115,145.90,71.00,Sweden,0.95,2,2,0,0
12642,Novos Clientes,25,3,905.26,38,108,301.75,182.00,Germany,1.00,0,2,3,0
12643,Clientes Leais,128,6,3041.64,10,333,506.94,298.00,France,0.97,1,0,2,0
12644,Novos Clientes,130,1,477.91,31,130,477.91,325.00,Germany,0.99,0,0,1,0
12645,Clientes Leais,34,4,1631.18,57,316,407.80,269.00,Germany,0.70,1,1,3,0
12646,Novos Clientes,5,2,1346.97,43,49,673.49,448.50,USA,1.00,0,2,3,0
12647,Campeões,22,12,3146.82,77,369,262.24,116.58,Germany,0.97,3,1,2,0
12648,Perdidos / Inativos,155,1,300.05,20,155,300.05,159.00,Germany,1.00,2,0,1,0
12649,Clientes Leais,107,3,569.51,27,212,189.84,194.33,Germany,1.00,1,0,3,0
12650,Novos Clientes,3,1,242.44,19,3,242.44,250.00,France,1.00,0,2,3,0
12651,Perdidos / Inativos,335,1,114.00,9,335,114.00,78.00,France,1.00,2,0,1,0
12652,Perdidos / Inativos,331,1,793.98,47,331,793.98,498.00,France,1.00,2,0,1,0
12653,Clientes Leais,149,2,2209.85,37,297,1104.92,459.50,Israel,0.72,1,0,3,0
12654,Clientes Leais,11,5,529.98,30,295,106.00,52.00,Germany,0.85,1,1,3,0
12656,Clientes Leais,17,5,3619.17,88,234,723.83,339.80,France,1.00,1,1,3,0
12657,Novos Clientes,11,4,1427.18,34,79,356.80,258.00,France,1.00,0,2,3,0
12658,Novos Clientes,19,1,632.05,35,19,632.05,317.00,Germany,1.00,0,2,0,0
12659,Novos Clientes,30,1,73.68,4,30,73.68,104.00,France,1.00,0,2,0,0
12660,Novos Clientes,11,1,227.10,12,11,227.10,126.00,France,1.00,0,2,0,0
12662,Campeões,1,11,3543.78,128,373,322.16,185.55,Germany,1.00,3,3,2,0
12664,Campeões,8,9,4391.88,9,323,487.99,132.00,Finland,1.00,3,1,2,0
12665,Perdidos / Inativos,325,1,45.00,2,325,45.00,36.00,Germany,1.00,2,0,1,0
12667,Novos Clientes,58,1,460.13,32,58,460.13,391.00,Finland,1.00,0,2,0,0
12668,Campeões,12,4,3177.15,114,356,794.29,399.75,Germany,0.85,3,1,2,0
12669,Clientes Leais,151,2,1427.73,96,257,713.87,552.00,France,1.00,1,0,3,0
12670,Clientes Leais,10,5,2744.05,57,233,548.81,276.60,France,1.00,1,1,3,0
12672,Perdidos / Inativos,330,1,225.90,10,330,225.90,78.00,France,1.00,2,0,1,0
12673,Clientes Leais,5,2,574.52,41,327,287.26,174.50,Germany,0.97,1,1,2,0
12674,Clientes Leais,39,4,1844.60,51,208,461.15,281.50,France,1.00,1,1,3,0
12676,Clientes Leais,25,6,1091.39,32,311,181.90,110.67,Sweden,0.61,1,1,3,0
12678,Campeões,42,9,16331.46,103,353,1814.61,1211.11,France,0.96,3,3,2,0
12679,Clientes Leais,59,4,951.02,42,284,237.75,136.25,France,0.98,1,1,3,0
12680,Novos Clientes,1,4,790.81,32,113,197.70,109.75,France,1.00,0,1,3,0
12681,Campeões,15,22,12365.54,266,368,562.07,338.95,France,1.00,3,3,2,0
12682,Campeões,4,31,11028.22,208,371,355.75,177.58,France,1.00,3,3,2,0
12683,Campeões,4,14,7612.57,176,366,543.75,352.43,France,0.99,3,3,2,0
12684,Campeões,8,6,2073.63,59,213,345.61,328.83,France,1.00,3,1,3,0
12685,Clientes Leais,28,6,2575.08,116,94,429.18,251.17,France,1.00,1,1,3,0
12686,Perdidos / Inativos,372,1,71.14,6,372,71.14,106.00,France,1.00,2,0,1,0
12688,Clientes Leais,114,1,4873.81,171,114,4873.81,3028.00,Israel,0.99,1,1,0,0
12689,Novos Clientes,26,2,1139.61,56,128,569.80,311.00,France,1.00,0,2,3,0
12690,Perdidos / Inativos,206,1,335.01,15,206,335.01,103.00,France,1.00,2,0,1,0
12691,Clientes Leais,28,5,927.80,20,357,185.56,77.60,France,0.73,1,1,2,0
12693,Clientes Leais,127,4,711.91,34,319,177.98,61.75,Germany,0.85,1,0,3,0
12694,Clientes Leais,70,2,761.67,31,183,380.83,251.50,France,1.00,1,0,3,0
12695,Clientes Leais,7,4,582.10,23,210,145.53,55.00,France,1.00,1,1,3,0
12697,Clientes Leais,29,3,757.59,36,169,252.53,167.67,Sweden,1.00,1,0,3,0
12700,Campeões,8,4,4525.99,192,215,1131.50,736.00,France,1.00,3,1,3,0
12701,Clientes Leais,80,2,725.71,49,242,362.86,337.00,Germany,1.00,1,0,3,0
12702,Novos Clientes,20,1,201.00,11,20,201.00,52.00,Germany,1.00,0,2,0,0
12703,Novos Clientes,71,1,265.55,20,71,265.55,163.00,Germany,1.00,0,2,0,0
12704,Campeões,7,8,1740.84,63,170,217.60,123.88,Finland,1.00,3,1,3,0
12705,Campeões,15,8,6382.29,227,357,797.79,496.25,Germany,0.81,3,3,2,0
12707,Perdidos / Inativos,292,1,603.42,33,292,603.42,256.00,France,1.00,2,0,1,0
12708,Campeões,30,10,2442.91,85,369,244.29,129.20,Germany,0.90,3,1,2,0
12709,Campeões,15,15,9430.52,92,367,628.70,261.27,Germany,1.00,3,3,2,0
12710,Clientes Leais,97,3,1023.02,74,201,341.01,281.33,Germany,1.00,1,1,3,0
12712,Campeões,29,13,3928.13,57,371,302.16,79.69,Germany,0.98,3,3,2,0
12713,Novos Clientes,1,1,794.55,37,1,794.55,505.00,Germany,1.00,0,2,3,0
12714,Campeões,9,5,4294.86,215,295,858.97,609.20,France,0.86,3,3,3,0
12715,Novos Clientes,106,1,273.86,19,106,273.86,195.00,Sweden,1.00,0,2,0,0
12716,Novos Clientes,4,2,963.49,59,133,481.75,351.50,France,1.00,0,0,3,0
12717,Clientes Leais,151,2,830.98,48,246,415.49,251.00,Greece,1.00,1,0,3,0
12718,Novos Clientes,71,1,202.25,18,71,202.25,201.00,France,1.00,0,2,0,0
12719,Novos Clientes,5,2,572.95,33,65,286.48,185.00,France,1.00,0,2,3,0
12720,Campeões,3,25,5115.73,210,369,204.63,185.40,Germany,1.00,3,3,2,0
12721,Campeões,32,6,2386.13,132,355,397.69,324.00,France,0.59,3,1,2,0
12722,Clientes Leais,85,4,979.63,49,151,244.91,141.25,France,1.00,1,1,3,0
12723,Novos Clientes,4,5,707.07,52,65,141.41,86.60,France,1.00,0,1,3,0
12724,Clientes Leais,5,4,923.41,46,332,230.85,109.75,France,0.88,1,1,2,0
12725,Perdidos / Inativos,371,1,371.80,23,371,371.80,162.00,Italy,1.00,2,0,1,0
12726,Clientes Leais,28,7,2411.10,56,357,344.44,447.43,France,0.79,1,1,2,0
12727,Campeões,11,7,3440.70,108,320,491.53,295.43,France,0.66,3,3,2,0
12728,Clientes Leais,71,4,728.33,37,332,182.08,103.25,France,0.71,1,1,3,0
12729,Novos Clientes,114,1,417.01,25,114,417.01,231.00,France,0.97,0,0,0,0
12731,Campeões,24,12,18751.91,108,365,1562.66,702.42,France,0.99,3,3,2,0
12732,Perdidos / Inativos,180,1,218.26,11,180,218.26,110.00,France,1.00,2,0,1,0
12733,Perdidos / Inativos,234,1,383.95,22,234,383.95,137.00,USA,1.00,2,0,1,0
12734,Perdidos / Inativos,353,1,110.40,4,353,110.40,88.00,France,1.00,2,0,1,0
12735,Perdidos / Inativos,315,2,689.57,37,337,344.78,181.50,France,0.82,2,0,3,0
12736,Perdidos / Inativos,333,1,144.00,3,333,144.00,168.00,France,1.00,2,0,1,0
12738,Perdidos / Inativos,372,1,137.35,10,372,137.35,147.00,Germany,1.00,2,0,1,0
12739,Novos Clientes,99,1,975.54,37,99,975.54,485.00,United Arab Emirates,1.00,0,2,0,0
12740,Novos Clientes,64,1,427.60,27,64,427.60,342.00,France,1.00,0,2,0,0
12743,Clientes Leais,134,2,546.43,114,134,273.21,159.50,Unspecified,1.00,1,0,3,0
12744,Clientes Leais,56,4,9120.39,177,318,2280.10,1308.50,Singapore,0.64,1,1,3,0
12747,Campeões,2,11,4196.01,42,369,381.46,115.91,United Kingdom,1.00,3,3,2,0
12748,Campeões,1,206,32317.32,1766,374,156.88,123.84,United Kingdom,1.00,3,3,2,-1
12749,Campeões,4,5,4040.88,159,213,808.18,294.00,United Kingdom,1.00,3,1,3,0
12750,Perdidos / Inativos,129,1,275.88,15,129,275.88,137.00,Poland,0.98,2,0,1,0
12752,Novos Clientes,81,1,4366.78,53,81,4366.78,2262.00,Norway,1.00,0,2,0,0
12753,Campeões,23,6,21429.39,132,363,3571.57,1903.50,Japan,0.96,3,3,2,0
12754,Clientes Leais,236,3,3010.74,49,309,1003.58,2160.33,Japan,0.78,1,0,3,0
12755,Perdidos / Inativos,281,2,3811.95,4,366,1905.97,745.50,Japan,1.00,2,0,2,-1
12756,Novos Clientes,87,1,112.08,4,87,112.08,144.00,Japan,1.00,0,2,0,0
12757,Campeões,16,9,4199.20,235,211,466.58,266.00,Portugal,1.00,3,3,3,0
12758,Clientes Leais,117,2,2791.59,84,277,1395.80,1067.50,Portugal,0.97,1,0,3,0
12759,Clientes Leais,52,3,1411.44,80,276,470.48,298.00,Netherlands,0.99,1,1,3,0
12762,Novos Clientes,8,2,1702.52,61,25,851.26,610.00,Portugal,1.00,0,2,3,0
12763,Perdidos / Inativos,138,2,494.08,16,369,247.04,158.00,Japan,0.62,2,0,3,0
12764,Clientes Leais,317,1,1693.88,45,317,1693.88,386.00,Lebanon,1.00,1,0,1,0
12766,Campeões,4,7,6457.63,204,366,922.52,518.14,Portugal,0.95,3,3,2,0
12769,Perdidos / Inativos,239,1,1143.60,32,239,1143.60,356.00,Brazil,1.00,2,0,1,0
12770,Perdidos / Inativos,211,1,1351.45,12,211,1351.45,743.00,Japan,1.00,2,0,1,0
12772,Novos Clientes,60,1,752.47,54,60,752.47,551.00,Portugal,1.00,0,2,0,0
12775,Clientes Leais,17,5,1281.04,46,311,256.21,174.00,Netherlands,0.64,1,1,3,0
12778,Clientes Leais,20,6,693.23,39,312,115.54,136.17,Netherlands,0.61,1,1,3,0
12779,Campeões,38,8,3981.36,88,371,497.67,253.00,Poland,0.75,3,1,2,0
12781,Clientes Leais,64,2,786.74,24,285,393.37,335.00,Czech Republic,0.93,1,0,3,0
12782,Campeões,5,5,1938.92,80,358,387.78,214.40,Portugal,0.94,3,1,2,0
12783,Novos Clientes,2,4,1295.87,74,75,323.97,152.75,Portugal,1.00,0,1,3,0
12784,Novos Clientes,15,1,518.42,53,15,518.42,298.00,Portugal,1.00,0,2,0,0
12785,Perdidos / Inativos,364,1,255.95,13,364,255.95,129.00,Portugal,1.00,2,0,1,0
12787,Novos Clientes,10,3,418.66,16,193,139.55,86.00,Netherlands,1.00,0,0,3,0
12789,Novos Clientes,65,1,76.85,3,65,76.85,3.00,Netherlands,1.00,0,2,0,0
12790,Perdidos / Inativos,192,1,294.92,20,192,294.92,164.00,Netherlands,1.00,2,0,1,0
12791,Perdidos / Inativos,374,1,177.60,1,374,177.60,96.00,Netherlands,1.00,2,0,1,0
12792,Perdidos / Inativos,257,1,344.54,24,257,344.54,215.00,Portugal,1.00,2,0,1,0
12793,Perdidos / Inativos,335,2,461.48,20,371,230.74,146.00,Portugal,0.85,2,0,3,0
12794,Novos Clientes,53,2,860.41,43,99,430.20,296.00,Portugal,1.00,0,2,3,0
12795,Novos Clientes,19,1,318.48,13,19,318.48,64.00,Portugal,1.00,0,2,0,0
12797,Perdidos / Inativos,366,1,226.03,12,366,226.03,117.00,Portugal,1.00,2,0,1,0
12798,Clientes Leais,10,3,6977.04,6,171,2325.68,1752.00,Japan,1.00,1,1,3,-1
12802,Perdidos / Inativos,187,1,397.58,24,187,397.58,312.00,Netherlands,1.00,2,0,1,0
12808,Clientes Leais,37,3,455.65,26,369,151.88,62.33,Portugal,0.62,1,0,2,0
12809,Perdidos / Inativos,178,1,405.31,24,178,405.31,217.00,Portugal,1.00,2,0,1,0
12811,Perdidos / Inativos,262,2,458.85,26,284,229.43,113.50,Portugal,0.98,2,0,3,0
12812,Novos Clientes,45,1,229.64,15,45,229.64,164.00,Japan,1.00,0,2,0,0
12814,Perdidos / Inativos,102,1,85.92,1,102,85.92,48.00,Poland,1.00,2,2,0,0
12815,Clientes Leais,148,2,863.46,37,198,431.73,187.00,Poland,1.00,1,0,3,0
12816,Perdidos / Inativos,96,2,452.20,26,176,226.10,62.50,Poland,1.00,2,0,3,0
12817,Perdidos / Inativos,281,1,126.04,3,281,126.04,52.00,Austria,1.00,2,0,1,0
12818,Perdidos / Inativos,262,1,1182.08,13,262,1182.08,920.00,Austria,1.00,2,0,1,0
12820,Clientes Leais,3,4,942.34,55,327,235.59,180.50,United Kingdom,0.91,1,1,2,0
12821,Perdidos / Inativos,214,1,92.72,6,214,92.72,70.00,United Kingdom,1.00,2,2,1,0
12822,Novos Clientes,71,2,948.88,41,87,474.44,275.00,United Kingdom,1.00,0,2,3,0
12823,Perdidos / Inativos,75,5,1759.50,1,297,351.90,46.00,United Kingdom,1.00,2,1,2,-1
12824,Novos Clientes,60,1,397.12,25,60,397.12,232.00,United Kingdom,1.00,0,2,0,0
12826,Campeões,3,7,1474.72,58,365,210.67,151.14,United Kingdom,0.98,3,3,2,0
12827,Novos Clientes,6,3,430.15,19,44,143.38,65.67,United Kingdom,1.00,0,2,3,0
12828,Clientes Leais,3,6,1018.71,46,130,169.78,82.33,United Kingdom,1.00,1,1,3,0
12829,Perdidos / Inativos,337,2,293.00,9,360,146.50,188.00,United Kingdom,0.82,2,0,3,0
12830,Clientes Leais,38,6,6814.64,13,172,1135.77,1641.33,United Kingdom,1.00,1,1,3,-1
12831,Perdidos / Inativos,262,1,215.05,9,262,215.05,135.00,United Kingdom,1.00,2,0,1,0
12832,Novos Clientes,32,2,383.03,27,98,191.51,97.50,United Kingdom,1.00,0,2,3,0
12833,Perdidos / Inativos,145,1,417.38,24,145,417.38,156.00,United Kingdom,1.00,2,0,1,0
12834,Perdidos / Inativos,283,1,312.38,18,283,312.38,110.00,United Kingdom,1.00,2,0,1,0
12836,Clientes Leais,59,4,2612.86,148,312,653.22,266.00,United Kingdom,0.88,1,1,3,0
12837,Perdidos / Inativos,173,1,134.10,12,173,134.10,24.00,United Kingdom,1.00,2,0,1,0
12838,Clientes Leais,34,2,683.13,115,374,341.56,179.50,United Kingdom,0.87,1,1,2,0
12839,Campeões,3,14,5591.42,95,367,399.39,271.93,United Kingdom,1.00,3,3,2,0
12840,Clientes Leais,144,4,2726.77,67,227,681.69,377.75,United Kingdom,1.00,1,1,3,0
12841,Campeões,5,25,4022.35,229,372,160.89,110.28,United Kingdom,1.00,3,3,2,0
12842,Clientes Leais,70,2,1118.99,34,309,559.50,273.50,United Kingdom,0.66,1,0,3,0
12843,Clientes Leais,66,8,1702.26,69,264,212.78,97.62,United Kingdom,0.98,1,1,3,0
12844,Novos Clientes,29,2,325.96,47,130,162.98,62.50,United Kingdom,1.00,0,0,3,0
12845,Perdidos / Inativos,267,4,354.09,26,290,88.52,51.00,United Kingdom,0.97,2,0,3,0
12847,Novos Clientes,22,1,871.54,72,22,871.54,909.00,United Kingdom,1.00,0,2,0,0
12849,Clientes Leais,31,2,1033.25,46,269,516.62,302.50,United Kingdom,0.98,1,1,3,0
12851,Novos Clientes,97,1,135.18,43,97,135.18,109.00,United Kingdom,1.00,0,2,0,0
12852,Perdidos / Inativos,295,1,311.55,17,295,311.55,149.00,United Kingdom,1.00,2,0,1,0
12853,Clientes Leais,135,6,1957.10,66,316,326.18,133.33,United Kingdom,0.75,1,1,3,0
12854,Clientes Leais,79,3,1324.50,95,318,441.50,209.00,United Kingdom,0.85,1,1,3,0
12855,Perdidos / Inativos,373,1,38.10,3,373,38.10,30.00,United Kingdom,1.00,2,0,1,0
12856,Campeões,8,6,2179.93,155,64,363.32,179.83,United Kingdom,1.00,3,1,3,0
12857,Clientes Leais,211,2,1106.40,37,303,553.20,171.50,United Kingdom,0.89,1,0,3,0
12863,Novos Clientes,52,1,521.20,5,52,521.20,188.00,United Kingdom,1.00,0,2,0,0
12864,Perdidos / Inativos,138,1,147.12,3,138,147.12,216.00,United Kingdom,1.00,2,2,1,0
12865,Clientes Leais,26,2,1568.23,86,124,784.12,462.50,Austria,1.00,1,1,3,0
12866,Perdidos / Inativos,283,1,499.12,25,283,499.12,167.00,Belgium,1.00,2,0,1,0
12867,Campeões,26,7,4036.82,240,360,576.69,614.00,United Kingdom,0.63,3,3,2,0
12868,Clientes Leais,186,6,1607.06,72,374,267.84,154.67,United Kingdom,0.75,1,1,3,0
12871,Perdidos / Inativos,84,2,380.64,8,207,190.32,100.00,United Kingdom,1.00,2,0,3,0
12872,Perdidos / Inativos,327,2,599.97,58,365,299.99,159.50,United Kingdom,0.83,2,0,3,0
12873,Perdidos / Inativos,282,1,374.00,4,282,374.00,128.00,United Kingdom,1.00,2,0,1,0
12875,Perdidos / Inativos,143,2,343.23,1,363,171.62,1009.50,United Kingdom,0.81,2,0,2,0
12876,Clientes Leais,58,2,2053.02,66,196,1026.51,965.00,Belgium,1.00,1,1,3,0
12877,Campeões,4,12,1535.77,100,359,127.98,98.17,United Kingdom,0.99,3,3,2,0
12878,Clientes Leais,236,2,854.99,38,266,427.50,273.50,United Kingdom,1.00,1,0,3,0
12879,Novos Clientes,45,3,573.22,7,92,191.07,123.33,United Kingdom,1.00,0,2,3,0
12881,Perdidos / Inativos,276,1,298.00,7,276,298.00,21.00,United Kingdom,1.00,2,0,1,0
12882,Novos Clientes,9,2,1463.04,12,34,731.52,123.00,United Kingdom,1.00,0,2,3,0
12883,Novos Clientes,25,4,703.47,39,89,175.87,49.00,United Kingdom,1.00,0,2,3,0
12884,Novos Clientes,88,1,309.05,7,88,309.05,43.00,United Kingdom,1.00,0,2,0,0
12885,Clientes Leais,63,3,1175.22,66,124,391.74,218.33,United Kingdom,1.00,1,2,3,0
12886,Clientes Leais,68,2,1378.40,75,220,689.20,385.00,United Kingdom,1.00,1,1,3,0
12888,Perdidos / Inativos,214,2,354.12,4,255,177.06,38.00,United Kingdom,1.00,2,0,3,0
12890,Novos Clientes,24,1,380.47,78,24,380.47,259.00,United Kingdom,1.00,0,2,0,0
12891,Perdidos / Inativos,186,3,331.00,2,293,110.33,316.67,United Kingdom,0.86,2,0,3,0
12893,Novos Clientes,31,1,188.14,27,31,188.14,96.00,United Kingdom,1.00,0,2,0,0
12895,Novos Clientes,42,2,372.80,22,87,186.40,105.00,United Kingdom,1.00,0,2,3,0
12897,Perdidos / Inativos,205,2,216.50,3,302,108.25,55.00,United Kingdom,0.90,2,0,3,0
12901,Campeões,9,28,17654.54,30,271,630.52,824.11,United Kingdom,1.00,3,3,2,-1
12902,Perdidos / Inativos,265,1,138.68,10,265,138.68,66.00,United Kingdom,1.00,2,0,1,0
12904,Novos Clientes,18,2,509.58,59,172,254.79,151.00,United Kingdom,1.00,0,1,3,0
12906,Clientes Leais,12,5,2919.81,55,78,583.96,349.80,United Kingdom,1.00,1,1,3,0
12908,Perdidos / Inativos,176,2,750.00,1,313,375.00,600.00,United Kingdom,0.97,2,0,2,0
12909,Clientes Leais,40,5,2178.67,78,253,435.73,256.00,United Kingdom,1.00,1,1,3,0
12910,Campeões,23,8,3075.04,48,242,384.38,211.50,United Kingdom,1.00,3,3,3,0
12912,Novos Clientes,3,5,1662.30,17,41,332.46,134.00,United Kingdom,1.00,0,1,3,0
12913,Campeões,5,5,2483.63,37,368,496.73,283.80,United Kingdom,0.98,3,1,2,0
12915,Perdidos / Inativos,149,2,363.65,19,373,181.82,46.50,United Kingdom,0.70,2,0,3,0
12916,Clientes Leais,139,4,3006.15,53,321,751.54,279.75,United Kingdom,0.69,1,0,3,0
12917,Perdidos / Inativos,128,1,594.00,2,128,594.00,120.00,United Kingdom,0.93,2,0,1,0
12919,Clientes Leais,8,6,1335.19,34,170,222.53,112.17,United Kingdom,1.00,1,1,3,0
12920,Novos Clientes,17,1,164.23,27,17,164.23,129.00,United Kingdom,1.00,0,2,0,0
12921,Campeões,9,37,16587.09,233,373,448.30,257.46,United Kingdom,1.00,3,3,2,0
12922,Perdidos / Inativos,161,1,405.38,28,161,405.38,370.00,United Kingdom,1.00,2,0,1,0
12923,Novos Clientes,64,1,175.72,27,64,175.72,68.00,United Kingdom,1.00,0,2,0,0
12924,Clientes Leais,88,4,925.75,21,328,231.44,120.00,United Kingdom,0.67,1,0,3,0
12925,Novos Clientes,5,2,694.05,42,75,347.02,270.50,United Kingdom,1.00,0,2,3,0
12928,Clientes Leais,35,5,2062.70,59,359,412.54,294.40,United Kingdom,0.62,1,1,2,0
12929,Perdidos / Inativos,312,1,117.85,8,312,117.85,37.00,United Kingdom,1.00,2,0,1,0
12930,Novos Clientes,78,2,415.80,20,171,207.90,126.00,United Kingdom,1.00,0,0,3,0
12931,Campeões,22,15,42055.96,28,358,2803.73,1866.93,United Kingdom,1.00,3,3,2,-1
12933,Clientes Leais,24,3,607.53,102,284,202.51,166.33,United Kingdom,0.96,1,1,3,0
12935,Campeões,2,7,2160.70,80,319,308.67,264.71,United Kingdom,0.89,3,3,2,0
12936,Novos Clientes,17,4,1063.90,56,78,265.98,139.75,United Kingdom,1.00,0,2,3,0
12937,Clientes Leais,15,4,1504.27,81,267,376.07,251.75,United Kingdom,0.99,1,1,3,0
12938,Novos Clientes,26,1,114.14,9,26,114.14,140.00,United Kingdom,1.00,0,2,0,0
12939,Clientes Leais,64,8,11581.80,21,335,1447.72,609.50,United Kingdom,1.00,1,1,2,-1
12940,Novos Clientes,55,2,913.54,87,88,456.77,205.50,United Kingdom,1.00,0,2,3,0
12942,Clientes Leais,131,3,683.90,68,366,227.97,67.67,United Kingdom,0.73,1,0,3,0
12944,Clientes Leais,36,2,604.51,29,355,302.25,144.50,United Kingdom,0.80,1,0,2,0
12945,Perdidos / Inativos,288,1,462.95,23,288,462.95,165.00,United Kingdom,1.00,2,0,1,0
12947,Clientes Leais,144,6,1603.99,83,373,267.33,194.17,United Kingdom,0.71,1,1,3,0
12948,Campeões,16,7,2064.95,82,265,294.99,154.29,United Kingdom,0.99,3,1,3,0
12949,Campeões,31,8,4167.22,166,252,520.90,297.62,United Kingdom,1.00,3,1,3,0
12950,Novos Clientes,2,3,1843.00,13,24,614.33,460.00,United Kingdom,1.00,0,1,3,-1
12951,Clientes Leais,9,6,1064.07,53,331,177.34,83.83,United Kingdom,0.77,1,1,2,0
12952,Novos Clientes,6,4,1387.79,64,78,346.95,163.25,United Kingdom,1.00,0,1,3,0
12953,Novos Clientes,10,1,329.85,17,10,329.85,84.00,United Kingdom,1.00,0,2,0,0
12955,Campeões,1,11,4757.16,81,268,432.47,333.09,United Kingdom,0.71,3,3,3,0
12956,Perdidos / Inativos,306,1,108.07,19,306,108.07,34.00,United Kingdom,1.00,2,0,1,0
12957,Campeões,10,8,4017.54,208,340,502.19,318.62,United Kingdom,0.82,3,3,2,0
12962,Novos Clientes,7,2,266.39,15,113,133.19,64.50,United Kingdom,1.00,0,0,3,0
12963,Campeões,8,8,1856.63,75,366,232.08,110.12,United Kingdom,0.94,3,3,2,0
12965,Novos Clientes,89,1,771.91,108,89,771.91,283.00,United Kingdom,1.00,0,2,0,0
12966,Novos Clientes,10,1,160.18,10,10,160.18,75.00,United Kingdom,1.00,0,2,0,0
12967,Perdidos / Inativos,358,2,1660.90,19,372,830.45,219.00,United Kingdom,0.56,2,0,3,0
12968,Perdidos / Inativos,112,1,135.95,5,112,135.95,73.00,United Kingdom,0.99,2,2,0,0
12970,Clientes Leais,7,4,452.24,116,322,113.06,77.50,United Kingdom,0.85,1,1,2,0
12971,Campeões,4,86,11189.91,94,372,130.12,108.01,United Kingdom,1.00,3,3,2,-1
12974,Perdidos / Inativos,198,1,144.80,8,198,144.80,24.00,United Kingdom,1.00,2,0,1,0
12976,Perdidos / Inativos,212,1,738.60,22,212,738.60,561.00,United Kingdom,1.00,2,0,1,0
12977,Perdidos / Inativos,156,1,39.24,9,156,39.24,12.00,United Kingdom,1.00,2,2,1,0
12980,Clientes Leais,158,9,7374.90,6,359,819.43,98.44,United Kingdom,1.00,1,1,2,-1
12981,Novos Clientes,30,2,372.22,12,133,186.11,121.00,United Kingdom,1.00,0,2,3,0
12982,Perdidos / Inativos,243,1,390.54,28,243,390.54,288.00,United Kingdom,1.00,2,0,1,0
12984,Novos Clientes,19,1,97.50,4,19,97.50,26.00,United Kingdom,1.00,0,2,0,0
12985,Novos Clientes,1,2,1239.38,73,29,619.69,766.50,United Kingdom,1.00,0,1,3,0
12987,Clientes Leais,74,2,558.70,27,198,279.35,109.50,United Kingdom,1.00,1,0,3,0
12988,Perdidos / Inativos,292,1,535.32,75,292,535.32,136.00,United Kingdom,1.00,2,0,1,0
12989,Campeões,3,15,6924.11,41,364,461.61,196.20,United Kingdom,1.00,3,3,2,0
12990,Perdidos / Inativos,31,3,409.50,8,310,136.50,66.67,United Kingdom,0.67,2,0,3,0
12991,Novos Clientes,23,2,503.76,31,112,251.88,202.50,United Kingdom,1.00,0,2,3,0
12993,Clientes Leais,23,4,414.76,26,298,103.69,60.00,United Kingdom,0.89,1,1,3,0
12994,Clientes Leais,4,3,974.42,52,269,324.81,153.00,United Kingdom,0.97,1,1,3,0
12995,Novos Clientes,85,1,211.32,3,85,211.32,108.00,United Kingdom,1.00,0,2,0,0
12997,Clientes Leais,22,4,1226.89,45,317,306.72,166.00,United Kingdom,0.60,1,1,3,0
12999,Perdidos / Inativos,196,3,455.88,25,246,151.96,114.00,United Kingdom,1.00,2,0,3,0
13000,Clientes Leais,107,3,534.85,30,365,178.28,126.33,United Kingdom,0.70,1,0,3,0
13001,Campeões,4,13,9818.82,166,327,755.29,423.46,United Kingdom,0.98,3,3,2,0
13002,Perdidos / Inativos,318,1,120.95,7,318,120.95,73.00,United Kingdom,1.00,2,0,1,0
13003,Perdidos / Inativos,106,3,149.05,4,215,49.68,34.33,United Kingdom,1.00,2,0,3,0
13004,Campeões,12,18,5655.91,277,358,314.22,267.89,United Kingdom,1.00,3,3,2,0
13005,Perdidos / Inativos,174,2,513.70,21,246,256.85,86.00,United Kingdom,1.00,2,0,3,0
13006,Novos Clientes,56,1,81.57,4,56,81.57,55.00,United Kingdom,1.00,0,2,0,0
13008,Perdidos / Inativos,323,1,229.47,14,323,229.47,175.00,United Kingdom,1.00,2,0,1,0
13011,Perdidos / Inativos,372,1,50.55,3,372,50.55,13.00,United Kingdom,1.00,2,0,1,0
13012,Campeões,9,8,1661.84,67,295,207.73,103.00,United Kingdom,0.66,3,1,3,0
13013,Campeões,1,13,4810.94,155,372,370.07,171.08,United Kingdom,1.00,3,3,2,0
13014,Campeões,11,10,3466.28,67,281,346.63,90.50,United Kingdom,0.66,3,3,3,0
13015,Clientes Leais,53,5,3346.28,156,249,669.26,323.40,United Kingdom,1.00,1,1,3,0
13016,Novos Clientes,73,3,789.89,39,123,263.30,175.67,United Kingdom,1.00,0,2,3,0
13017,Novos Clientes,7,1,204.00,1,7,204.00,48.00,United Kingdom,0.97,0,2,0,0
13018,Campeões,16,28,7277.70,313,296,259.92,194.11,United Kingdom,1.00,3,3,2,0
13021,Campeões,4,9,2616.38,101,359,290.71,150.22,United Kingdom,0.97,3,3,2,0
13023,Novos Clientes,64,2,599.90,35,130,299.95,140.00,United Kingdom,1.00,0,2,3,0
13026,Campeões,1,5,975.36,32,276,195.07,324.00,United Kingdom,0.86,3,1,3,0
13027,Clientes Leais,114,6,6912.00,6,355,1152.00,2880.00,United Kingdom,1.00,1,1,2,-1
13028,Novos Clientes,23,2,661.32,40,45,330.66,399.00,United Kingdom,1.00,0,2,3,0
13029,Clientes Leais,31,3,1247.50,8,353,415.83,44.67,United Kingdom,0.96,1,1,2,0
13030,Clientes Leais,11,2,799.48,76,368,399.74,197.00,United Kingdom,0.98,1,1,2,0
13032,Novos Clientes,52,2,1010.18,55,87,505.09,187.50,United Kingdom,1.00,0,2,3,0
13033,Perdidos / Inativos,357,1,190.55,11,357,190.55,83.00,United Kingdom,1.00,2,0,1,0
13034,Clientes Leais,55,2,642.77,37,369,321.38,184.50,United Kingdom,0.68,1,1,2,0
13035,Clientes Leais,74,2,921.88,23,261,460.94,322.00,United Kingdom,0.99,1,0,3,0
13037,Clientes Leais,138,3,881.07,44,256,293.69,143.67,United Kingdom,1.00,1,0,3,0
13038,Clientes Leais,80,3,908.46,24,291,302.82,120.00,United Kingdom,0.94,1,0,3,0
13040,Novos Clientes,9,2,676.99,38,33,338.50,177.50,United Kingdom,1.00,0,2,3,0
13043,Perdidos / Inativos,273,1,516.42,13,273,516.42,254.00,United Kingdom,1.00,2,0,1,0
13044,Perdidos / Inativos,291,1,560.47,33,291,560.47,429.00,United Kingdom,1.00,2,0,1,0
13045,Novos Clientes,99,1,305.28,18,99,305.28,221.00,United Kingdom,1.00,0,2,0,0
13046,Clientes Leais,31,2,629.31,33,266,314.65,132.00,United Kingdom,0.99,1,0,3,0
13047,Campeões,57,9,3232.59,105,374,359.18,154.44,United Kingdom,0.73,3,1,2,0
13048,Clientes Leais,14,4,1835.91,77,327,458.98,309.50,United Kingdom,0.62,1,1,2,0
13049,Perdidos / Inativos,64,2,656.68,14,318,328.34,134.00,United Kingdom,0.52,2,0,2,0
13050,Campeões,15,17,5833.11,245,367,343.12,220.41,United Kingdom,1.00,3,3,2,0
13052,Perdidos / Inativos,212,1,348.15,18,212,348.15,222.00,United Kingdom,1.00,2,0,1,0
13055,Clientes Leais,78,3,1214.41,74,214,404.80,298.00,United Kingdom,1.00,1,1,3,0
13058,Novos Clientes,25,3,271.40,5,152,90.47,17.33,United Kingdom,1.00,0,0,3,0
13059,Perdidos / Inativos,250,1,183.40,8,250,183.40,35.00,United Kingdom,1.00,2,0,1,0
13060,Perdidos / Inativos,254,1,307.53,15,254,307.53,123.00,United Kingdom,1.00,2,0,1,0
13061,Novos Clientes,72,1,248.61,10,72,248.61,107.00,United Kingdom,1.00,0,2,0,0
13062,Perdidos / Inativos,191,1,346.98,11,191,346.98,343.00,United Kingdom,1.00,2,0,1,0
13064,Clientes Leais,13,4,1119.49,51,327,279.87,129.00,United Kingdom,0.64,1,1,2,0
13065,Perdidos / Inativos,373,1,205.86,14,373,205.86,74.00,United Kingdom,1.00,2,0,1,0
13066,Novos Clientes,24,2,470.80,48,32,235.40,161.00,United Kingdom,1.00,0,2,3,0
13067,Novos Clientes,82,1,115.46,14,82,115.46,32.00,United Kingdom,1.00,0,2,0,0
13068,Perdidos / Inativos,10,2,344.00,1,320,172.00,100.00,United Kingdom,0.99,2,0,2,-1
13069,Campeões,1,24,4436.12,281,370,184.84,245.21,United Kingdom,1.00,3,3,2,0
13070,Perdidos / Inativos,192,1,228.80,9,192,228.80,110.00,United Kingdom,1.00,2,0,1,0
13072,Perdidos / Inativos,267,1,177.15,7,267,177.15,69.00,United Kingdom,1.00,2,0,1,0
13075,Novos Clientes,130,1,919.61,22,130,919.61,485.00,United Kingdom,0.98,0,0,1,0
13077,Campeões,1,4,729.27,99,366,182.32,215.75,United Kingdom,1.00,3,1,2,0
13078,Campeões,3,26,12627.94,95,367,485.69,216.54,United Kingdom,1.00,3,3,2,0
13079,Novos Clientes,4,5,220.10,2,140,44.02,12.40,United Kingdom,1.00,0,0,3,-1
13080,Perdidos / Inativos,179,1,58.08,6,179,58.08,120.00,United Kingdom,1.00,2,2,1,0
13081,Campeões,12,11,28337.38,503,371,2576.13,1733.45,United Kingdom,0.91,3,3,2,-1
13082,Clientes Leais,126,9,3613.63,63,338,401.51,480.44,United Kingdom,0.82,1,1,2,0
13083,Novos Clientes,4,2,303.75,15,76,151.88,93.50,United Kingdom,1.00,0,2,3,0
13085,Perdidos / Inativos,158,2,416.08,17,295,208.04,108.00,United Kingdom,0.95,2,0,3,0
13089,Campeões,3,97,58825.83,636,370,606.45,320.31,United Kingdom,1.00,3,3,2,-1
13090,Campeões,9,13,8895.82,97,373,684.29,174.00,United Kingdom,0.99,3,3,2,0
13091,Novos Clientes,28,1,345.82,21,28,345.82,466.00,United Kingdom,1.00,0,2,0,0
13092,Clientes Leais,71,5,477.83,19,360,95.57,55.80,United Kingdom,0.54,1,0,3,0
13093,Clientes Leais,276,8,7832.47,97,373,979.06,495.12,United Kingdom,0.52,1,1,2,0
13094,Clientes Leais,21,12,1927.32,4,369,160.61,143.00,United Kingdom,1.00,1,1,2,-1
13095,Novos Clientes,71,1,74.40,6,71,74.40,144.00,United Kingdom,1.00,0,2,0,0
13097,Campeões,33,10,6010.42,214,360,601.04,236.30,United Kingdom,0.83,3,3,2,0
13098,Campeões,1,28,28882.44,156,317,1031.52,570.29,United Kingdom,1.00,3,3,2,0
13099,Perdidos / Inativos,99,1,207.36,1,99,207.36,288.00,United Kingdom,1.00,2,0,0,0
13101,Perdidos / Inativos,234,1,101.19,8,234,101.19,113.00,United Kingdom,1.00,2,0,1,0
13102,Campeões,1,24,6424.09,140,365,267.67,175.17,United Kingdom,1.00,3,3,2,0
13103,Novos Clientes,40,1,243.94,8,40,243.94,82.00,United Kingdom,1.00,0,2,0,0
13104,Clientes Leais,3,6,1098.48,14,355,183.08,84.00,United Kingdom,0.99,1,1,2,0
13106,Perdidos / Inativos,133,1,76.50,1,133,76.50,18.00,United Kingdom,1.00,2,2,1,0
13107,Clientes Leais,44,4,1531.62,54,334,382.91,323.25,United Kingdom,0.58,1,1,3,0
13108,Perdidos / Inativos,373,1,350.06,10,373,350.06,298.00,United Kingdom,1.00,2,0,1,0
13109,Novos Clientes,60,2,786.54,41,157,393.27,260.00,United Kingdom,1.00,0,2,3,0
13110,Clientes Leais,31,7,1488.67,109,311,212.67,55.43,United Kingdom,0.64,1,1,3,0
13113,Campeões,1,24,12245.96,95,366,510.25,126.88,United Kingdom,1.00,3,3,2,0
13115,Clientes Leais,12,4,2294.78,88,184,573.70,391.75,United Kingdom,1.00,1,1,3,0
13116,Novos Clientes,138,1,501.14,30,138,501.14,291.00,United Kingdom,1.00,0,0,1,0
13117,Clientes Leais,22,8,984.91,66,372,123.11,118.12,United Kingdom,0.89,1,1,2,0
13118,Clientes Leais,20,5,1197.81,68,289,239.56,82.00,United Kingdom,0.94,1,1,3,0
13120,Perdidos / Inativos,239,1,30.60,1,239,30.60,12.00,United Kingdom,1.00,2,0,1,0
13121,Perdidos / Inativos,269,1,283.73,50,269,283.73,252.00,United Kingdom,1.00,2,0,1,0
13122,Clientes Leais,94,2,922.39,54,240,461.19,292.50,United Kingdom,1.00,1,0,3,0
13124,Clientes Leais,90,3,3866.33,185,359,1288.78,715.67,United Kingdom,0.72,1,1,3,0
13126,Campeões,5,8,2099.64,124,367,262.45,267.88,United Kingdom,0.96,3,3,2,0
13127,Novos Clientes,78,1,259.17,15,78,259.17,127.00,United Kingdom,1.00,0,2,0,0
13130,Perdidos / Inativos,94,1,64.00,2,94,64.00,32.00,United Kingdom,1.00,2,2,0,0
13131,Clientes Leais,23,3,1073.30,30,188,357.77,149.00,United Kingdom,1.00,1,1,3,0
13132,Perdidos / Inativos,262,1,77.30,3,262,77.30,20.00,United Kingdom,1.00,2,0,1,0
13133,Perdidos / Inativos,274,2,109.80,7,304,54.90,16.00,United Kingdom,0.96,2,0,3,0
13134,Clientes Leais,86,4,1793.58,94,240,448.39,264.75,United Kingdom,1.00,1,1,3,0
13135,Perdidos / Inativos,197,1,3096.00,1,197,3096.00,4300.00,United Kingdom,1.00,2,0,1,-1
13136,Clientes Leais,56,5,2607.61,94,213,521.52,265.60,United Kingdom,1.00,1,1,3,0
13137,Campeões,11,8,3650.41,345,309,456.30,278.25,United Kingdom,0.59,3,3,3,0
13138,Clientes Leais,22,6,962.39,31,372,160.40,78.83,United Kingdom,0.77,1,1,2,0
13139,Campeões,16,7,5064.94,132,260,723.56,346.43,United Kingdom,0.99,3,3,3,0
13140,Clientes Leais,108,3,423.72,40,366,141.24,62.00,United Kingdom,0.67,1,0,3,0
13141,Clientes Leais,85,5,2388.75,113,315,477.75,309.60,United Kingdom,0.85,1,1,3,0
13142,Novos Clientes,19,1,307.09,23,19,307.09,258.00,United Kingdom,1.00,0,2,0,0
13144,Perdidos / Inativos,333,1,110.95,3,333,110.95,21.00,United Kingdom,1.00,2,0,1,0
13145,Perdidos / Inativos,40,4,618.52,5,372,154.63,36.25,United Kingdom,0.77,2,1,2,0
13146,Novos Clientes,26,1,228.91,16,26,228.91,154.00,United Kingdom,1.00,0,2,0,0
13147,Novos Clientes,10,4,712.80,1,100,178.20,36.00,United Kingdom,1.00,0,0,3,-1
13148,Campeões,29,12,3707.12,231,364,308.93,164.58,United Kingdom,0.95,3,3,2,0
13149,Clientes Leais,14,4,1676.06,76,289,419.01,320.00,United Kingdom,0.92,1,1,3,0
13151,Clientes Leais,296,1,1257.87,73,296,1257.87,363.00,United Kingdom,1.00,1,0,1,0
13153,Novos Clientes,6,1,486.22,15,6,486.22,418.00,United Kingdom,0.51,0,2,3,0
13155,Clientes Leais,33,4,971.76,67,369,242.94,124.25,United Kingdom,0.59,1,1,2,0
13157,Clientes Leais,49,4,1741.22,69,298,435.31,359.75,United Kingdom,0.92,1,1,3,0
13158,Clientes Leais,95,4,1201.06,59,319,300.26,196.00,United Kingdom,0.84,1,0,3,0
13159,Clientes Leais,9,4,1437.85,114,116,359.46,264.75,United Kingdom,1.00,1,1,3,0
13160,Novos Clientes,22,1,91.80,4,22,91.80,56.00,United Kingdom,1.00,0,2,0,0
13161,Perdidos / Inativos,313,1,112.75,8,313,112.75,29.00,United Kingdom,1.00,2,0,1,0
13162,Clientes Leais,122,4,1688.29,74,335,422.07,428.25,United Kingdom,0.79,1,1,3,0
13165,Clientes Leais,46,2,1021.48,40,351,510.74,688.00,United Kingdom,0.77,1,1,2,0
13166,Perdidos / Inativos,283,1,417.20,39,283,417.20,216.00,United Kingdom,1.00,2,0,1,0
13167,Clientes Leais,19,4,779.33,50,144,194.83,193.25,United Kingdom,1.00,1,1,3,0
13168,Clientes Leais,36,4,1319.19,102,318,329.80,170.50,United Kingdom,0.76,1,1,3,0
13169,Perdidos / Inativos,64,2,712.88,11,252,356.44,136.00,United Kingdom,1.00,2,0,3,0
13170,Novos Clientes,27,1,116.01,29,27,116.01,147.00,United Kingdom,1.00,0,2,0,0
13171,Clientes Leais,22,3,468.41,37,299,156.14,76.33,United Kingdom,0.87,1,1,3,0
13173,Clientes Leais,4,2,353.65,41,367,176.82,138.50,United Kingdom,1.00,1,1,2,0
13174,Clientes Leais,16,3,2813.03,227,369,937.68,464.67,United Kingdom,0.82,1,1,2,0
13176,Novos Clientes,46,1,492.84,66,46,492.84,453.00,United Kingdom,1.00,0,2,0,0
13177,Novos Clientes,65,1,282.45,17,65,282.45,91.00,United Kingdom,1.00,0,2,0,0
13178,Campeões,26,11,5725.47,95,361,520.50,324.55,United Kingdom,0.95,3,3,2,0
13182,Novos Clientes,45,1,121.18,11,45,121.18,201.00,United Kingdom,1.00,0,2,0,0
13183,Campeões,8,9,3957.78,51,335,439.75,245.33,United Kingdom,0.96,3,3,2,0
13184,Campeões,15,10,1700.29,137,290,170.03,169.10,United Kingdom,0.62,3,1,3,0
13185,Perdidos / Inativos,268,1,71.40,1,268,71.40,12.00,United Kingdom,1.00,2,0,1,0
13186,Clientes Leais,40,3,1575.89,69,129,525.30,273.33,United Kingdom,1.00,1,1,3,0
13187,Perdidos / Inativos,337,1,236.02,37,337,236.02,95.00,United Kingdom,1.00,2,0,1,0
13188,Novos Clientes,11,1,114.60,2,11,114.60,25.00,United Kingdom,1.00,0,2,0,0
13189,Novos Clientes,19,2,260.68,29,115,130.34,421.00,United Kingdom,1.00,0,2,3,0
13192,Clientes Leais,95,2,911.94,57,205,455.97,297.50,United Kingdom,1.00,1,0,3,0
13193,Novos Clientes,61,1,117.88,22,61,117.88,50.00,United Kingdom,1.00,0,2,0,0
13194,Perdidos / Inativos,136,1,60.70,3,136,60.70,26.00,United Kingdom,1.00,2,2,1,0
13196,Clientes Leais,11,4,1797.78,97,262,449.44,306.00,United Kingdom,1.00,1,1,3,0
13198,Campeões,10,6,3401.24,199,362,566.87,441.33,United Kingdom,0.83,3,1,2,0
13199,Campeões,4,37,9802.12,47,367,264.92,166.89,United Kingdom,1.00,3,3,2,0
13200,Clientes Leais,19,4,870.09,42,126,217.52,129.00,United Kingdom,1.00,1,1,3,0
13203,Clientes Leais,10,4,869.46,56,242,217.37,200.00,United Kingdom,1.00,1,1,3,0
13207,Novos Clientes,15,2,250.26,7,151,125.13,65.00,United Kingdom,1.00,0,0,3,0
13208,Clientes Leais,59,5,1199.42,123,309,239.88,153.60,United Kingdom,0.86,1,1,3,0
13209,Campeões,30,8,5891.61,255,362,736.45,531.62,United Kingdom,0.66,3,3,2,0
13210,Novos Clientes,94,1,353.48,22,94,353.48,316.00,United Kingdom,1.00,0,2,0,0
13211,Clientes Leais,10,3,1197.42,45,361,399.14,291.33,United Kingdom,0.94,1,1,2,0
13212,Novos Clientes,20,3,788.08,128,61,262.69,103.33,United Kingdom,1.00,0,1,3,0
13213,Clientes Leais,57,5,1520.58,82,200,304.12,272.00,United Kingdom,1.00,1,1,3,0
13216,Perdidos / Inativos,268,1,333.74,5,268,333.74,297.00,United Kingdom,1.00,2,0,1,0
13217,Perdidos / Inativos,122,3,533.98,3,157,177.99,87.33,United Kingdom,1.00,2,0,3,0
13218,Perdidos / Inativos,127,1,62.64,5,127,62.64,88.00,United Kingdom,0.96,2,2,1,0
13220,Clientes Leais,78,4,819.29,18,237,204.82,49.00,United Kingdom,1.00,1,0,3,0
13221,Clientes Leais,240,2,844.86,61,359,422.43,121.50,United Kingdom,0.78,1,0,3,0
13223,Perdidos / Inativos,200,2,163.20,5,232,81.60,44.00,United Kingdom,1.00,2,0,3,0
13224,Clientes Leais,60,2,2152.95,100,151,1076.47,757.50,United Kingdom,1.00,1,1,3,0
13225,Campeões,3,7,6463.84,23,362,923.41,488.00,United Kingdom,1.00,3,3,2,0
13226,Perdidos / Inativos,273,1,108.21,16,273,108.21,80.00,United Kingdom,1.00,2,0,1,0
13227,Perdidos / Inativos,202,1,257.70,9,202,257.70,99.00,United Kingdom,1.00,2,0,1,0
13228,Novos Clientes,81,1,358.00,2,81,358.00,200.00,United Kingdom,1.00,0,0,0,0
13229,Perdidos / Inativos,226,1,160.95,10,226,160.95,63.00,United Kingdom,1.00,2,0,1,0
13230,Campeões,4,14,2806.97,393,365,200.50,118.93,United Kingdom,1.00,3,3,2,0
13232,Campeões,13,7,1357.00,146,243,193.86,110.86,United Kingdom,1.00,3,1,3,0
13233,Clientes Leais,74,2,605.12,43,336,302.56,502.00,United Kingdom,0.54,1,1,3,0
13235,Clientes Leais,212,1,1031.07,53,212,1031.07,441.00,United Kingdom,1.00,1,0,1,0
13236,Novos Clientes,25,2,744.85,34,107,372.43,208.00,United Kingdom,1.00,0,2,3,0
13238,Clientes Leais,17,4,700.73,20,360,175.18,74.50,United Kingdom,0.81,1,1,2,0
13239,Perdidos / Inativos,262,1,329.56,21,262,329.56,327.00,United Kingdom,1.00,2,0,1,0
13240,Clientes Leais,96,4,648.70,58,366,162.18,74.25,United Kingdom,0.66,1,1,3,0
13242,Perdidos / Inativos,112,3,270.40,12,214,90.13,43.33,United Kingdom,1.00,2,0,3,0
13243,Perdidos / Inativos,203,1,600.07,56,203,600.07,233.00,United Kingdom,1.00,2,0,1,0
13244,Novos Clientes,93,1,121.74,27,93,121.74,38.00,United Kingdom,1.00,0,0,0,0
13245,Novos Clientes,51,1,430.50,16,51,430.50,125.00,United Kingdom,1.00,0,2,0,0
13246,Campeões,18,6,1987.30,110,330,331.22,267.00,United Kingdom,0.58,3,1,2,0
13247,Novos Clientes,18,4,501.12,18,83,125.28,82.00,United Kingdom,1.00,0,2,3,0
13248,Perdidos / Inativos,125,2,465.68,25,189,232.84,152.50,United Kingdom,1.00,2,0,3,0
13249,Clientes Leais,92,3,711.41,21,261,237.14,182.00,United Kingdom,1.00,1,0,3,0
13253,Clientes Leais,157,2,1030.40,35,339,515.20,786.00,United Kingdom,0.62,1,0,3,0
13255,Clientes Leais,9,2,399.51,13,374,199.75,88.50,United Kingdom,0.98,1,0,2,0
13258,Clientes Leais,12,3,698.58,28,205,232.86,95.67,United Kingdom,1.00,1,1,3,0
13259,Novos Clientes,62,1,292.32,77,62,292.32,132.00,United Kingdom,1.00,0,2,0,0
13260,Novos Clientes,61,1,557.62,8,61,557.62,142.00,United Kingdom,1.00,0,2,0,0
13261,Perdidos / Inativos,269,2,944.10,8,286,472.05,105.00,United Kingdom,0.77,2,0,3,0
13262,Perdidos / Inativos,263,1,200.29,11,263,200.29,125.00,United Kingdom,1.00,2,0,1,0
13263,Campeões,1,34,7428.85,448,325,218.50,140.38,United Kingdom,1.00,3,3,2,0
13265,Clientes Leais,53,5,2107.66,66,274,421.53,350.40,United Kingdom,0.99,1,1,3,0
13266,Campeões,11,12,3834.26,82,257,319.52,369.00,United Kingdom,0.93,3,3,3,0
13267,Campeões,3,19,4521.49,88,367,237.97,103.63,United Kingdom,1.00,3,3,2,0
13268,Campeões,18,10,3192.65,256,267,319.26,358.20,United Kingdom,0.97,3,3,3,0
13269,Campeões,1,15,5346.23,177,370,356.42,234.27,United Kingdom,1.00,3,3,2,0
13270,Perdidos / Inativos,366,1,590.00,1,366,590.00,200.00,United Kingdom,1.00,2,0,1,0
13271,Novos Clientes,37,1,217.38,79,37,217.38,253.00,United Kingdom,1.00,0,2,0,0
13272,Novos Clientes,31,2,276.56,15,90,138.28,48.00,United Kingdom,1.00,0,2,3,0
13273,Novos Clientes,113,1,138.98,16,113,138.98,153.00,United Kingdom,0.98,0,0,0,0
13276,Novos Clientes,64,2,590.93,30,100,295.47,80.50,United Kingdom,1.00,0,2,3,0
13277,Novos Clientes,16,4,258.40,5,134,64.60,44.00,United Kingdom,1.00,0,0,3,0
13278,Novos Clientes,41,1,542.73,46,41,542.73,537.00,United Kingdom,1.00,0,2,0,0
13279,Novos Clientes,78,1,137.75,9,78,137.75,73.00,United Kingdom,1.00,0,2,0,0
13280,Clientes Leais,122,3,814.86,67,337,271.62,174.00,United Kingdom,0.78,1,0,3,0
13282,Clientes Leais,18,3,1132.14,29,221,377.38,102.33,United Kingdom,1.00,1,1,3,0
13283,Perdidos / Inativos,60,2,93.66,7,186,46.83,45.00,United Kingdom,1.00,2,2,3,0
13284,Perdidos / Inativos,331,1,201.19,13,331,201.19,91.00,United Kingdom,1.00,2,0,1,0
13285,Clientes Leais,23,4,2709.12,157,290,677.28,512.75,United Kingdom,0.95,1,1,3,0
13291,Perdidos / Inativos,156,1,361.11,41,156,361.11,233.00,United Kingdom,1.00,2,0,1,0
13292,Clientes Leais,39,2,578.94,29,284,289.47,173.50,United Kingdom,0.94,1,0,3,0
13294,Clientes Leais,190,2,873.74,48,250,436.87,226.50,United Kingdom,1.00,1,0,3,0
13295,Perdidos / Inativos,360,1,201.20,10,360,201.20,82.00,United Kingdom,1.00,2,0,1,0
13296,Perdidos / Inativos,137,1,87.40,5,137,87.40,78.00,United Kingdom,1.00,2,2,1,0
13297,Novos Clientes,8,4,2089.85,52,67,522.46,240.75,United Kingdom,1.00,0,1,3,0
13298,Novos Clientes,1,1,360.00,2,1,360.00,96.00,United Kingdom,1.00,0,2,3,-1
13299,Perdidos / Inativos,268,1,142.50,5,268,142.50,30.00,United Kingdom,1.00,2,0,1,0
13300,Perdidos / Inativos,169,1,371.89,20,169,371.89,203.00,United Kingdom,1.00,2,0,1,0
13301,Clientes Leais,104,4,600.19,74,292,150.05,85.75,United Kingdom,0.97,1,0,3,0
13302,Perdidos / Inativos,155,1,63.75,1,155,63.75,5.00,United Kingdom,1.00,2,2,1,0
13304,Perdidos / Inativos,351,1,300.42,21,351,300.42,238.00,United Kingdom,1.00,2,0,1,0
13305,Campeões,4,10,2000.86,50,373,200.09,123.20,United Kingdom,0.99,3,3,2,0
13307,Perdidos / Inativos,120,1,15.00,1,120,15.00,4.00,United Kingdom,0.57,2,2,0,0
13308,Clientes Leais,23,3,1385.51,49,203,461.84,281.00,United Kingdom,1.00,1,1,3,0
13309,Campeões,7,5,1456.79,82,309,291.36,308.80,United Kingdom,0.55,3,1,3,0
13310,Clientes Leais,28,3,1132.03,65,324,377.34,195.67,United Kingdom,0.56,1,1,3,0
13311,Novos Clientes,4,2,598.57,25,150,299.29,152.50,United Kingdom,1.00,0,0,3,0
13313,Clientes Leais,22,5,1555.32,47,340,311.06,170.20,United Kingdom,0.67,1,1,2,0
13314,Novos Clientes,2,3,775.94,55,74,258.65,186.67,United Kingdom,1.00,0,1,3,0
13316,Clientes Leais,37,4,5977.73,66,254,1494.43,1737.00,United Kingdom,0.99,1,1,3,0
13317,Clientes Leais,66,6,2273.68,100,359,378.95,172.50,United Kingdom,0.55,1,1,3,0
13318,Novos Clientes,1,3,640.76,14,37,213.59,101.33,United Kingdom,1.00,0,2,3,0
13319,Campeões,5,26,10845.55,209,366,417.14,181.69,United Kingdom,1.00,3,3,2,0
13320,Clientes Leais,78,4,1548.70,77,214,387.18,274.00,United Kingdom,1.00,1,1,3,0
13321,Novos Clientes,72,2,567.36,10,86,283.68,186.00,United Kingdom,1.00,0,2,3,0
13322,Novos Clientes,17,1,199.48,25,17,199.48,117.00,United Kingdom,1.00,0,2,0,0
13323,Novos Clientes,3,5,787.85,6,84,157.57,35.00,United Kingdom,1.00,0,1,3,-1
13324,Campeões,36,10,7121.95,25,361,712.19,520.50,United Kingdom,0.99,3,3,2,0
13325,Novos Clientes,82,1,675.30,12,82,675.30,240.00,United Kingdom,1.00,0,2,0,0
13327,Campeões,39,8,3627.77,74,365,453.47,200.00,United Kingdom,0.79,3,1,2,0
13328,Perdidos / Inativos,316,1,1308.48,17,316,1308.48,680.00,United Kingdom,1.00,2,0,1,0
13329,Clientes Leais,32,2,789.00,16,367,394.50,231.50,United Kingdom,0.91,1,0,2,0
13330,Clientes Leais,93,3,1140.93,37,316,380.31,250.33,United Kingdom,0.80,1,0,3,0
13332,Novos Clientes,14,1,350.90,21,14,350.90,179.00,United Kingdom,1.00,0,2,0,0
13334,Clientes Leais,82,3,3536.82,207,306,1178.94,591.33,United Kingdom,0.93,1,1,3,0
13336,Novos Clientes,77,1,795.12,51,77,795.12,559.00,United Kingdom,1.00,0,2,0,0
13338,Perdidos / Inativos,158,1,437.02,18,158,437.02,255.00,United Kingdom,1.00,2,0,1,0
13339,Perdidos / Inativos,201,1,860.12,54,201,860.12,326.00,United Kingdom,1.00,2,0,1,0
13340,Campeões,45,7,10736.48,128,277,1533.78,824.29,United Kingdom,0.86,3,1,3,0
13341,Perdidos / Inativos,261,1,775.85,42,261,775.85,301.00,United Kingdom,1.00,2,0,1,0
13343,Perdidos / Inativos,178,1,303.43,18,178,303.43,134.00,United Kingdom,1.00,2,0,1,0
13344,Clientes Leais,68,3,2543.72,115,278,847.91,323.67,United Kingdom,0.99,1,0,3,0
13345,Perdidos / Inativos,288,1,339.50,19,288,339.50,140.00,United Kingdom,1.00,2,0,1,0
13347,Novos Clientes,70,1,291.36,7,70,291.36,204.00,United Kingdom,1.00,0,2,0,0
13348,Novos Clientes,64,1,233.76,14,64,233.76,136.00,United Kingdom,1.00,0,2,0,0
13349,Novos Clientes,11,1,197.32,15,11,197.32,224.00,United Kingdom,1.00,0,2,0,0
13350,Novos Clientes,16,2,879.12,35,79,439.56,142.50,United Kingdom,1.00,0,2,3,0
13351,Novos Clientes,66,1,323.94,15,66,323.94,116.00,United Kingdom,1.00,0,2,0,0
13352,Novos Clientes,60,1,347.98,23,60,347.98,320.00,United Kingdom,1.00,0,2,0,0
13354,Novos Clientes,71,1,743.53,51,71,743.53,604.00,United Kingdom,1.00,0,2,0,0
13355,Novos Clientes,122,1,674.70,32,122,674.70,314.00,United Kingdom,0.62,0,2,1,0
13356,Novos Clientes,80,1,768.24,42,80,768.24,325.00,United Kingdom,1.00,0,2,0,0
13357,Perdidos / Inativos,257,1,609.95,85,257,609.95,322.00,United Kingdom,1.00,2,0,1,0
13358,Perdidos / Inativos,269,1,389.03,28,269,389.03,284.00,United Kingdom,1.00,2,0,1,0
13359,Novos Clientes,64,1,389.56,22,64,389.56,160.00,United Kingdom,1.00,0,2,0,0
13362,Campeões,9,4,3090.74,128,288,772.69,345.50,United Kingdom,0.89,3,1,3,0
13363,Novos Clientes,18,2,892.50,46,44,446.25,354.00,United Kingdom,1.00,0,2,3,0
13364,Novos Clientes,71,1,134.96,10,71,134.96,71.00,United Kingdom,1.00,0,2,0,0
13365,Clientes Leais,34,2,2225.37,122,218,1112.68,623.50,United Kingdom,1.00,1,1,3,0
13366,Novos Clientes,50,1,56.16,1,50,56.16,144.00,United Kingdom,1.00,0,2,0,0
13368,Perdidos / Inativos,257,2,573.40,28,338,286.70,163.00,United Kingdom,0.79,2,0,3,0
13369,Perdidos / Inativos,366,1,258.28,13,366,258.28,148.00,United Kingdom,1.00,2,0,1,0
13370,Perdidos / Inativos,372,1,754.87,39,372,754.87,343.00,United Kingdom,1.00,2,0,1,0
13372,Novos Clientes,90,1,328.64,22,90,328.64,158.00,United Kingdom,1.00,0,2,0,0
13373,Clientes Leais,61,3,3312.25,135,276,1104.08,550.33,United Kingdom,0.99,1,0,3,0
13375,Novos Clientes,89,1,778.65,37,89,778.65,442.00,United Kingdom,1.00,0,2,0,0
13376,Clientes Leais,99,3,869.76,44,234,289.92,163.33,United Kingdom,1.00,1,0,3,0
13379,Clientes Leais,26,3,572.56,85,137,190.85,200.33,United Kingdom,1.00,1,1,3,0
13381,Clientes Leais,32,6,3639.31,77,299,606.55,338.17,United Kingdom,0.76,1,1,3,0
13382,Perdidos / Inativos,281,1,222.99,15,281,222.99,131.00,United Kingdom,1.00,2,0,1,0
13384,Campeões,31,7,4151.93,123,179,593.13,346.00,United Kingdom,1.00,3,1,3,0
13385,Perdidos / Inativos,330,1,534.57,35,330,534.57,281.00,United Kingdom,1.00,2,0,1,0
13388,Novos Clientes,131,2,677.10,35,131,338.55,141.00,United Kingdom,1.00,0,0,3,0
13389,Clientes Leais,11,3,797.96,50,233,265.99,143.00,United Kingdom,1.00,1,1,3,0
13390,Novos Clientes,75,1,544.08,13,75,544.08,224.00,United Kingdom,1.00,0,2,0,0
13391,Perdidos / Inativos,204,1,59.80,1,204,59.80,4.00,United Kingdom,1.00,2,2,1,0
13394,Campeões,2,8,2520.02,124,310,315.00,299.00,United Kingdom,0.80,3,3,2,0
13395,Perdidos / Inativos,185,1,307.72,21,185,307.72,336.00,United Kingdom,1.00,2,0,1,0
13396,Clientes Leais,29,2,1360.99,42,319,680.50,300.00,United Kingdom,0.74,1,1,2,0
13397,Clientes Leais,73,5,1544.13,28,339,308.83,86.00,United Kingdom,0.53,1,0,2,0
13398,Perdidos / Inativos,192,1,457.34,26,192,457.34,281.00,United Kingdom,1.00,2,0,1,0
13402,Clientes Leais,127,2,621.23,32,372,310.62,239.50,United Kingdom,0.63,1,0,3,0
13403,Novos Clientes,18,1,75.00,3,18,75.00,44.00,United Kingdom,1.00,0,2,0,0
13404,Novos Clientes,1,2,252.49,11,213,126.25,55.50,United Kingdom,1.00,0,0,3,-1
13405,Perdidos / Inativos,204,2,557.45,24,318,278.73,81.50,United Kingdom,0.84,2,0,3,0
13408,Campeões,2,62,28117.04,234,374,453.50,261.81,United Kingdom,1.00,3,3,2,-1
13410,Clientes Leais,24,5,1003.06,15,291,200.61,103.60,United Kingdom,0.81,1,1,3,0
13411,Novos Clientes,107,1,213.55,17,107,213.55,72.00,United Kingdom,1.00,0,0,0,0
13414,Clientes Leais,134,3,1390.50,23,297,463.50,524.67,United Kingdom,0.86,1,0,3,0
13416,Novos Clientes,44,2,712.50,11,81,356.25,71.00,United Kingdom,1.00,0,2,3,0
13417,Novos Clientes,5,2,640.83,26,205,320.42,81.00,United Kingdom,1.00,0,0,3,0
13418,Campeões,12,18,6127.43,223,373,340.41,217.67,United Kingdom,1.00,3,3,2,0
13419,Novos Clientes,64,1,221.06,16,64,221.06,275.00,United Kingdom,1.00,0,2,0,0
13420,Perdidos / Inativos,150,2,159.85,8,171,79.92,50.50,United Kingdom,1.00,2,0,3,0
13421,Clientes Leais,40,2,1840.58,87,290,920.29,578.00,United Kingdom,0.87,1,1,3,0
13422,Novos Clientes,64,1,2626.30,127,64,2626.30,1326.00,United Kingdom,1.00,0,1,0,0
13425,Clientes Leais,108,3,1624.21,66,295,541.40,374.33,United Kingdom,0.95,1,0,3,0
13426,Campeões,1,10,3641.32,103,360,364.13,224.50,United Kingdom,0.99,3,3,2,0
13427,Clientes Leais,19,3,582.60,25,215,194.20,181.67,United Kingdom,1.00,1,0,3,0
13428,Novos Clientes,10,1,218.47,70,10,218.47,156.00,United Kingdom,1.00,0,2,0,0
13429,Novos Clientes,11,4,1006.80,55,75,251.70,347.50,United Kingdom,1.00,0,2,3,0
13430,Novos Clientes,19,2,679.45,48,86,339.73,375.50,United Kingdom,1.00,0,2,3,0
13431,Novos Clientes,67,2,1269.10,44,89,634.55,336.00,United Kingdom,1.00,0,2,3,0
13434,Novos Clientes,74,2,534.24,9,97,267.12,150.00,United Kingdom,1.00,0,2,3,0
13435,Campeões,5,7,3809.89,68,189,544.27,304.14,United Kingdom,1.00,3,1,3,0
13436,Novos Clientes,2,1,196.89,12,2,196.89,76.00,United Kingdom,1.00,0,2,3,0
13437,Campeões,14,7,3408.06,143,190,486.87,183.29,United Kingdom,1.00,3,3,3,0
13439,Perdidos / Inativos,255,1,283.71,54,255,283.71,242.00,United Kingdom,1.00,2,0,1,0
13441,Novos Clientes,92,1,296.64,13,92,296.64,204.00,United Kingdom,1.00,0,0,0,0
13447,Novos Clientes,23,3,1129.14,55,36,376.38,194.67,United Kingdom,1.00,0,2,3,0
13448,Campeões,17,6,3539.37,137,374,589.89,276.67,United Kingdom,0.73,3,1,2,0
13449,Novos Clientes,24,1,291.88,19,24,291.88,222.00,United Kingdom,1.00,0,2,0,0
13450,Clientes Leais,27,6,2043.72,32,218,340.62,330.33,United Kingdom,1.00,1,1,3,0
13451,Campeões,26,5,2976.15,315,334,595.23,429.80,United Kingdom,0.61,3,1,3,0
13452,Perdidos / Inativos,259,2,590.00,1,271,295.00,1.00,United Kingdom,0.51,2,0,3,0
13453,Perdidos / Inativos,166,2,356.98,16,290,178.49,67.00,United Kingdom,0.97,2,0,3,0
13455,Clientes Leais,25,2,1058.34,42,366,529.17,177.00,United Kingdom,0.91,1,1,2,0
13456,Clientes Leais,18,6,1766.72,43,207,294.45,127.50,United Kingdom,1.00,1,1,3,0
13458,Campeões,7,14,9646.57,242,360,689.04,393.43,United Kingdom,0.99,3,3,2,0
13460,Novos Clientes,29,2,183.44,16,50,91.72,143.00,United Kingdom,1.00,0,2,3,0
13461,Clientes Leais,39,3,1445.00,14,164,481.67,390.00,United Kingdom,1.00,1,1,3,0
13462,Perdidos / Inativos,253,1,151.50,9,253,151.50,62.00,United Kingdom,1.00,2,0,1,0
13464,Novos Clientes,58,1,674.68,41,58,674.68,403.00,United Kingdom,1.00,0,2,0,0
13466,Perdidos / Inativos,184,1,307.90,17,184,307.90,259.00,United Kingdom,1.00,2,0,1,0
13467,Novos Clientes,11,2,1083.71,89,36,541.86,292.00,United Kingdom,1.00,0,2,3,0
13468,Campeões,2,37,5704.97,184,373,154.19,69.97,United Kingdom,1.00,3,3,2,0
13470,Perdidos / Inativos,99,2,165.00,7,115,82.50,50.00,United Kingdom,1.00,2,2,3,0
13471,Campeões,1,4,2531.58,214,47,632.89,397.50,United Kingdom,1.00,3,1,3,0
13473,Perdidos / Inativos,61,2,422.64,21,333,211.32,133.00,United Kingdom,0.50,2,0,3,0
13474,Perdidos / Inativos,236,1,229.59,59,236,229.59,132.00,United Kingdom,1.00,2,0,1,0
13475,Clientes Leais,191,4,1431.78,64,299,357.94,253.00,United Kingdom,0.95,1,0,3,0
13476,Clientes Leais,179,2,1238.47,56,281,619.24,208.50,United Kingdom,0.98,1,0,3,0
13477,Clientes Leais,38,6,1454.58,57,292,242.43,170.17,United Kingdom,0.91,1,1,3,0
13479,Perdidos / Inativos,201,2,300.95,14,235,150.47,67.00,United Kingdom,1.00,2,0,3,0
13481,Clientes Leais,46,5,1804.56,98,257,360.91,228.40,United Kingdom,1.00,1,1,3,0
13482,Perdidos / Inativos,232,1,184.64,11,232,184.64,116.00,United Kingdom,1.00,2,0,1,0
13483,Novos Clientes,66,1,140.34,10,66,140.34,160.00,United Kingdom,1.00,0,2,0,0
13484,Perdidos / Inativos,241,1,313.80,8,241,313.80,44.00,United Kingdom,1.00,2,0,1,0
13485,Perdidos / Inativos,233,1,454.24,23,233,454.24,277.00,United Kingdom,1.00,2,0,1,0
13486,Clientes Leais,78,3,1122.41,69,155,374.14,223.00,United Kingdom,1.00,1,1,3,0
13487,Clientes Leais,58,3,575.40,26,353,191.80,88.33,United Kingdom,0.53,1,0,3,0
13488,Campeões,17,13,8968.31,271,367,689.87,347.54,United Kingdom,0.96,3,3,2,0
13489,Perdidos / Inativos,105,4,449.52,11,295,112.38,140.00,United Kingdom,0.94,2,0,3,0
13491,Clientes Leais,52,10,1215.82,73,372,121.58,90.30,United Kingdom,0.91,1,1,2,0
13492,Clientes Leais,136,3,1269.84,38,215,423.28,136.00,Switzerland,1.00,1,0,3,0
13493,Perdidos / Inativos,275,2,498.63,5,287,249.31,188.50,Switzerland,0.89,2,0,3,0
13494,Perdidos / Inativos,312,1,316.26,18,312,316.26,162.00,United Kingdom,1.00,2,0,1,0
13495,Clientes Leais,8,5,2044.87,34,368,408.97,165.80,United Kingdom,0.95,1,1,2,0
13496,Clientes Leais,11,2,653.33,28,360,326.67,170.50,United Kingdom,0.97,1,1,2,0
13497,Perdidos / Inativos,283,2,348.05,19,369,174.03,81.50,United Kingdom,0.83,2,0,3,0
13499,Clientes Leais,18,5,1159.11,31,270,231.82,273.00,United Kingdom,0.98,1,1,3,0
13500,Clientes Leais,23,3,1166.77,60,123,388.92,203.00,United Kingdom,1.00,1,2,3,0
13501,Clientes Leais,288,1,1340.32,52,288,1340.32,560.00,Switzerland,1.00,1,0,1,0
13502,Clientes Leais,17,3,292.00,17,324,97.33,88.00,United Kingdom,0.54,1,0,2,0
13503,Novos Clientes,71,1,216.85,17,71,216.85,248.00,United Kingdom,1.00,0,2,0,0
13504,Novos Clientes,64,1,295.93,22,64,295.93,178.00,United Kingdom,1.00,0,2,0,0
13505,Clientes Leais,73,4,3633.63,181,233,908.41,616.75,Switzerland,1.00,1,1,3,0
13506,Perdidos / Inativos,316,2,458.52,26,370,229.26,162.00,United Kingdom,0.84,2,0,3,0
13507,Campeões,3,4,2479.16,146,146,619.79,399.25,United Kingdom,1.00,3,1,3,0
13508,Perdidos / Inativos,244,1,110.97,12,244,110.97,24.00,United Kingdom,1.00,2,0,1,0
13509,Clientes Leais,9,6,964.72,26,284,160.79,184.17,United Kingdom,0.89,1,1,3,0
13510,Campeões,1,4,1791.56,86,184,447.89,346.50,United Kingdom,1.00,3,1,3,0
13512,Perdidos / Inativos,261,1,251.21,15,261,251.21,143.00,United Kingdom,1.00,2,0,1,0
13513,Perdidos / Inativos,127,1,205.10,10,127,205.10,109.00,United Kingdom,0.96,2,2,1,0
13514,Novos Clientes,74,1,152.20,4,74,152.20,40.00,United Kingdom,1.00,0,2,0,0
13515,Clientes Leais,73,4,891.12,50,248,222.78,170.25,United Kingdom,1.00,1,0,3,0
13516,Clientes Leais,21,3,1389.41,43,239,463.14,328.33,United Kingdom,1.00,1,1,3,0
13517,Clientes Leais,60,3,2128.42,125,180,709.47,456.33,United Kingdom,1.00,1,1,3,0
13518,Novos Clientes,86,1,659.44,36,86,659.44,392.00,United Kingdom,1.00,0,2,0,0
13519,Novos Clientes,78,1,122.75,8,78,122.75,23.00,United Kingdom,1.00,0,2,0,0
13520,Clientes Leais,59,6,2984.35,48,372,497.39,272.17,Switzerland,0.61,1,1,2,0
13521,Novos Clientes,1,3,1092.39,312,10,364.13,244.33,United Kingdom,1.00,0,1,3,0
13522,Novos Clientes,30,1,125.80,5,30,125.80,44.00,United Kingdom,1.00,0,2,0,0
13523,Campeões,33,5,3964.88,157,366,792.98,350.40,United Kingdom,0.51,3,1,2,0
13524,Clientes Leais,41,5,680.18,17,220,136.04,64.80,United Kingdom,1.00,1,1,3,0
13525,Novos Clientes,15,2,628.78,5,248,314.39,197.00,United Kingdom,0.98,0,0,3,0
13527,Campeões,34,7,2287.51,153,327,326.79,241.71,United Kingdom,0.51,3,1,3,0
13529,Perdidos / Inativos,79,2,307.76,15,205,153.88,37.00,United Kingdom,1.00,2,0,3,0
13531,Perdidos / Inativos,205,2,483.80,17,366,241.90,87.00,United Kingdom,0.73,2,0,3,0
13532,Novos Clientes,34,1,210.31,66,34,210.31,129.00,United Kingdom,1.00,0,2,0,0
13533,Clientes Leais,183,3,270.79,61,268,90.26,68.00,United Kingdom,1.00,1,0,3,0
13534,Campeões,2,25,5870.08,119,358,234.80,118.44,United Kingdom,1.00,3,3,2,0
13536,Campeões,1,7,3448.29,91,75,492.61,305.14,United Kingdom,1.00,3,1,3,0
13538,Clientes Leais,43,7,1280.85,10,316,182.98,25.00,United Kingdom,0.82,1,1,2,0
13539,Clientes Leais,86,3,631.34,35,309,210.45,106.67,United Kingdom,0.89,1,0,3,0
13544,Clientes Leais,40,2,291.41,76,241,145.71,63.50,United Kingdom,1.00,1,1,3,0
13546,Clientes Leais,12,3,626.99,72,201,209.00,119.67,United Kingdom,1.00,1,1,3,0
13548,Clientes Leais,96,2,682.41,114,244,341.20,220.50,United Kingdom,1.00,1,0,3,0
13549,Clientes Leais,26,7,918.20,37,242,131.17,65.43,United Kingdom,1.00,1,1,3,0
13551,Perdidos / Inativos,319,1,91.80,4,319,91.80,12.00,United Kingdom,1.00,2,0,1,0
13552,Campeões,66,12,3740.07,82,316,311.67,118.08,United Kingdom,0.92,3,1,2,0
13555,Clientes Leais,74,4,4149.28,128,202,1037.32,665.00,United Kingdom,1.00,1,1,3,0
13557,Clientes Leais,28,2,584.06,31,281,292.03,273.00,United Kingdom,0.95,1,0,3,0
13558,Novos Clientes,6,4,605.06,123,68,151.26,86.00,United Kingdom,1.00,0,2,3,0
13560,Novos Clientes,7,1,174.37,32,7,174.37,64.00,United Kingdom,0.93,0,2,0,0
13561,Perdidos / Inativos,216,1,141.86,14,216,141.86,83.00,United Kingdom,1.00,2,0,1,0
13562,Clientes Leais,82,3,1799.33,50,246,599.78,252.33,United Kingdom,1.00,1,0,3,0
13563,Novos Clientes,84,2,777.53,49,140,388.76,104.50,United Kingdom,1.00,0,2,3,0
13564,Clientes Leais,354,2,1198.38,67,368,599.19,330.00,United Kingdom,0.86,1,0,3,0
13565,Clientes Leais,19,2,240.22,35,334,120.11,86.00,United Kingdom,0.85,1,0,2,0
13566,Novos Clientes,41,2,874.71,134,83,437.36,287.50,United Kingdom,1.00,0,2,3,0
13568,Perdidos / Inativos,173,1,192.85,41,173,192.85,70.00,United Kingdom,1.00,2,0,1,0
13569,Clientes Leais,17,2,372.25,72,368,186.12,81.50,United Kingdom,0.97,1,1,2,0
13570,Perdidos / Inativos,243,1,239.49,27,243,239.49,161.00,United Kingdom,1.00,2,0,1,0
13571,Campeões,13,12,2092.32,157,254,174.36,146.58,United Kingdom,0.98,3,3,3,0
13572,Perdidos / Inativos,206,1,1384.25,32,206,1384.25,534.00,United Kingdom,1.00,2,0,1,0
13573,Perdidos / Inativos,50,2,294.40,24,253,147.20,151.50,United Kingdom,1.00,2,0,3,0
13575,Clientes Leais,23,5,732.07,41,176,146.41,89.80,United Kingdom,1.00,1,1,3,0
13576,Campeões,10,18,6717.34,78,373,373.19,147.00,United Kingdom,1.00,3,3,2,0
13577,Clientes Leais,25,4,1687.60,61,242,421.90,197.75,United Kingdom,1.00,1,1,3,0
13579,Clientes Leais,15,2,467.04,19,369,233.52,88.00,United Kingdom,0.95,1,0,2,0
13581,Perdidos / Inativos,309,1,118.00,10,309,118.00,30.00,United Kingdom,1.00,2,0,1,0
13583,Novos Clientes,156,1,781.03,53,156,781.03,725.00,United Kingdom,1.00,0,2,1,0
13584,Perdidos / Inativos,307,1,142.40,24,307,142.40,37.00,United Kingdom,1.00,2,0,1,0
13587,Novos Clientes,64,1,712.40,8,64,712.40,180.00,United Kingdom,1.00,0,2,0,0
13588,Campeões,16,9,2478.95,131,255,275.44,289.56,United Kingdom,0.99,3,3,3,0
13589,Novos Clientes,15,2,379.65,21,180,189.82,57.00,United Kingdom,1.00,0,0,3,0
13590,Campeões,11,6,1981.92,70,303,330.32,308.00,United Kingdom,0.66,3,1,3,0
13591,Clientes Leais,65,3,1117.13,56,267,372.38,161.67,United Kingdom,1.00,1,0,3,0
13592,Clientes Leais,36,4,247.96,15,264,61.99,21.00,United Kingdom,1.00,1,0,3,0
13593,Clientes Leais,108,5,2037.08,77,336,407.42,146.20,United Kingdom,0.72,1,1,3,0
13594,Novos Clientes,53,1,396.97,26,53,396.97,359.00,United Kingdom,1.00,0,2,0,0
13596,Novos Clientes,6,2,697.04,133,13,348.52,203.00,United Kingdom,1.00,0,2,3,0
13598,Novos Clientes,47,1,180.17,33,47,180.17,58.00,United Kingdom,1.00,0,2,0,0
13599,Campeões,1,21,5153.67,171,367,245.41,156.86,United Kingdom,1.00,3,3,2,0
13600,Perdidos / Inativos,312,1,219.52,19,312,219.52,324.00,United Kingdom,1.00,2,0,1,0
13601,Clientes Leais,45,2,693.32,90,211,346.66,274.00,United Kingdom,1.00,1,0,3,0
13602,Novos Clientes,65,1,428.89,23,65,428.89,267.00,United Kingdom,1.00,0,2,0,0
13603,Novos Clientes,26,1,164.34,27,26,164.34,164.00,United Kingdom,1.00,0,2,0,0
13606,Clientes Leais,29,3,280.54,40,312,93.51,93.00,United Kingdom,0.70,1,1,3,0
13607,Novos Clientes,40,1,678.01,93,40,678.01,290.00,United Kingdom,1.00,0,2,0,0
13610,Campeões,12,7,1131.88,165,285,161.70,73.71,United Kingdom,0.90,3,1,3,0
13611,Clientes Leais,89,3,1171.80,67,360,390.60,255.33,United Kingdom,0.67,1,0,3,0
13614,Clientes Leais,24,4,1610.46,171,331,402.62,142.50,United Kingdom,0.55,1,1,3,0
13615,Perdidos / Inativos,319,1,417.69,23,319,417.69,189.00,United Kingdom,1.00,2,0,1,0
13617,Clientes Leais,40,3,544.18,31,180,181.39,100.00,United Kingdom,1.00,1,0,3,0
13618,Perdidos / Inativos,174,1,177.34,13,174,177.34,246.00,United Kingdom,1.00,2,0,1,0
13621,Novos Clientes,117,1,213.85,19,117,213.85,343.00,United Kingdom,0.84,0,0,0,0
13623,Clientes Leais,31,5,747.78,75,297,149.56,58.80,United Kingdom,0.90,1,1,3,0
13626,Perdidos / Inativos,253,1,257.23,19,253,257.23,209.00,United Kingdom,1.00,2,0,1,0
13627,Clientes Leais,59,5,1638.47,84,358,327.69,253.80,United Kingdom,0.58,1,1,3,0
13629,Campeões,23,11,7792.36,28,339,708.40,397.45,United Kingdom,1.00,3,3,2,0
13630,Campeões,5,7,2031.78,51,286,290.25,198.71,United Kingdom,0.76,3,3,3,0
13631,Clientes Leais,100,11,3070.42,6,267,279.13,42.45,United Kingdom,0.98,1,1,2,-1
13632,Clientes Leais,25,5,2121.27,121,243,424.25,207.40,United Kingdom,1.00,1,1,3,0
13634,Clientes Leais,33,5,1575.16,156,327,315.03,140.80,United Kingdom,0.64,1,1,3,0
13635,Novos Clientes,68,1,1071.03,62,68,1071.03,677.00,United Kingdom,1.00,0,2,0,0
13636,Clientes Leais,37,5,949.12,57,285,189.82,118.40,United Kingdom,0.97,1,1,3,0
13637,Clientes Leais,52,3,809.25,78,226,269.75,136.00,United Kingdom,1.00,1,1,3,0
13638,Novos Clientes,16,1,122.64,8,16,122.64,93.00,United Kingdom,1.00,0,2,0,0
13639,Novos Clientes,74,1,1033.34,39,74,1033.34,800.00,United Kingdom,1.00,0,2,0,0
13642,Perdidos / Inativos,216,1,354.80,57,216,354.80,173.00,United Kingdom,1.00,2,0,1,0
13643,Novos Clientes,31,3,519.44,24,186,173.15,91.00,United Kingdom,1.00,0,0,3,0
13644,Clientes Leais,16,4,2624.26,144,106,656.07,516.75,United Kingdom,1.00,1,1,3,0
13645,Perdidos / Inativos,120,1,252.10,5,120,252.10,158.00,United Kingdom,0.66,2,2,0,0
13647,Clientes Leais,10,4,1678.12,65,235,419.53,223.75,United Kingdom,1.00,1,1,3,0
13649,Perdidos / Inativos,257,2,346.60,23,366,173.30,69.50,United Kingdom,0.80,2,0,3,0
13650,Clientes Leais,17,6,1836.34,79,268,306.06,153.67,United Kingdom,0.99,1,1,3,0
13651,Novos Clientes,40,1,79.20,5,40,79.20,32.00,United Kingdom,1.00,0,2,0,0
13652,Clientes Leais,46,3,1095.08,48,369,365.03,192.67,United Kingdom,0.55,1,0,2,0
13654,Clientes Leais,43,6,2707.33,157,273,451.22,363.67,United Kingdom,0.99,1,1,3,0
13655,Clientes Leais,114,2,932.97,52,242,466.49,302.50,United Kingdom,1.00,1,0,3,0
13656,Perdidos / Inativos,165,2,379.65,49,337,189.82,245.00,United Kingdom,0.71,2,0,3,0
13657,Novos Clientes,11,2,382.14,16,202,191.07,104.50,United Kingdom,1.00,0,0,3,0
13658,Campeões,10,5,2639.17,91,204,527.83,203.80,United Kingdom,1.00,3,1,3,0
13659,Clientes Leais,206,2,1573.20,92,321,786.60,447.00,United Kingdom,0.85,1,0,3,0
13662,Clientes Leais,86,3,897.76,50,259,299.25,181.00,United Kingdom,1.00,1,0,3,0
13663,Perdidos / Inativos,179,1,189.47,13,179,189.47,91.00,United Kingdom,1.00,2,0,1,0
13666,Perdidos / Inativos,60,3,84.65,12,287,28.22,13.67,United Kingdom,0.97,2,0,3,0
13667,Novos Clientes,149,1,305.02,82,149,305.02,154.00,United Kingdom,1.00,0,2,1,0
13668,Campeões,3,21,6363.59,284,363,303.03,178.19,United Kingdom,1.00,3,3,2,0
13669,Novos Clientes,51,2,218.55,9,150,109.28,118.50,United Kingdom,1.00,0,2,3,0
13670,Novos Clientes,75,1,349.70,25,75,349.70,282.00,United Kingdom,1.00,0,2,0,0
13672,Perdidos / Inativos,301,2,186.39,4,332,93.20,28.50,United Kingdom,0.84,2,0,3,0
13673,Novos Clientes,19,2,396.92,47,32,198.46,59.50,United Kingdom,1.00,0,2,3,0
13675,Perdidos / Inativos,151,2,486.82,25,285,243.41,165.00,United Kingdom,0.98,2,0,3,0
13678,Perdidos / Inativos,152,1,232.60,16,152,232.60,924.00,United Kingdom,1.00,2,0,1,0
13680,Campeões,1,4,3722.42,164,339,930.61,484.00,United Kingdom,0.99,3,3,2,0
13681,Clientes Leais,18,4,827.83,37,155,206.96,90.00,United Kingdom,1.00,1,1,3,0
13682,Perdidos / Inativos,187,1,59.50,3,187,59.50,10.00,United Kingdom,1.00,2,2,1,0
13684,Perdidos / Inativos,286,1,67.23,29,286,67.23,39.00,United Kingdom,1.00,2,0,1,0
13685,Campeões,3,7,3119.44,29,60,445.63,722.29,United Kingdom,1.00,3,1,3,0
13686,Perdidos / Inativos,183,1,72.00,8,183,72.00,70.00,United Kingdom,1.00,2,2,1,0
13689,Novos Clientes,63,1,910.00,6,63,910.00,512.00,United Kingdom,1.00,0,2,0,0
13690,Novos Clientes,59,1,172.25,9,59,172.25,67.00,United Kingdom,1.00,0,2,0,0
13692,Clientes Leais,25,3,1488.32,48,236,496.11,408.67,United Kingdom,1.00,1,1,3,0
13694,Campeões,4,50,65039.62,366,374,1300.79,1266.24,United Kingdom,1.00,3,3,2,-1
13695,Campeões,31,15,2504.13,46,260,166.94,106.87,United Kingdom,0.54,3,3,2,0
13697,Novos Clientes,39,1,151.30,12,39,151.30,177.00,United Kingdom,1.00,0,2,0,0
13699,Perdidos / Inativos,155,1,308.58,14,155,308.58,66.00,United Kingdom,1.00,2,0,1,0
13700,Campeões,26,10,2265.12,139,327,226.51,230.40,United Kingdom,0.84,3,1,2,0
13703,Perdidos / Inativos,318,1,99.50,1,318,99.50,10.00,United Kingdom,1.00,2,0,1,0
13704,Campeões,5,9,2308.06,111,88,256.45,170.11,United Kingdom,1.00,3,1,3,0
13705,Clientes Leais,8,3,711.86,25,374,237.29,121.00,United Kingdom,0.96,1,1,2,0
13706,Perdidos / Inativos,303,1,330.79,20,303,330.79,189.00,United Kingdom,1.00,2,0,1,0
13707,Clientes Leais,267,2,806.41,48,315,403.20,175.50,United Kingdom,0.89,1,0,3,0
13708,Perdidos / Inativos,271,1,294.88,48,271,294.88,305.00,United Kingdom,1.00,2,0,1,0
13709,Campeões,4,13,6328.05,244,315,486.77,270.46,United Kingdom,0.94,3,3,2,0
13710,Novos Clientes,32,1,180.48,8,32,180.48,176.00,United Kingdom,1.00,0,2,0,0
13711,Perdidos / Inativos,219,2,252.06,11,219,126.03,70.00,United Kingdom,1.00,2,0,3,0
13712,Perdidos / Inativos,247,1,228.84,10,247,228.84,352.00,United Kingdom,1.00,2,0,1,0
13715,Clientes Leais,281,5,1079.34,89,373,215.87,112.60,United Kingdom,0.83,1,1,3,0
13716,Perdidos / Inativos,269,1,138.28,21,269,138.28,138.00,United Kingdom,1.00,2,0,1,0
13717,Clientes Leais,32,6,1445.01,92,298,240.84,326.50,United Kingdom,0.88,1,1,3,0
13718,Perdidos / Inativos,246,2,306.55,9,296,153.28,86.50,United Kingdom,0.95,2,0,3,0
13719,Clientes Leais,15,5,1041.68,56,234,208.34,121.80,United Kingdom,1.00,1,1,3,0
13720,Clientes Leais,117,4,799.90,42,255,199.97,125.25,United Kingdom,1.00,1,0,3,0
13721,Novos Clientes,36,1,524.14,28,36,524.14,316.00,United Kingdom,1.00,0,2,0,0
13722,Clientes Leais,132,3,2375.41,75,283,791.80,467.00,United Kingdom,0.98,1,0,3,0
13723,Perdidos / Inativos,217,1,199.85,6,217,199.85,43.00,United Kingdom,1.00,2,0,1,0
13725,Clientes Leais,50,8,1980.56,95,309,247.57,100.75,United Kingdom,0.60,1,1,3,0
13726,Novos Clientes,39,2,1079.66,39,101,539.83,527.00,United Kingdom,1.00,0,2,3,0
13727,Novos Clientes,29,2,333.48,19,34,166.74,81.00,United Kingdom,1.00,0,2,3,0
13728,Clientes Leais,37,6,1016.14,38,311,169.36,76.33,United Kingdom,0.69,1,1,3,0
13730,Clientes Leais,136,2,752.60,38,162,376.30,244.00,United Kingdom,1.00,1,0,3,0
13731,Perdidos / Inativos,219,2,610.59,36,247,305.30,139.00,United Kingdom,1.00,2,0,3,0
13732,Novos Clientes,28,1,491.86,33,28,491.86,498.00,United Kingdom,1.00,0,2,0,0
13735,Clientes Leais,25,4,2885.24,158,234,721.31,282.50,United Kingdom,1.00,1,1,3,0
13736,Clientes Leais,5,2,731.90,166,260,365.95,248.50,United Kingdom,0.98,1,1,3,0
13737,Perdidos / Inativos,200,1,339.60,29,200,339.60,125.00,United Kingdom,1.00,2,0,1,0
13739,Novos Clientes,18,1,216.90,3,18,216.90,54.00,United Kingdom,1.00,0,2,0,0
13740,Perdidos / Inativos,241,1,350.75,23,241,350.75,425.00,United Kingdom,1.00,2,0,1,0
13741,Clientes Leais,72,3,668.43,34,217,222.81,72.67,United Kingdom,1.00,1,0,3,0
13742,Campeões,17,12,3131.02,200,320,260.92,93.67,United Kingdom,0.91,3,3,2,0
13743,Clientes Leais,3,7,1341.60,8,259,191.66,253.71,United Kingdom,0.87,1,1,3,-1
13744,Clientes Leais,95,2,1156.36,54,292,578.18,624.50,United Kingdom,0.93,1,0,3,0
13745,Perdidos / Inativos,162,1,300.04,25,162,300.04,496.00,United Kingdom,1.00,2,0,1,0
13747,Perdidos / Inativos,374,1,79.60,1,374,79.60,8.00,United Kingdom,1.00,2,0,1,0
13748,Clientes Leais,96,5,948.25,24,374,189.65,87.80,United Kingdom,0.64,1,0,3,0
13750,Clientes Leais,54,5,1647.26,20,337,329.45,103.20,United Kingdom,0.70,1,0,2,0
13751,Perdidos / Inativos,288,1,296.25,9,288,296.25,152.00,United Kingdom,1.00,2,0,1,0
13752,Clientes Leais,124,6,1186.28,64,247,197.71,146.00,United Kingdom,1.00,1,0,3,0
13753,Perdidos / Inativos,288,1,741.26,35,288,741.26,512.00,United Kingdom,1.00,2,0,1,0
13754,Perdidos / Inativos,152,2,282.60,11,317,141.30,107.00,United Kingdom,0.84,2,0,3,0
13755,Campeões,4,9,2161.35,232,63,240.15,140.44,United Kingdom,1.00,3,1,3,0
13756,Campeões,2,14,5189.52,66,368,370.68,227.71,United Kingdom,1.00,3,3,2,0
13758,Campeões,12,7,3190.55,104,374,455.79,263.43,United Kingdom,0.86,3,3,2,0
13759,Novos Clientes,33,2,659.41,24,71,329.71,143.50,United Kingdom,1.00,0,2,3,0
13760,Clientes Leais,54,2,286.79,50,256,143.40,98.50,United Kingdom,1.00,1,1,3,0
13761,Clientes Leais,50,2,1070.65,68,180,535.33,321.00,United Kingdom,1.00,1,1,3,0
13762,Perdidos / Inativos,219,1,306.72,7,219,306.72,272.00,United Kingdom,1.00,2,0,1,0
13763,Novos Clientes,63,1,1714.96,15,63,1714.96,728.00,United Kingdom,1.00,0,2,0,0
13764,Clientes Leais,71,3,1518.76,182,337,506.25,309.67,United Kingdom,0.72,1,1,3,0
13767,Campeões,2,37,17220.36,55,374,465.42,197.89,United Kingdom,1.00,3,3,2,0
13769,Campeões,2,10,2796.51,73,367,279.65,116.30,United Kingdom,0.99,3,3,2,0
13771,Clientes Leais,64,4,2634.45,114,247,658.61,369.25,United Kingdom,1.00,1,1,3,0
13772,Clientes Leais,34,3,1132.13,141,240,377.38,182.00,United Kingdom,1.00,1,1,3,0
13774,Novos Clientes,82,1,345.00,22,82,345.00,192.00,United Kingdom,1.00,0,2,0,0
13777,Campeões,1,33,25977.16,36,373,787.19,390.82,United Kingdom,1.00,3,3,2,0
13778,Novos Clientes,103,1,178.70,9,103,178.70,70.00,United Kingdom,1.00,0,2,0,0
13780,Novos Clientes,7,2,360.01,56,171,180.00,159.00,United Kingdom,1.00,0,0,3,0
13781,Perdidos / Inativos,251,1,127.84,17,251,127.84,30.00,United Kingdom,1.00,2,0,1,0
13782,Clientes Leais,13,6,912.00,96,328,152.00,61.83,United Kingdom,0.71,1,1,2,0
13784,Campeões,10,11,2462.79,9,332,223.89,226.64,United Kingdom,1.00,3,1,2,0
13786,Perdidos / Inativos,367,1,230.40,7,367,230.40,136.00,United Kingdom,1.00,2,0,1,0
13787,Perdidos / Inativos,76,2,309.04,24,364,154.52,168.50,United Kingdom,0.56,2,0,2,0
13790,Novos Clientes,4,1,348.80,45,4,348.80,748.00,United Kingdom,1.00,0,2,3,0
13791,Perdidos / Inativos,128,2,1516.00,7,168,758.00,600.00,United Kingdom,1.00,2,0,3,0
13792,Perdidos / Inativos,66,2,195.55,13,287,97.78,46.00,United Kingdom,0.97,2,0,3,0
13798,Campeões,1,57,37153.85,113,372,651.82,420.14,United Kingdom,1.00,3,3,2,-1
13799,Clientes Leais,117,2,688.86,32,294,344.43,201.00,United Kingdom,0.94,1,0,3,0
13800,Perdidos / Inativos,310,1,558.32,33,310,558.32,331.00,United Kingdom,1.00,2,0,1,0
13801,Novos Clientes,67,1,324.80,23,67,324.80,168.00,United Kingdom,1.00,0,2,0,0
13802,Clientes Leais,139,3,4599.42,55,312,1533.14,857.33,United Kingdom,0.53,1,0,3,0
13803,Perdidos / Inativos,255,1,277.07,17,255,277.07,121.00,United Kingdom,1.00,2,0,1,0
13804,Campeões,31,7,2635.79,124,290,376.54,214.00,United Kingdom,0.91,3,1,3,0
13805,Novos Clientes,52,2,924.60,10,129,462.30,950.00,United Kingdom,1.00,0,2,3,0
13806,Novos Clientes,64,1,256.38,10,64,256.38,56.00,United Kingdom,1.00,0,2,0,0
13807,Perdidos / Inativos,367,1,112.60,7,367,112.60,36.00,United Kingdom,1.00,2,0,1,0
13808,Clientes Leais,6,5,1747.66,70,97,349.53,156.40,United Kingdom,1.00,1,1,3,0
13809,Perdidos / Inativos,305,1,155.05,11,305,155.05,29.00,Cyprus,1.00,2,0,1,0
13810,Novos Clientes,29,2,827.51,30,56,413.75,153.50,Germany,1.00,0,2,3,0
13811,Perdidos / Inativos,184,2,519.75,5,239,259.88,31.50,Germany,1.00,2,0,3,0
13812,Novos Clientes,42,3,485.00,32,105,161.67,110.00,Germany,1.00,0,2,3,0
13813,Clientes Leais,40,4,1168.86,53,135,292.22,135.25,Germany,1.00,1,2,3,0
13814,Clientes Leais,92,2,1579.12,37,137,789.56,432.00,Germany,1.00,1,0,3,0
13815,Clientes Leais,22,4,3667.36,131,319,916.84,635.00,Germany,0.59,1,1,3,0
13816,Novos Clientes,24,2,499.67,24,64,249.84,132.50,Germany,1.00,0,2,3,0
13817,Clientes Leais,29,2,328.98,19,352,164.49,104.00,Germany,0.82,1,0,2,0
13819,Clientes Leais,302,3,1140.35,26,320,380.12,369.67,United Kingdom,0.83,1,0,3,0
13821,Perdidos / Inativos,145,2,385.64,51,262,192.82,76.50,United Kingdom,1.00,2,0,3,0
13822,Novos Clientes,6,2,632.00,90,40,316.00,305.50,United Kingdom,1.00,0,2,3,0
13823,Novos Clientes,19,2,957.66,39,92,478.83,219.50,United Kingdom,1.00,0,2,3,0
13824,Clientes Leais,33,5,1698.94,34,310,339.79,153.60,United Kingdom,0.63,1,1,3,0
13826,Perdidos / Inativos,176,1,189.50,10,176,189.50,82.00,United Kingdom,1.00,2,0,1,0
13827,Clientes Leais,58,3,412.05,83,143,137.35,47.00,United Kingdom,1.00,1,0,3,0
13828,Novos Clientes,22,1,209.49,15,22,209.49,311.00,United Kingdom,1.00,0,2,0,0
13831,Campeões,16,6,2202.99,58,370,367.16,124.17,United Kingdom,0.83,3,1,2,0
13832,Novos Clientes,19,1,52.20,3,19,52.20,28.00,United Kingdom,1.00,0,2,0,0
13833,Perdidos / Inativos,159,1,384.80,28,159,384.80,118.00,United Kingdom,1.00,2,0,1,0
13835,Clientes Leais,25,4,834.57,48,215,208.64,110.50,United Kingdom,1.00,1,1,3,0
13837,Perdidos / Inativos,212,2,271.24,17,318,135.62,91.50,United Kingdom,0.88,2,0,3,0
13838,Clientes Leais,6,4,691.73,144,370,172.93,65.75,United Kingdom,0.98,1,1,2,0
13841,Perdidos / Inativos,253,1,85.00,1,253,85.00,100.00,United Kingdom,1.00,2,0,1,0
13842,Campeões,59,9,3385.62,155,367,376.18,196.44,United Kingdom,0.72,3,1,2,0
13844,Novos Clientes,11,1,361.62,20,11,361.62,196.00,United Kingdom,1.00,0,2,0,0
13845,Novos Clientes,65,1,312.98,9,65,312.98,182.00,United Kingdom,1.00,0,2,0,0
13846,Clientes Leais,25,3,865.06,55,360,288.35,129.33,United Kingdom,0.74,1,1,2,0
13848,Perdidos / Inativos,92,3,1255.00,3,366,418.33,1233.33,United Kingdom,0.97,2,1,2,0
13849,Clientes Leais,52,2,1537.95,97,171,768.98,508.00,United Kingdom,1.00,1,1,3,0
13850,Clientes Leais,129,1,1595.48,93,129,1595.48,944.00,United Kingdom,0.98,1,2,1,0
13851,Clientes Leais,96,3,2651.46,77,288,883.82,568.33,United Kingdom,0.95,1,0,3,0
13853,Novos Clientes,57,1,1090.14,23,57,1090.14,312.00,United Kingdom,1.00,0,2,0,0
13854,Campeões,9,25,8109.52,39,366,324.38,91.84,United Kingdom,1.00,3,3,2,0
13856,Perdidos / Inativos,169,3,388.50,10,203,129.50,164.67,United Kingdom,1.00,2,0,3,0
13858,Novos Clientes,57,1,216.17,11,57,216.17,75.00,United Kingdom,1.00,0,2,0,0
13859,Perdidos / Inativos,326,1,201.16,27,326,201.16,129.00,United Kingdom,1.00,2,0,1,0
13860,Novos Clientes,1,5,1245.90,58,87,249.18,118.20,United Kingdom,1.00,0,1,3,0
13862,Campeões,18,8,2209.36,97,332,276.17,211.00,United Kingdom,0.76,3,3,2,0
13863,Perdidos / Inativos,248,1,305.78,20,248,305.78,224.00,United Kingdom,1.00,2,0,1,0
13865,Clientes Leais,58,4,501.56,26,290,125.39,51.00,United Kingdom,0.96,1,0,3,0
13866,Novos Clientes,74,1,145.67,7,74,145.67,57.00,United Kingdom,1.00,0,2,0,0
13867,Clientes Leais,31,3,1015.29,51,218,338.43,171.00,United Kingdom,1.00,1,1,3,0
13868,Novos Clientes,7,2,3192.54,32,39,1596.27,982.00,United Kingdom,1.00,0,1,3,0
13869,Clientes Leais,123,4,3104.95,234,357,776.24,430.25,United Kingdom,0.84,1,1,3,0
13870,Campeões,2,8,2770.94,91,288,346.37,165.62,United Kingdom,0.61,3,3,3,0
13871,Campeões,23,13,6403.25,155,309,492.56,215.85,United Kingdom,0.91,3,3,2,0
13873,Perdidos / Inativos,120,3,389.60,21,310,129.87,46.67,United Kingdom,0.91,2,0,3,0
13874,Perdidos / Inativos,358,1,540.45,18,358,540.45,180.00,United Kingdom,1.00,2,0,1,0
13875,Clientes Leais,54,5,1786.79,79,301,357.36,263.20,United Kingdom,0.90,1,1,3,0
13876,Novos Clientes,64,1,122.70,7,64,122.70,36.00,United Kingdom,1.00,0,2,0,0
13877,Novos Clientes,86,1,117.24,3,86,117.24,108.00,United Kingdom,1.00,0,2,0,0
13878,Novos Clientes,55,1,1281.53,35,55,1281.53,475.00,United Kingdom,1.00,0,2,0,0
13880,Campeões,21,13,3219.77,125,367,247.67,141.69,United Kingdom,0.98,3,3,2,0
13881,Campeões,4,20,17159.52,72,312,857.98,505.90,United Kingdom,1.00,3,3,2,0
13882,Novos Clientes,3,5,1191.13,54,64,238.23,190.60,United Kingdom,1.00,0,1,3,0
13883,Campeões,11,5,2674.48,108,253,534.90,287.20,United Kingdom,1.00,3,1,3,0
13884,Clientes Leais,7,5,787.60,45,283,157.52,60.00,United Kingdom,0.94,1,1,3,0
13885,Perdidos / Inativos,189,2,506.80,28,201,253.40,91.00,United Kingdom,1.00,2,0,3,0
13886,Novos Clientes,71,1,243.56,16,71,243.56,126.00,United Kingdom,1.00,0,2,0,0
13887,Perdidos / Inativos,204,1,349.55,19,204,349.55,147.00,United Kingdom,1.00,2,0,1,0
13888,Clientes Leais,120,2,605.63,38,218,302.81,129.00,United Kingdom,1.00,1,0,3,0
13889,Novos Clientes,93,1,416.90,15,93,416.90,146.00,United Kingdom,1.00,0,2,0,0
13890,Campeões,1,10,1883.81,74,359,188.38,83.10,United Kingdom,1.00,3,3,2,0
13892,Clientes Leais,27,4,632.97,26,247,158.24,245.75,United Kingdom,1.00,1,0,3,0
13893,Perdidos / Inativos,298,1,821.10,21,298,821.10,190.00,United Kingdom,1.00,2,0,1,0
13894,Clientes Leais,24,3,564.62,25,310,188.21,118.00,United Kingdom,0.71,1,1,3,0
13895,Clientes Leais,28,4,2593.07,97,165,648.27,341.25,United Kingdom,1.00,1,1,3,0
13897,Novos Clientes,50,1,311.16,17,50,311.16,200.00,United Kingdom,1.00,0,2,0,0
13898,Perdidos / Inativos,326,1,155.93,12,326,155.93,133.00,United Kingdom,1.00,2,0,1,0
13899,Clientes Leais,16,2,388.52,19,275,194.26,78.00,United Kingdom,0.96,1,0,3,0
13900,Clientes Leais,183,3,740.95,42,263,246.98,143.33,United Kingdom,1.00,1,0,3,0
13901,Clientes Leais,72,5,2867.20,144,319,573.44,347.80,United Kingdom,0.83,1,1,3,0
13904,Clientes Leais,37,2,332.64,24,295,166.32,166.00,United Kingdom,0.89,1,0,3,0
13908,Clientes Leais,80,4,2319.55,103,277,579.89,369.25,United Kingdom,0.99,1,1,3,0
13911,Campeões,57,9,2580.91,120,308,286.77,303.44,United Kingdom,0.51,3,1,3,0
13914,Novos Clientes,12,2,626.45,28,36,313.23,190.00,United Kingdom,1.00,0,2,3,0
13917,Novos Clientes,50,2,272.04,16,192,136.02,114.00,United Kingdom,1.00,0,0,3,0
13918,Clientes Leais,50,2,1212.84,30,253,606.42,570.00,United Kingdom,1.00,1,0,3,0
13919,Novos Clientes,59,2,348.81,23,122,174.41,236.00,Denmark,1.00,0,2,3,0
13922,Perdidos / Inativos,352,1,172.25,7,352,172.25,93.00,United Kingdom,1.00,2,0,1,0
13923,Novos Clientes,54,1,351.13,20,54,351.13,185.00,United Kingdom,1.00,0,2,0,0
13924,Campeões,2,6,1838.85,90,72,306.48,262.50,United Kingdom,1.00,3,1,3,0
13925,Clientes Leais,93,4,678.25,28,135,169.56,82.75,United Kingdom,1.00,1,0,3,0
13926,Novos Clientes,23,1,223.85,11,23,223.85,104.00,United Kingdom,1.00,0,2,0,0
13927,Novos Clientes,75,1,348.99,21,75,348.99,214.00,United Kingdom,1.00,0,2,0,0
13928,Novos Clientes,11,4,464.57,23,133,116.14,32.25,United Kingdom,1.00,0,0,3,0
13929,Perdidos / Inativos,169,2,842.65,8,326,421.32,71.50,United Kingdom,0.68,2,0,2,0
13930,Novos Clientes,58,2,337.34,15,137,168.67,137.00,United Kingdom,1.00,0,2,3,0
13931,Clientes Leais,96,2,1237.53,56,281,618.76,362.50,United Kingdom,0.97,1,0,3,0
13932,Perdidos / Inativos,295,1,307.40,16,295,307.40,72.00,United Kingdom,1.00,2,0,1,0
13933,Novos Clientes,109,2,608.79,23,148,304.40,102.50,United Kingdom,1.00,0,0,3,0
13934,Perdidos / Inativos,264,1,922.10,31,264,922.10,390.00,United Kingdom,1.00,2,0,1,0
13936,Perdidos / Inativos,180,1,376.58,26,180,376.58,330.00,United Kingdom,1.00,2,0,1,0
13937,Perdidos / Inativos,169,1,158.85,9,169,158.85,123.00,United Kingdom,1.00,2,0,1,0
13938,Novos Clientes,35,1,71.66,7,35,71.66,70.00,United Kingdom,1.00,0,2,0,0
13939,Clientes Leais,23,3,568.55,43,312,189.52,282.33,United Kingdom,0.70,1,1,3,0
13940,Clientes Leais,17,4,839.14,39,144,209.78,129.00,United Kingdom,1.00,1,1,3,0
13941,Clientes Leais,22,5,5112.96,24,373,1022.59,472.80,United Kingdom,0.98,1,1,2,0
13946,Perdidos / Inativos,79,3,561.57,11,268,187.19,147.67,United Kingdom,0.99,2,0,3,0
13947,Novos Clientes,65,1,90.60,5,65,90.60,44.00,United Kingdom,1.00,0,2,0,0
13948,Perdidos / Inativos,361,1,102.00,3,361,102.00,40.00,United Kingdom,1.00,2,0,1,0
13949,Campeões,3,6,2427.32,124,95,404.55,412.33,United Kingdom,1.00,3,1,3,0
13950,Clientes Leais,11,4,745.06,33,247,186.26,80.75,United Kingdom,1.00,1,1,3,0
13951,Clientes Leais,176,3,674.45,38,294,224.82,153.00,United Kingdom,0.97,1,0,3,0
13952,Clientes Leais,218,2,3251.07,119,239,1625.54,715.00,United Kingdom,1.00,1,0,3,0
13953,Campeões,7,7,3515.68,8,353,502.24,389.14,United Kingdom,1.00,3,1,2,0
13954,Novos Clientes,2,2,439.92,24,71,219.96,75.00,United Kingdom,1.00,0,2,3,0
13955,Perdidos / Inativos,154,2,322.96,33,306,161.48,77.00,United Kingdom,0.91,2,0,3,0
13956,Campeões,5,5,1026.42,123,271,205.28,98.20,United Kingdom,0.98,3,1,3,0
13959,Clientes Leais,79,3,598.20,79,362,199.40,119.00,United Kingdom,0.55,1,1,3,0
13960,Novos Clientes,21,2,230.22,11,72,115.11,71.00,United Kingdom,1.00,0,2,3,0
13962,Perdidos / Inativos,22,2,169.55,11,246,84.78,43.50,United Kingdom,1.00,2,0,3,0
13963,Clientes Leais,308,4,664.54,35,368,166.13,115.00,United Kingdom,0.86,1,0,3,0
13967,Perdidos / Inativos,146,1,80.70,2,146,80.70,42.00,United Kingdom,1.00,2,2,1,0
13969,Campeões,7,18,9053.94,334,365,503.00,252.33,United Kingdom,1.00,3,3,2,0
13971,Campeões,19,8,2758.26,118,286,344.78,230.50,United Kingdom,0.88,3,1,3,0
13972,Perdidos / Inativos,71,2,190.25,15,202,95.12,93.50,United Kingdom,1.00,2,0,3,0
13973,Perdidos / Inativos,287,1,264.70,11,287,264.70,109.00,United Kingdom,1.00,2,0,1,0
13974,Novos Clientes,49,1,413.59,28,49,413.59,249.00,United Kingdom,1.00,0,2,0,0
13975,Campeões,31,6,2526.28,240,277,421.05,288.67,United Kingdom,0.99,3,1,3,0
13976,Perdidos / Inativos,207,1,357.98,10,207,357.98,154.00,United Kingdom,1.00,2,0,1,0
13978,Novos Clientes,15,2,196.79,14,45,98.40,157.50,United Kingdom,1.00,0,2,3,0
13979,Novos Clientes,73,1,869.87,54,73,869.87,639.00,United Kingdom,1.00,0,2,0,0
13980,Novos Clientes,60,1,200.14,11,60,200.14,172.00,United Kingdom,1.00,0,2,0,0
13982,Clientes Leais,39,4,1871.81,72,365,467.95,284.00,United Kingdom,0.54,1,1,2,0
13983,Campeões,30,12,2603.43,91,367,216.95,98.58,United Kingdom,0.96,3,1,2,0
13984,Clientes Leais,27,5,920.51,14,366,184.10,135.80,United Kingdom,0.78,1,1,2,0
13985,Campeões,4,15,7060.13,108,264,470.68,229.67,United Kingdom,0.52,3,3,3,0
13986,Novos Clientes,17,1,320.46,12,17,320.46,430.00,United Kingdom,1.00,0,2,0,0
13988,Campeões,20,6,4147.96,188,255,691.33,507.33,United Kingdom,1.00,3,3,3,0
13989,Clientes Leais,66,2,1266.08,33,239,633.04,656.50,United Kingdom,1.00,1,0,3,0
13990,Perdidos / Inativos,213,1,311.30,16,213,311.30,190.00,United Kingdom,1.00,2,0,1,0
13991,Clientes Leais,12,6,854.97,57,143,142.50,166.17,United Kingdom,1.00,1,1,3,0
13992,Novos Clientes,30,1,76.80,5,30,76.80,64.00,United Kingdom,1.00,0,2,0,0
13993,Campeões,43,9,3466.36,66,331,385.15,100.00,United Kingdom,0.83,3,1,2,0
13994,Campeões,4,6,2313.14,122,148,385.52,156.67,United Kingdom,1.00,3,1,3,0
13995,Clientes Leais,15,5,1393.69,55,246,278.74,175.80,United Kingdom,1.00,1,1,3,0
13999,Campeões,10,12,3901.81,102,362,325.15,186.92,United Kingdom,0.98,3,3,2,0
14000,Perdidos / Inativos,211,1,635.66,15,211,635.66,710.00,United Kingdom,1.00,2,0,1,0
14001,Clientes Leais,46,3,2043.08,34,373,681.03,320.67,United Kingdom,0.74,1,1,2,0
14002,Novos Clientes,134,2,529.73,47,156,264.87,438.50,United Kingdom,1.00,0,2,3,0
14004,Campeões,43,7,4582.64,102,289,654.66,381.14,United Kingdom,0.86,3,1,3,0
14005,Clientes Leais,10,5,2874.72,53,216,574.94,495.60,United Kingdom,1.00,1,1,3,0
14006,Clientes Leais,116,3,962.19,22,312,320.73,213.67,United Kingdom,0.81,1,0,3,0
14009,Clientes Leais,198,2,695.61,42,205,347.81,182.50,United Kingdom,1.00,1,0,3,0
14012,Perdidos / Inativos,278,1,328.80,11,278,328.80,160.00,United Kingdom,1.00,2,0,1,0
14013,Clientes Leais,110,3,473.02,30,276,157.67,154.00,United Kingdom,0.99,1,0,3,0
14014,Novos Clientes,77,1,505.18,39,77,505.18,1076.00,United Kingdom,1.00,0,2,0,0
14015,Novos Clientes,53,1,917.34,20,53,917.34,378.00,United Kingdom,1.00,0,2,0,0
14016,Clientes Leais,162,4,4291.21,153,357,1072.80,531.00,EIRE,0.83,1,1,3,0
14019,Clientes Leais,47,3,1421.61,37,138,473.87,345.67,United Kingdom,1.00,1,2,3,0
14020,Novos Clientes,17,2,642.80,37,88,321.40,220.50,United Kingdom,1.00,0,2,3,0
14021,Perdidos / Inativos,155,3,631.90,22,256,210.63,64.00,United Kingdom,1.00,2,0,3,0
14022,Perdidos / Inativos,225,1,440.00,28,225,440.00,487.00,United Kingdom,1.00,2,0,1,0
14023,Clientes Leais,7,2,584.07,30,250,292.04,172.50,United Kingdom,1.00,1,1,3,0
14024,Novos Clientes,122,2,327.70,16,124,163.85,75.00,United Kingdom,1.00,0,0,3,0
14027,Novos Clientes,61,1,104.82,6,61,104.82,62.00,United Kingdom,1.00,0,2,0,0
14029,Novos Clientes,63,2,467.66,15,144,233.83,99.00,United Kingdom,1.00,0,2,3,0
14030,Campeões,18,8,2360.09,210,366,295.01,184.88,United Kingdom,0.85,3,1,2,0
14031,Campeões,7,19,17286.86,119,372,909.83,304.63,United Kingdom,1.00,3,3,2,0
14032,Campeões,2,11,2975.59,53,367,270.51,184.73,United Kingdom,1.00,3,3,2,0
14034,Clientes Leais,22,3,651.82,82,157,217.27,141.00,United Kingdom,1.00,1,1,3,0
14035,Clientes Leais,29,5,1428.02,41,298,285.60,147.80,United Kingdom,0.84,1,1,3,0
14036,Perdidos / Inativos,285,1,626.65,38,285,626.65,268.00,United Kingdom,1.00,2,0,1,0
14037,Perdidos / Inativos,176,2,147.20,27,365,73.60,23.00,United Kingdom,0.54,2,0,3,0
14038,Clientes Leais,78,3,1560.38,64,207,520.13,321.67,United Kingdom,1.00,1,1,3,0
14039,Novos Clientes,33,1,152.20,6,33,152.20,92.00,United Kingdom,1.00,0,2,0,0
14040,Campeões,41,12,3614.92,146,331,301.24,129.50,United Kingdom,0.93,3,1,2,0
14041,Perdidos / Inativos,266,1,141.41,21,266,141.41,94.00,United Kingdom,1.00,2,0,1,0
14044,Clientes Leais,27,4,652.82,165,310,163.21,77.00,United Kingdom,0.67,1,1,3,0
14045,Perdidos / Inativos,109,4,1659.75,4,374,414.94,133.75,United Kingdom,0.94,2,1,2,0
14046,Perdidos / Inativos,284,1,151.59,13,284,151.59,443.00,United Kingdom,1.00,2,0,1,0
14047,Clientes Leais,9,5,1308.61,22,373,261.72,76.20,United Kingdom,0.94,1,1,2,0
14048,Perdidos / Inativos,305,1,409.93,83,305,409.93,288.00,United Kingdom,1.00,2,0,1,0
14049,Campeões,17,4,5681.72,348,318,1420.43,967.50,United Kingdom,0.70,3,3,3,0
14050,Novos Clientes,32,2,746.36,49,106,373.18,344.50,United Kingdom,1.00,0,2,3,0
14051,Campeões,1,23,15610.39,52,367,678.71,163.30,United Kingdom,1.00,3,3,2,0
14052,Novos Clientes,20,1,225.36,56,20,225.36,89.00,United Kingdom,1.00,0,2,0,0
14053,Perdidos / Inativos,124,2,260.25,2,160,130.12,107.50,United Kingdom,1.00,2,0,3,0
14054,Novos Clientes,65,1,92.46,6,65,92.46,62.00,United Kingdom,1.00,0,2,0,0
14055,Novos Clientes,106,1,725.64,10,106,725.64,216.00,United Kingdom,1.00,0,2,0,0
14056,Campeões,1,23,8214.65,320,284,357.16,185.78,United Kingdom,0.99,3,3,2,0
14057,Campeões,24,17,6217.96,179,361,365.76,286.82,United Kingdom,1.00,3,3,2,0
14059,Perdidos / Inativos,267,1,183.60,8,267,183.60,128.00,United Kingdom,1.00,2,0,1,0
14060,Campeões,5,19,6140.42,86,373,323.18,283.47,United Kingdom,1.00,3,3,2,0
14062,Campeões,10,12,10464.85,60,364,872.07,466.08,United Kingdom,1.00,3,3,2,0
14064,Clientes Leais,29,5,1353.74,59,274,270.75,357.60,United Kingdom,0.99,1,1,3,0
14066,Perdidos / Inativos,267,1,152.55,7,267,152.55,45.00,United Kingdom,1.00,2,0,1,0
14067,Novos Clientes,64,2,374.70,51,97,187.35,180.50,United Kingdom,1.00,0,2,3,0
14068,Perdidos / Inativos,320,1,265.85,22,320,265.85,73.00,United Kingdom,1.00,2,0,1,0
14071,Campeões,4,8,1424.00,270,265,178.00,119.62,United Kingdom,0.98,3,3,3,0
14073,Novos Clientes,32,1,151.04,13,32,151.04,130.00,United Kingdom,1.00,0,2,0,0
14075,Clientes Leais,5,3,942.26,33,261,314.09,251.33,United Kingdom,0.99,1,1,3,0
14076,Novos Clientes,129,1,122.47,43,129,122.47,81.00,United Kingdom,0.99,0,0,1,0
14077,Clientes Leais,41,5,499.42,33,274,99.88,53.60,United Kingdom,0.99,1,1,3,0
14078,Clientes Leais,102,6,1049.37,46,373,174.89,51.67,United Kingdom,0.60,1,1,3,0
14079,Perdidos / Inativos,125,1,375.10,12,125,375.10,301.00,United Kingdom,0.87,2,0,1,0
14080,Novos Clientes,33,1,45.60,4,33,45.60,48.00,United Kingdom,1.00,0,2,0,0
14081,Clientes Leais,302,2,934.52,126,369,467.26,298.00,United Kingdom,0.83,1,0,3,0
14082,Perdidos / Inativos,365,1,182.25,28,365,182.25,110.00,United Kingdom,1.00,2,0,1,0
14083,Campeões,4,9,1018.43,162,372,113.16,81.33,United Kingdom,0.99,3,3,2,0
14085,Campeões,2,18,4448.54,272,369,247.14,176.89,United Kingdom,1.00,3,3,2,0
14087,Novos Clientes,3,1,194.42,61,3,194.42,251.00,United Kingdom,1.00,0,2,3,0
14088,Campeões,10,13,50491.81,379,322,3883.99,974.23,United Kingdom,0.98,3,3,2,-1
14089,Novos Clientes,57,1,161.00,13,57,161.00,134.00,United Kingdom,1.00,0,2,0,0
14090,Perdidos / Inativos,325,1,76.32,1,325,76.32,72.00,United Kingdom,1.00,2,0,1,0
14092,Campeões,8,14,4076.91,117,358,291.21,147.57,United Kingdom,0.99,3,3,2,0
14093,Novos Clientes,12,1,442.85,95,12,442.85,406.00,United Kingdom,1.00,0,2,0,0
14096,Campeões,4,17,53258.43,1118,102,3132.85,960.94,United Kingdom,1.00,3,3,3,-1
14098,Novos Clientes,37,1,147.35,21,37,147.35,104.00,United Kingdom,1.00,0,2,0,0
14099,Campeões,16,11,3104.17,167,355,282.20,198.09,United Kingdom,0.95,3,3,2,0
14100,Perdidos / Inativos,138,1,194.90,24,138,194.90,64.00,United Kingdom,1.00,2,0,1,0
14101,Clientes Leais,74,6,5976.79,15,326,996.13,1157.00,United Kingdom,0.99,1,1,2,-1
14102,Novos Clientes,5,5,1360.28,35,45,272.06,192.20,United Kingdom,1.00,0,1,3,0
14104,Perdidos / Inativos,155,2,216.21,21,166,108.10,36.00,United Kingdom,1.00,2,0,3,0
14105,Clientes Leais,239,1,1266.23,74,239,1266.23,800.00,United Kingdom,1.00,1,0,1,0
14107,Clientes Leais,52,7,2703.23,61,364,386.18,256.14,United Kingdom,0.67,1,1,2,0
14108,Novos Clientes,31,2,597.91,33,102,298.95,190.50,United Kingdom,1.00,0,2,3,0
14109,Novos Clientes,73,1,144.20,9,73,144.20,88.00,United Kingdom,1.00,0,2,0,0
14110,Campeões,4,12,5683.15,94,267,473.60,203.75,United Kingdom,0.74,3,3,3,0
14111,Clientes Leais,14,4,692.85,10,242,173.21,114.50,United Kingdom,1.00,1,1,3,0
14112,Campeões,23,7,2915.15,117,276,416.45,235.86,United Kingdom,0.97,3,1,3,0
14113,Clientes Leais,4,4,1840.42,26,355,460.11,186.25,United Kingdom,0.99,1,1,2,0
14114,Perdidos / Inativos,274,2,386.53,15,331,193.26,50.50,United Kingdom,0.82,2,0,3,0
14116,Clientes Leais,20,5,1382.74,61,122,276.55,141.40,United Kingdom,1.00,1,1,3,0
14117,Perdidos / Inativos,144,1,90.00,3,144,90.00,72.00,United Kingdom,1.00,2,2,1,0
14121,Campeões,4,4,2780.15,148,60,695.04,520.50,United Kingdom,1.00,3,1,3,0
14124,Novos Clientes,84,1,419.58,4,84,419.58,1618.00,United Kingdom,1.00,0,2,0,0
14125,Clientes Leais,11,3,2740.43,159,78,913.48,546.67,United Kingdom,1.00,1,1,3,0
14126,Novos Clientes,8,3,706.13,14,11,235.38,169.33,United Kingdom,1.00,0,2,3,0
14127,Clientes Leais,123,3,709.71,39,311,236.57,107.00,United Kingdom,0.90,1,0,3,0
14128,Clientes Leais,61,2,637.50,40,256,318.75,282.00,United Kingdom,1.00,1,0,3,0
14129,Campeões,2,5,1123.86,31,261,224.77,118.40,United Kingdom,0.98,3,1,3,0
14130,Perdidos / Inativos,319,1,483.86,66,319,483.86,258.00,United Kingdom,1.00,2,0,1,0
14132,Campeões,2,11,3586.03,100,184,326.00,306.18,United Kingdom,1.00,3,3,3,0
14133,Clientes Leais,130,3,605.64,25,316,201.88,116.00,United Kingdom,0.87,1,0,3,0
14135,Campeões,2,15,4690.31,95,373,312.69,256.67,United Kingdom,1.00,3,3,2,0
14138,Novos Clientes,2,2,982.38,40,64,491.19,305.00,United Kingdom,1.00,0,1,3,0
14139,Novos Clientes,46,1,415.82,26,46,415.82,510.00,United Kingdom,1.00,0,2,0,0
14140,Novos Clientes,4,2,935.05,60,32,467.52,405.50,United Kingdom,1.00,0,2,3,0
14141,Novos Clientes,3,4,915.13,27,105,228.78,88.75,United Kingdom,1.00,0,1,3,0
14142,Perdidos / Inativos,373,1,311.81,22,373,311.81,313.00,United Kingdom,1.00,2,0,1,0
14143,Perdidos / Inativos,134,1,115.80,7,134,115.80,30.00,United Kingdom,1.00,2,2,1,0
14145,Clientes Leais,47,4,3742.20,6,217,935.55,189.00,United Kingdom,0.97,1,1,3,-1
14146,Campeões,9,5,4191.00,183,357,838.20,487.40,United Kingdom,0.84,3,1,2,0
14147,Perdidos / Inativos,78,2,483.40,4,286,241.70,54.00,United Kingdom,0.77,2,0,3,0
14148,Perdidos / Inativos,234,1,157.20,3,234,157.20,16.00,United Kingdom,1.00,2,0,1,0
14149,Perdidos / Inativos,221,1,446.62,28,221,446.62,218.00,United Kingdom,1.00,2,0,1,0
14150,Clientes Leais,36,2,658.64,23,360,329.32,248.00,United Kingdom,0.84,1,0,2,0
14152,Clientes Leais,75,2,621.29,47,234,310.64,355.50,United Kingdom,1.00,1,0,3,0
14154,Clientes Leais,239,2,1345.62,52,239,672.81,232.50,United Kingdom,1.00,1,0,3,0
14155,Perdidos / Inativos,266,1,118.75,6,266,118.75,25.00,United Kingdom,1.00,2,0,1,0
14156,Campeões,10,54,116729.63,713,372,2161.66,1071.70,EIRE,1.00,3,3,2,-1
14157,Clientes Leais,20,2,432.88,45,285,216.44,142.00,United Kingdom,0.92,1,1,3,0
14158,Novos Clientes,40,1,507.66,41,40,507.66,781.00,United Kingdom,1.00,0,2,0,0
14159,Campeões,20,11,4690.64,500,363,426.42,400.45,United Kingdom,0.93,3,3,2,0
14161,Clientes Leais,216,3,1110.52,87,369,370.17,151.67,United Kingdom,0.86,1,1,3,0
14162,Perdidos / Inativos,174,2,289.36,25,293,144.68,71.00,United Kingdom,0.97,2,0,3,0
14163,Clientes Leais,87,4,2445.91,36,239,611.48,223.25,United Kingdom,1.00,1,0,3,0
14164,Novos Clientes,71,2,1631.77,28,81,815.88,516.50,United Kingdom,1.00,0,2,3,0
14165,Perdidos / Inativos,276,1,122.54,23,276,122.54,54.00,United Kingdom,1.00,2,0,1,0
14167,Clientes Leais,39,4,574.84,27,331,143.71,37.50,United Kingdom,0.60,1,1,3,0
14171,Novos Clientes,98,1,363.79,57,98,363.79,167.00,United Kingdom,1.00,0,2,0,0
14173,Clientes Leais,11,4,450.84,28,219,112.71,37.50,United Kingdom,1.00,1,1,3,0
14174,Novos Clientes,33,1,134.46,26,33,134.46,94.00,United Kingdom,1.00,0,2,0,0
14175,Clientes Leais,60,3,3222.30,139,330,1074.10,505.00,United Kingdom,0.68,1,1,3,0
14176,Perdidos / Inativos,297,4,576.90,28,368,144.23,52.25,United Kingdom,0.85,2,0,3,0
14177,Clientes Leais,86,4,559.41,37,180,139.85,51.25,United Kingdom,1.00,1,0,3,0
14178,Campeões,9,7,1600.93,190,182,228.70,214.71,United Kingdom,1.00,3,1,3,0
14179,Novos Clientes,41,2,719.78,135,52,359.89,165.00,United Kingdom,1.00,0,2,3,0
14180,Campeões,11,25,4748.52,112,372,189.94,28.76,United Kingdom,1.00,3,3,2,0
14184,Novos Clientes,67,1,452.89,24,67,452.89,127.00,United Kingdom,1.00,0,2,0,0
14185,Perdidos / Inativos,331,1,197.65,3,331,197.65,6.00,United Kingdom,1.00,2,0,1,0
14188,Clientes Leais,31,6,2054.36,34,310,342.39,193.67,United Kingdom,0.51,1,1,3,0
14189,Campeões,2,15,4654.08,176,369,310.27,262.47,United Kingdom,1.00,3,3,2,0
14191,Campeões,2,13,4684.76,145,221,360.37,281.69,United Kingdom,1.00,3,3,3,0
14193,Clientes Leais,68,2,853.39,35,270,426.69,222.50,United Kingdom,0.99,1,0,3,0
14194,Campeões,5,21,11349.52,269,308,540.45,278.10,United Kingdom,1.00,3,3,2,0
14195,Perdidos / Inativos,202,2,1012.00,7,252,506.00,380.00,United Kingdom,0.98,2,0,3,0
14196,Novos Clientes,107,1,335.52,6,107,335.52,142.00,United Kingdom,1.00,0,2,0,0
14198,Clientes Leais,18,4,701.40,35,239,175.35,72.50,United Kingdom,1.00,1,1,3,0
14199,Perdidos / Inativos,218,1,185.40,2,218,185.40,28.00,United Kingdom,1.00,2,0,1,0
14201,Clientes Leais,60,7,747.44,32,359,106.78,84.29,United Kingdom,0.69,1,1,2,0
14204,Novos Clientes,2,1,161.03,36,2,161.03,82.00,United Kingdom,1.00,0,2,3,0
14205,Clientes Leais,17,2,466.70,23,264,233.35,102.00,United Kingdom,0.99,1,0,3,0
14206,Perdidos / Inativos,239,1,328.16,20,239,328.16,276.00,United Kingdom,1.00,2,0,1,0
14208,Novos Clientes,95,1,151.74,10,95,151.74,114.00,United Kingdom,1.00,0,2,0,0
14209,Campeões,11,6,2073.43,55,332,345.57,115.17,United Kingdom,0.79,3,1,2,0
14210,Clientes Leais,106,6,1905.84,66,372,317.64,126.67,United Kingdom,0.65,1,1,3,0
14211,Clientes Leais,53,9,2241.10,87,295,249.01,138.00,United Kingdom,0.66,1,1,3,0
14212,Novos Clientes,90,1,1070.48,9,90,1070.48,1152.00,United Kingdom,1.00,0,2,0,0
14214,Clientes Leais,31,5,1004.38,64,278,200.88,150.20,United Kingdom,0.98,1,1,3,0
14215,Campeões,12,6,1789.72,98,368,298.29,226.33,United Kingdom,0.84,3,3,2,0
14216,Novos Clientes,3,4,1839.30,47,38,459.82,148.50,United Kingdom,1.00,0,1,3,0
14217,Campeões,2,17,2004.98,78,366,117.94,40.53,United Kingdom,1.00,3,3,2,0
14218,Novos Clientes,43,1,169.48,12,43,169.48,160.00,United Kingdom,1.00,0,2,0,0
14219,Novos Clientes,4,1,89.94,7,4,89.94,78.00,United Kingdom,1.00,0,2,3,0
14220,Perdidos / Inativos,247,2,632.40,21,358,316.20,136.00,United Kingdom,0.73,2,0,3,0
14221,Campeões,42,9,3432.80,123,339,381.42,243.44,United Kingdom,0.77,3,1,2,0
14222,Perdidos / Inativos,177,1,683.17,41,177,683.17,607.00,United Kingdom,1.00,2,0,1,0
14223,Clientes Leais,92,3,991.13,50,264,330.38,195.00,United Kingdom,1.00,1,0,3,0
14224,Clientes Leais,110,4,1050.12,105,320,262.53,128.50,United Kingdom,0.86,1,1,3,0
14226,Clientes Leais,29,5,2232.19,64,269,446.44,261.60,United Kingdom,0.99,1,1,3,0
14227,Campeões,26,10,3350.96,117,285,335.10,182.00,United Kingdom,0.74,3,1,3,0
14229,Clientes Leais,52,3,1547.20,29,334,515.73,203.33,United Kingdom,0.63,1,0,2,0
14231,Clientes Leais,184,3,925.71,47,289,308.57,136.33,United Kingdom,0.98,1,0,3,0
14232,Clientes Leais,43,5,2048.07,81,265,409.61,388.20,United Kingdom,1.00,1,1,3,0
14233,Clientes Leais,49,4,1462.72,30,318,365.68,170.00,United Kingdom,0.62,1,0,3,0
14234,Novos Clientes,22,4,775.46,122,57,193.87,240.75,United Kingdom,1.00,0,1,3,0
14235,Clientes Leais,75,5,3144.86,65,260,628.97,391.80,United Kingdom,0.99,1,1,3,0
14236,Perdidos / Inativos,81,2,490.86,15,372,245.43,155.00,United Kingdom,0.56,2,0,2,0
14237,Perdidos / Inativos,373,1,161.00,9,373,161.00,38.00,United Kingdom,1.00,2,0,1,0
14238,Perdidos / Inativos,326,1,146.85,8,326,146.85,111.00,United Kingdom,1.00,2,0,1,0
14239,Campeões,43,11,2380.85,83,316,216.44,90.27,United Kingdom,0.86,3,1,2,0
14240,Clientes Leais,30,2,890.34,37,226,445.17,209.00,United Kingdom,1.00,1,1,3,0
14241,Perdidos / Inativos,184,1,213.70,10,184,213.70,146.00,United Kingdom,1.00,2,0,1,0
14242,Perdidos / Inativos,235,2,280.55,13,326,140.28,61.50,United Kingdom,0.84,2,0,3,0
14243,Campeões,9,10,2588.77,99,366,258.88,122.10,United Kingdom,0.96,3,3,2,0
14245,Clientes Leais,220,2,1693.45,107,264,846.73,488.00,United Kingdom,1.00,1,0,3,0
14246,Clientes Leais,111,3,1474.06,57,246,491.35,268.00,United Kingdom,1.00,1,0,3,0
14247,Perdidos / Inativos,278,1,136.77,19,278,136.77,47.00,United Kingdom,1.00,2,0,1,0
14248,Perdidos / Inativos,318,1,302.58,8,318,302.58,102.00,United Kingdom,1.00,2,0,1,0
14250,Clientes Leais,7,3,1904.05,94,89,634.68,400.00,United Kingdom,1.00,1,1,3,0
14251,Novos Clientes,2,5,2879.70,37,58,575.94,334.80,United Kingdom,1.00,0,1,3,0
14256,Clientes Leais,260,2,969.06,51,365,484.53,207.00,United Kingdom,0.80,1,0,3,0
14257,Clientes Leais,64,5,3099.72,88,319,619.94,336.40,United Kingdom,0.73,1,1,3,0
14258,Campeões,9,9,12669.98,58,338,1407.78,788.89,United Kingdom,1.00,3,3,2,0
14259,Perdidos / Inativos,142,1,120.00,5,142,120.00,68.00,United Kingdom,1.00,2,2,1,0
14261,Novos Clientes,51,2,1163.45,52,79,581.73,203.00,United Kingdom,1.00,0,2,3,0
14262,Campeões,8,8,2618.23,87,241,327.28,205.62,United Kingdom,1.00,3,3,3,0
14264,Perdidos / Inativos,155,2,333.97,15,246,166.99,35.00,United Kingdom,1.00,2,0,3,0
14265,Novos Clientes,109,2,530.18,31,149,265.09,165.00,Unspecified,1.00,0,0,3,0
14267,Clientes Leais,163,3,1516.24,25,261,505.41,176.67,United Kingdom,0.99,1,0,3,0
14270,Perdidos / Inativos,332,1,492.65,29,332,492.65,197.00,United Kingdom,1.00,2,0,1,0
14271,Perdidos / Inativos,226,1,112.32,10,226,112.32,88.00,United Kingdom,1.00,2,0,1,0
14272,Clientes Leais,74,2,437.96,33,254,218.98,299.50,United Kingdom,1.00,1,0,3,0
14273,Clientes Leais,51,4,559.97,22,242,139.99,66.00,United Kingdom,1.00,1,0,3,0
14276,Clientes Leais,99,3,1119.74,52,290,373.25,248.00,United Kingdom,0.97,1,0,3,0
14277,Clientes Leais,15,3,4180.20,194,212,1393.40,660.67,France,1.00,1,1,3,0
14280,Perdidos / Inativos,197,1,134.04,8,197,134.04,52.00,United Kingdom,1.00,2,0,1,0
14282,Campeões,3,15,3729.34,70,368,248.62,177.87,United Kingdom,1.00,3,3,2,0
14284,Novos Clientes,31,2,595.25,24,86,297.62,80.50,United Kingdom,1.00,0,2,3,0
14285,Clientes Leais,21,4,1910.01,18,177,477.50,135.25,United Kingdom,1.00,1,1,3,0
14286,Clientes Leais,24,3,4628.75,220,243,1542.92,1446.00,United Kingdom,1.00,1,1,3,0
14287,Novos Clientes,8,3,176.63,9,199,58.88,87.00,United Kingdom,1.00,0,0,3,0
14288,Perdidos / Inativos,213,1,426.60,16,213,426.60,188.00,United Kingdom,1.00,2,0,1,0
14289,Clientes Leais,9,6,911.26,33,290,151.88,48.67,United Kingdom,0.84,1,1,3,0
14290,Campeões,11,5,2314.65,89,362,462.93,183.00,United Kingdom,0.85,3,1,2,0
14291,Campeões,2,11,3883.25,145,275,353.02,249.91,United Kingdom,0.77,3,3,3,0
14292,Campeões,8,9,4871.93,64,283,541.33,184.78,United Kingdom,0.54,3,3,3,0
14293,Campeões,3,4,1046.56,51,369,261.64,177.25,United Kingdom,0.98,3,1,2,0
14295,Novos Clientes,40,1,166.20,5,40,166.20,84.00,United Kingdom,1.00,0,2,0,0
14297,Clientes Leais,18,4,1305.33,48,275,326.33,216.25,United Kingdom,0.98,1,1,3,0
14298,Campeões,8,44,51527.30,884,360,1171.08,1325.98,United Kingdom,1.00,3,3,2,-1
14299,Campeões,8,9,3965.62,94,366,440.62,238.78,United Kingdom,0.96,3,3,2,0
14300,Novos Clientes,19,1,43.20,3,19,43.20,32.00,United Kingdom,1.00,0,2,0,0
14301,Novos Clientes,117,1,640.14,13,117,640.14,606.00,United Kingdom,0.91,0,2,0,0
14304,Perdidos / Inativos,223,1,383.45,17,223,383.45,139.00,United Kingdom,1.00,2,0,1,0
14305,Clientes Leais,71,3,1858.96,96,135,619.65,363.00,United Kingdom,1.00,1,1,3,0
14306,Novos Clientes,51,2,2093.32,33,86,1046.66,537.50,United Kingdom,1.00,0,2,3,0
14307,Clientes Leais,89,6,2995.72,150,374,499.29,343.00,United Kingdom,0.71,1,1,3,0
14309,Campeões,8,9,2352.53,74,358,261.39,181.44,United Kingdom,0.95,3,3,2,0
14311,Perdidos / Inativos,243,1,310.26,20,243,310.26,146.00,United Kingdom,1.00,2,0,1,0
14312,Clientes Leais,47,6,1611.59,74,337,268.60,168.67,United Kingdom,0.51,1,1,3,0
14314,Perdidos / Inativos,107,1,120.00,8,107,120.00,296.00,United Kingdom,1.00,2,2,0,0
14315,Clientes Leais,45,6,2481.13,64,266,413.52,170.17,United Kingdom,0.99,1,1,3,0
14317,Novos Clientes,65,1,508.58,24,65,508.58,255.00,United Kingdom,1.00,0,2,0,0
14320,Perdidos / Inativos,207,2,477.79,29,333,238.90,162.50,United Kingdom,0.79,2,0,3,0
14321,Campeões,11,5,1530.75,111,334,306.15,481.20,United Kingdom,0.70,3,1,2,0
14323,Clientes Leais,115,2,605.06,32,239,302.53,175.00,United Kingdom,1.00,1,0,3,0
14326,Perdidos / Inativos,242,1,183.85,8,242,183.85,103.00,United Kingdom,1.00,2,0,1,0
14327,Perdidos / Inativos,163,1,311.65,12,163,311.65,139.00,United Kingdom,1.00,2,0,1,0
14329,Campeões,17,7,5014.84,218,329,716.41,442.14,United Kingdom,0.57,3,3,2,0
14331,Novos Clientes,124,2,462.66,27,135,231.33,126.00,United Kingdom,1.00,0,0,3,0
14332,Novos Clientes,23,3,866.31,22,148,288.77,160.33,United Kingdom,1.00,0,2,3,0
14333,Novos Clientes,68,1,415.20,15,68,415.20,58.00,United Kingdom,1.00,0,2,0,0
14334,Campeões,17,8,2552.21,98,358,319.03,216.38,United Kingdom,0.86,3,3,2,0
14335,Novos Clientes,16,2,468.26,55,96,234.13,189.50,Germany,1.00,0,2,3,0
14336,Clientes Leais,17,4,1614.91,77,276,403.73,439.75,United Kingdom,0.98,1,1,3,0
14338,Perdidos / Inativos,161,2,588.22,30,196,294.11,167.50,United Kingdom,1.00,2,0,3,0
14339,Perdidos / Inativos,243,1,309.52,14,243,309.52,168.00,United Kingdom,1.00,2,0,1,0
14340,Perdidos / Inativos,219,1,134.70,6,219,134.70,58.00,United Kingdom,1.00,2,0,1,0
14341,Clientes Leais,45,8,2182.28,109,318,272.79,175.38,United Kingdom,0.51,1,1,2,0
14342,Clientes Leais,21,4,668.56,18,210,167.14,86.75,United Kingdom,1.00,1,1,3,0
14344,Clientes Leais,127,8,889.93,56,369,111.24,59.62,United Kingdom,0.71,1,1,2,0
14345,Novos Clientes,39,1,108.98,6,39,108.98,50.00,United Kingdom,1.00,0,2,0,0
14346,Clientes Leais,121,2,1021.58,55,297,510.79,302.50,United Kingdom,0.93,1,0,3,0
14348,Perdidos / Inativos,260,1,409.57,18,260,409.57,183.00,United Kingdom,1.00,2,0,1,0
14349,Novos Clientes,10,1,133.50,31,10,133.50,86.00,United Kingdom,1.00,0,2,0,0
14350,Perdidos / Inativos,274,1,282.93,18,274,282.93,183.00,United Kingdom,1.00,2,0,1,0
14351,Perdidos / Inativos,165,1,51.00,1,165,51.00,12.00,United Kingdom,1.00,2,2,1,0
14352,Clientes Leais,157,4,1078.96,44,273,269.74,134.50,United Kingdom,0.99,1,0,3,0
14353,Perdidos / Inativos,215,1,90.60,6,215,90.60,64.00,United Kingdom,1.00,2,2,1,0
14354,Novos Clientes,6,2,163.62,9,30,81.81,105.00,United Kingdom,1.00,0,2,3,0
14355,Perdidos / Inativos,366,1,174.40,11,366,174.40,92.00,United Kingdom,1.00,2,0,1,0
14356,Novos Clientes,80,2,701.23,33,81,350.62,138.50,United Kingdom,1.00,0,2,3,0
14357,Novos Clientes,43,1,225.77,39,43,225.77,148.00,United Kingdom,1.00,0,2,0,0
14359,Novos Clientes,19,3,912.18,44,88,304.06,123.67,United Kingdom,1.00,0,2,3,0
14360,Clientes Leais,32,4,2128.23,104,95,532.06,287.75,United Kingdom,1.00,1,1,3,0
14362,Novos Clientes,22,1,161.20,37,22,161.20,100.00,United Kingdom,1.00,0,2,0,0
14364,Clientes Leais,109,8,3717.35,61,211,464.67,245.88,United Kingdom,1.00,1,1,3,0
14367,Campeões,8,16,9261.52,270,276,578.85,277.38,United Kingdom,0.65,3,3,2,0
14368,Perdidos / Inativos,320,1,155.00,8,320,155.00,36.00,United Kingdom,1.00,2,0,1,0
14371,Perdidos / Inativos,295,1,100.50,4,295,100.50,34.00,United Kingdom,1.00,2,0,1,0
14373,Perdidos / Inativos,358,1,76.55,4,358,76.55,17.00,United Kingdom,1.00,2,0,1,0
14375,Perdidos / Inativos,185,1,257.68,57,185,257.68,194.00,United Kingdom,1.00,2,0,1,0
14377,Perdidos / Inativos,191,2,617.05,11,262,308.52,109.50,United Kingdom,0.99,2,0,3,0
14379,Clientes Leais,44,2,348.10,39,295,174.05,146.00,United Kingdom,0.90,1,0,3,0
14381,Novos Clientes,52,1,202.68,56,52,202.68,146.00,United Kingdom,1.00,0,2,0,0
14382,Novos Clientes,26,1,626.07,121,26,626.07,1237.00,United Kingdom,1.00,0,2,0,0
14383,Clientes Leais,38,3,1247.69,49,164,415.90,272.33,United Kingdom,1.00,1,2,3,0
14385,Novos Clientes,9,3,202.11,13,24,67.37,53.00,United Kingdom,1.00,0,2,3,0
14386,Perdidos / Inativos,297,1,142.40,7,297,142.40,54.00,United Kingdom,1.00,2,0,1,0
14387,Clientes Leais,33,3,1770.56,125,109,590.19,273.00,United Kingdom,1.00,1,1,3,0
14388,Campeões,10,8,3212.84,124,373,401.61,242.62,United Kingdom,0.90,3,3,2,0
14389,Clientes Leais,65,2,1043.46,33,191,521.73,364.50,United Kingdom,1.00,1,0,3,0
14390,Campeões,10,9,4652.82,135,373,516.98,237.33,United Kingdom,0.93,3,3,2,0
14393,Perdidos / Inativos,218,1,67.95,5,218,67.95,13.00,United Kingdom,1.00,2,2,1,0
14395,Campeões,2,9,3507.71,181,372,389.75,188.11,United Kingdom,0.99,3,3,2,0
14396,Clientes Leais,65,2,487.99,71,371,244.00,112.50,United Kingdom,0.68,1,1,2,0
14397,Campeões,3,19,2612.96,18,214,137.52,99.47,United Kingdom,0.99,3,3,3,-1
14400,Perdidos / Inativos,149,1,574.70,25,149,574.70,454.00,United Kingdom,1.00,2,0,1,0
14401,Campeões,4,13,4051.48,113,360,311.65,346.69,United Kingdom,0.99,3,3,2,0
14403,Clientes Leais,130,4,1475.81,17,247,368.95,129.75,United Kingdom,1.00,1,0,3,0
14404,Clientes Leais,34,6,1474.32,70,369,245.72,139.83,United Kingdom,0.63,1,1,2,0
14406,Perdidos / Inativos,119,1,156.75,8,119,156.75,77.00,United Kingdom,0.70,2,2,0,0
14407,Clientes Leais,107,5,2142.73,66,277,428.55,282.80,United Kingdom,0.98,1,1,3,0
14408,Campeões,11,7,2606.53,60,264,372.36,230.86,United Kingdom,0.98,3,3,3,0
14409,Clientes Leais,71,6,2059.45,40,368,343.24,205.00,United Kingdom,0.56,1,1,2,0
14410,Clientes Leais,92,9,1104.07,152,306,122.67,63.22,United Kingdom,0.65,1,1,2,0
14411,Perdidos / Inativos,311,1,1063.00,14,311,1063.00,196.00,United Kingdom,1.00,2,0,1,0
14412,Novos Clientes,43,2,770.03,43,73,385.01,393.00,United Kingdom,1.00,0,2,3,0
14413,Perdidos / Inativos,362,1,122.70,22,362,122.70,68.00,United Kingdom,1.00,2,0,1,0
14414,Clientes Leais,92,7,1496.98,79,359,213.85,358.86,United Kingdom,0.56,1,1,2,0
14415,Campeões,1,13,5900.28,283,360,453.87,231.62,United Kingdom,1.00,3,3,2,0
14416,Novos Clientes,22,2,490.22,13,42,245.11,163.00,United Kingdom,1.00,0,2,3,0
14418,Clientes Leais,4,3,1937.25,114,108,645.75,570.33,United Kingdom,1.00,1,1,3,0
14419,Campeões,11,6,1058.06,112,365,176.34,81.17,United Kingdom,0.90,3,1,2,0
14420,Novos Clientes,99,1,387.52,29,99,387.52,334.00,United Kingdom,1.00,0,0,0,0
14421,Clientes Leais,57,2,813.11,25,212,406.56,182.50,United Kingdom,1.00,1,0,3,0
14422,Campeões,1,6,4263.64,189,267,710.61,484.33,United Kingdom,0.97,3,3,3,0
14423,Perdidos / Inativos,218,1,265.20,3,218,265.20,120.00,United Kingdom,1.00,2,0,1,0
14424,Novos Clientes,18,1,322.08,1,18,322.08,48.00,United Kingdom,1.00,0,2,0,0
14426,Campeões,24,10,4481.67,183,313,448.17,269.90,United Kingdom,0.67,3,3,2,0
14427,Novos Clientes,50,2,363.34,16,64,181.67,114.00,United Kingdom,1.00,0,2,3,0
14428,Campeões,7,5,1244.83,108,325,248.97,87.20,United Kingdom,0.72,3,1,2,0
14431,Perdidos / Inativos,303,1,470.36,17,303,470.36,130.00,United Kingdom,1.00,2,0,1,0
14432,Campeões,10,6,2255.51,256,89,375.92,345.00,United Kingdom,1.00,3,1,3,0
14434,Novos Clientes,22,6,1372.80,3,72,228.80,61.33,United Kingdom,1.00,0,1,3,-1
14436,Novos Clientes,99,1,89.06,9,99,89.06,129.00,United Kingdom,1.00,0,2,0,0
14437,Perdidos / Inativos,366,1,63.00,5,366,63.00,60.00,United Kingdom,1.00,2,0,1,0
14438,Perdidos / Inativos,306,1,131.90,9,306,131.90,82.00,United Kingdom,1.00,2,0,1,0
14439,Clientes Leais,320,1,2661.24,32,320,2661.24,526.00,Greece,1.00,1,0,1,0
14440,Campeões,8,5,2357.68,33,366,471.54,117.60,United Kingdom,0.96,3,1,2,0
14441,Campeões,1,4,1712.89,43,256,428.22,111.50,United Kingdom,0.98,3,1,3,0
14442,Clientes Leais,205,2,1589.82,58,317,794.91,241.00,Channel Islands,0.81,1,0,3,0
14443,Clientes Leais,54,4,1420.20,84,369,355.05,234.50,United Kingdom,0.60,1,0,3,0
14446,Campeões,1,4,1034.78,232,247,258.69,218.25,United Kingdom,1.00,3,1,3,0
14447,Clientes Leais,19,5,1163.23,54,281,232.65,114.20,United Kingdom,0.97,1,1,3,0
14448,Clientes Leais,9,2,375.35,20,364,187.68,52.00,United Kingdom,0.98,1,0,2,0
14449,Clientes Leais,19,4,907.10,201,372,226.78,189.25,United Kingdom,0.87,1,1,2,0
14450,Perdidos / Inativos,181,3,483.25,32,321,161.08,80.33,United Kingdom,0.88,2,0,3,0
14451,Clientes Leais,60,2,662.59,86,195,331.30,194.50,United Kingdom,1.00,1,0,3,0
14452,Novos Clientes,11,2,264.44,55,94,132.22,59.50,United Kingdom,1.00,0,2,3,0
14453,Perdidos / Inativos,190,1,119.93,22,190,119.93,49.00,United Kingdom,1.00,2,0,1,0
14456,Campeões,5,9,3059.44,579,142,339.94,319.00,United Kingdom,1.00,3,1,3,-1
14457,Perdidos / Inativos,311,1,113.64,4,311,113.64,88.00,United Kingdom,1.00,2,0,1,0
14459,Clientes Leais,155,1,1837.92,37,155,1837.92,760.00,United Kingdom,1.00,1,2,1,0
14460,Perdidos / Inativos,110,3,434.34,14,311,144.78,293.67,United Kingdom,0.88,2,0,3,0
14461,Clientes Leais,148,3,2102.67,172,262,700.89,255.00,United Kingdom,1.00,1,0,3,0
14462,Campeões,66,11,1999.02,149,340,181.73,87.45,United Kingdom,0.93,3,1,2,0
14463,Perdidos / Inativos,98,3,529.62,6,205,176.54,59.67,United Kingdom,1.00,2,0,3,0
14465,Clientes Leais,247,3,1058.62,107,303,352.87,135.00,United Kingdom,0.96,1,1,3,0
14466,Clientes Leais,29,7,2272.40,35,372,324.63,143.71,United Kingdom,0.83,1,1,2,0
14467,Clientes Leais,18,4,598.76,67,313,149.69,69.50,United Kingdom,0.66,1,1,3,0
14470,Clientes Leais,12,2,461.19,43,288,230.59,96.50,United Kingdom,0.81,1,1,3,0
14472,Clientes Leais,104,8,1936.84,153,355,242.10,145.00,United Kingdom,0.65,1,1,2,0
14473,Perdidos / Inativos,74,2,234.34,7,282,117.17,44.00,United Kingdom,0.98,2,0,3,0
14474,Novos Clientes,46,1,547.66,29,46,547.66,140.00,United Kingdom,1.00,0,2,0,0
14475,Clientes Leais,72,3,925.85,35,305,308.62,149.00,United Kingdom,0.88,1,0,3,0
14476,Perdidos / Inativos,257,1,215.70,17,257,215.70,132.00,United Kingdom,1.00,2,0,1,0
14477,Clientes Leais,20,4,1309.60,7,297,327.40,180.00,United Kingdom,0.77,1,1,2,0
14479,Perdidos / Inativos,254,2,316.25,18,365,158.12,58.50,United Kingdom,0.80,2,0,3,0
14480,Novos Clientes,11,1,279.05,13,11,279.05,143.00,United Kingdom,1.00,0,2,0,0
14481,Perdidos / Inativos,165,2,636.51,25,287,318.25,244.50,United Kingdom,0.97,2,0,3,0
14482,Clientes Leais,18,6,2068.15,110,239,344.69,274.33,United Kingdom,1.00,1,1,3,0
14483,Perdidos / Inativos,282,1,137.10,9,282,137.10,97.00,United Kingdom,1.00,2,0,1,0
14484,Novos Clientes,50,1,321.92,14,50,321.92,210.00,United Kingdom,1.00,0,2,0,0
14485,Novos Clientes,39,1,165.75,44,39,165.75,71.00,United Kingdom,1.00,0,2,0,0
14487,Clientes Leais,27,6,1196.33,112,368,199.39,122.50,United Kingdom,0.73,1,1,2,0
14488,Novos Clientes,68,1,1064.28,46,68,1064.28,799.00,United Kingdom,1.00,0,2,0,0
14489,Perdidos / Inativos,207,1,463.38,30,207,463.38,299.00,United Kingdom,1.00,2,0,1,0
14491,Perdidos / Inativos,175,2,340.93,17,373,170.47,69.50,United Kingdom,0.75,2,0,3,0
14493,Campeões,7,5,2383.24,95,155,476.65,257.00,United Kingdom,1.00,3,1,3,0
14494,Novos Clientes,26,1,139.56,7,26,139.56,92.00,United Kingdom,1.00,0,2,0,0
14495,Novos Clientes,51,2,123.80,6,121,61.90,31.00,United Kingdom,1.00,0,2,3,0
14496,Perdidos / Inativos,312,2,538.81,16,373,269.41,79.50,United Kingdom,0.83,2,0,3,0
14497,Perdidos / Inativos,309,1,475.37,29,309,475.37,235.00,United Kingdom,1.00,2,0,1,0
14498,Clientes Leais,43,5,1957.32,162,362,391.46,219.60,United Kingdom,0.53,1,1,3,0
14499,Clientes Leais,26,3,815.32,146,279,271.77,167.00,United Kingdom,0.98,1,1,3,0
14500,Perdidos / Inativos,88,3,356.85,6,190,118.95,39.00,United Kingdom,1.00,2,0,3,0
14501,Perdidos / Inativos,184,2,251.21,9,320,125.61,80.50,United Kingdom,0.85,2,0,3,0
14502,Campeões,20,11,2467.63,367,313,224.33,134.73,United Kingdom,0.85,3,3,2,0
14503,Campeões,3,6,3543.26,113,179,590.54,334.00,United Kingdom,1.00,3,1,3,0
14504,Clientes Leais,47,4,673.26,85,278,168.31,77.00,United Kingdom,0.99,1,1,3,0
14505,Campeões,17,8,5905.64,540,362,738.21,344.88,United Kingdom,0.72,3,3,2,0
14506,Campeões,17,5,2012.17,204,369,402.43,146.00,United Kingdom,0.74,3,1,2,0
14507,Clientes Leais,24,6,1383.18,79,276,230.53,100.00,United Kingdom,0.98,1,1,3,0
14508,Novos Clientes,22,2,276.42,52,90,138.21,65.50,United Kingdom,1.00,0,2,3,0
14511,Clientes Leais,11,5,1314.81,53,134,262.96,156.80,United Kingdom,1.00,1,1,3,0
14512,Perdidos / Inativos,188,2,275.28,19,232,137.64,61.00,United Kingdom,1.00,2,0,3,0
14513,Perdidos / Inativos,101,3,455.59,11,289,151.86,120.33,United Kingdom,0.96,2,0,3,0
14514,Clientes Leais,61,3,1055.35,65,331,351.78,196.33,United Kingdom,0.69,1,0,3,0
14515,Clientes Leais,18,6,2102.09,68,219,350.35,189.00,United Kingdom,1.00,1,1,3,0
14517,Novos Clientes,33,2,330.45,17,142,165.22,45.50,United Kingdom,1.00,0,2,3,0
14518,Novos Clientes,64,1,174.37,16,64,174.37,278.00,United Kingdom,1.00,0,2,0,0
14520,Novos Clientes,2,2,270.60,3,291,135.30,73.00,United Kingdom,0.89,0,0,2,-1
14522,Clientes Leais,24,4,974.54,15,198,243.63,131.25,United Kingdom,1.00,1,1,3,0
14523,Novos Clientes,108,1,241.09,12,108,241.09,251.00,United Kingdom,1.00,0,0,0,0
14524,Campeões,32,9,1867.68,161,361,207.52,75.11,United Kingdom,0.88,3,1,2,0
14525,Campeões,20,9,4332.20,217,361,481.36,299.56,United Kingdom,0.83,3,3,2,0
14527,Campeões,3,55,8507.82,329,369,154.69,37.95,United Kingdom,1.00,3,3,2,0
14528,Novos Clientes,37,1,364.22,18,37,364.22,278.00,United Kingdom,1.00,0,2,0,0
14529,Clientes Leais,60,3,620.04,177,110,206.68,116.00,United Kingdom,1.00,1,1,3,0
14530,Campeões,26,6,2925.91,140,297,487.65,235.00,United Kingdom,0.89,3,1,3,0
14532,Clientes Leais,236,4,932.85,45,352,233.21,71.00,United Kingdom,0.81,1,0,3,0
14533,Clientes Leais,25,7,1949.72,53,353,278.53,574.14,United Kingdom,0.79,1,1,2,0
14534,Campeões,3,18,4445.40,330,319,246.97,113.67,United Kingdom,1.00,3,3,2,0
14535,Clientes Leais,60,3,2864.19,280,249,954.73,610.33,United Kingdom,1.00,1,1,3,0
14536,Perdidos / Inativos,260,1,171.80,18,260,171.80,40.00,United Kingdom,1.00,2,0,1,0
14537,Novos Clientes,58,1,355.56,10,58,355.56,120.00,United Kingdom,1.00,0,2,0,0
14538,Perdidos / Inativos,65,2,388.25,19,256,194.12,77.50,United Kingdom,1.00,2,0,3,0
14539,Novos Clientes,16,2,537.48,31,45,268.74,214.00,United Kingdom,1.00,0,2,3,0
14540,Clientes Leais,10,3,996.26,64,309,332.09,140.33,United Kingdom,0.51,1,1,3,0
14541,Clientes Leais,59,8,1461.65,71,319,182.71,80.88,United Kingdom,0.56,1,1,2,0
14542,Perdidos / Inativos,186,1,103.25,5,186,103.25,19.00,United Kingdom,1.00,2,2,1,0
14543,Campeões,29,16,3590.68,41,365,224.42,42.19,United Kingdom,1.00,3,3,2,0
14544,Clientes Leais,24,2,2024.45,97,362,1012.23,771.50,United Kingdom,0.91,1,1,2,0
14546,Campeões,5,5,2578.09,250,249,515.62,263.40,United Kingdom,1.00,3,1,3,0
14547,Campeões,4,8,4007.54,198,54,500.94,333.50,United Kingdom,1.00,3,1,3,0
14548,Perdidos / Inativos,151,2,652.80,2,318,326.40,128.00,United Kingdom,0.91,2,0,2,0
14549,Perdidos / Inativos,311,1,289.24,56,311,289.24,136.00,United Kingdom,1.00,2,0,1,0
14550,Novos Clientes,11,2,765.62,38,45,382.81,197.00,United Kingdom,1.00,0,2,3,0
14551,Novos Clientes,18,2,186.23,9,204,93.11,53.00,United Kingdom,1.00,0,0,3,0
14552,Perdidos / Inativos,152,1,165.07,57,152,165.07,91.00,United Kingdom,1.00,2,0,1,0
14553,Clientes Leais,19,5,859.27,103,339,171.85,98.60,United Kingdom,0.70,1,1,2,0
14554,Clientes Leais,10,4,2381.04,147,52,595.26,369.50,United Kingdom,1.00,1,1,3,0
14555,Perdidos / Inativos,57,2,324.14,18,302,162.07,65.00,United Kingdom,0.86,2,0,3,0
14557,Novos Clientes,85,1,788.38,16,85,788.38,510.00,United Kingdom,1.00,0,2,0,0
14560,Campeões,7,22,2237.77,39,358,101.72,57.27,United Kingdom,1.00,3,3,2,0
14561,Clientes Leais,76,3,1080.76,67,184,360.25,338.00,United Kingdom,1.00,1,1,3,0
14562,Campeões,4,18,5074.77,187,304,281.93,101.89,United Kingdom,0.99,3,3,2,0
14565,Clientes Leais,96,4,2949.12,110,361,737.28,384.25,United Kingdom,0.73,1,1,3,0
14566,Novos Clientes,111,1,1432.00,4,111,1432.00,800.00,Channel Islands,1.00,0,0,0,0
14567,Novos Clientes,57,2,1530.36,33,130,765.18,206.00,United Kingdom,1.00,0,2,3,0
14569,Novos Clientes,1,1,227.39,10,1,227.39,79.00,United Kingdom,1.00,0,2,3,0
14570,Perdidos / Inativos,281,2,217.21,28,281,108.61,47.00,United Kingdom,0.99,2,0,3,0
14572,Campeões,3,7,2832.84,190,324,404.69,204.00,United Kingdom,0.85,3,3,2,0
14573,Clientes Leais,180,9,1653.42,127,372,183.71,60.44,United Kingdom,0.72,1,1,2,0
14576,Perdidos / Inativos,372,1,35.40,1,372,35.40,12.00,United Kingdom,1.00,2,0,1,0
14577,Clientes Leais,13,4,859.71,86,363,214.93,88.25,United Kingdom,0.86,1,1,2,0
14578,Novos Clientes,3,1,168.63,24,3,168.63,240.00,United Kingdom,1.00,0,2,3,0
14581,Novos Clientes,17,1,138.60,16,17,138.60,217.00,United Kingdom,1.00,0,2,0,0
14582,Novos Clientes,41,1,114.11,6,41,114.11,73.00,United Kingdom,1.00,0,2,0,0
14583,Campeões,6,5,1052.55,243,206,210.51,158.40,United Kingdom,1.00,3,1,3,0
14584,Clientes Leais,169,4,1042.26,68,198,260.56,95.75,United Kingdom,1.00,1,0,3,0
14585,Novos Clientes,50,1,157.05,29,50,157.05,91.00,United Kingdom,1.00,0,2,0,0
14586,Perdidos / Inativos,277,1,237.36,19,277,237.36,444.00,United Kingdom,1.00,2,0,1,0
14587,Campeões,19,9,1601.14,170,331,177.90,84.56,United Kingdom,0.86,3,1,2,0
14589,Perdidos / Inativos,372,1,39.75,3,372,39.75,5.00,United Kingdom,1.00,2,0,1,0
14591,Clientes Leais,15,4,1447.14,138,213,361.79,324.25,United Kingdom,1.00,1,1,3,0
14592,Novos Clientes,35,3,570.46,132,64,190.15,138.33,United Kingdom,1.00,0,1,3,0
14593,Clientes Leais,22,3,617.99,127,199,206.00,110.67,United Kingdom,1.00,1,1,3,0
14594,Clientes Leais,7,2,379.83,48,373,189.91,92.50,United Kingdom,0.99,1,1,2,0
14595,Clientes Leais,20,6,1740.60,94,313,290.10,163.00,United Kingdom,0.65,1,1,3,0
14597,Clientes Leais,11,2,883.15,45,192,441.57,288.50,United Kingdom,1.00,1,1,3,0
14598,Novos Clientes,44,1,221.97,49,44,221.97,189.00,United Kingdom,1.00,0,2,0,0
14600,Perdidos / Inativos,306,1,393.33,25,306,393.33,125.00,United Kingdom,1.00,2,0,1,0
14601,Novos Clientes,11,1,213.96,7,11,213.96,168.00,United Kingdom,1.00,0,2,0,0
14603,Perdidos / Inativos,275,1,660.00,2,275,660.00,400.00,United Kingdom,1.00,2,0,1,0
14606,Campeões,1,90,12006.65,816,373,133.41,69.04,United Kingdom,1.00,3,3,2,-1
14607,Campeões,16,12,15021.50,37,261,1251.79,894.50,United Kingdom,0.96,3,3,2,-1
14608,Clientes Leais,4,4,1785.15,8,362,446.29,109.25,United Kingdom,1.00,1,1,2,0
14609,Perdidos / Inativos,72,4,601.56,2,297,150.39,1756.50,United Kingdom,0.58,2,0,2,0
14616,Perdidos / Inativos,243,3,406.08,2,318,135.36,34.67,United Kingdom,0.56,2,0,3,0
14618,Clientes Leais,9,3,553.44,10,338,184.48,88.00,United Kingdom,0.93,1,0,2,0
14619,Perdidos / Inativos,246,1,394.44,20,246,394.44,152.00,United Kingdom,1.00,2,0,1,0
14620,Perdidos / Inativos,206,2,412.78,26,284,206.39,107.00,United Kingdom,0.98,2,0,3,0
14621,Campeões,1,5,1788.36,80,358,357.67,198.60,United Kingdom,0.99,3,3,2,0
14622,Perdidos / Inativos,185,1,320.58,21,185,320.58,146.00,United Kingdom,1.00,2,0,1,0
14623,Clientes Leais,32,5,884.57,107,235,176.91,81.40,United Kingdom,1.00,1,1,3,0
14624,Novos Clientes,57,2,225.85,13,59,112.92,81.00,United Kingdom,1.00,0,2,3,0
14625,Clientes Leais,196,2,899.63,51,361,449.81,167.50,United Kingdom,0.73,1,0,3,0
14626,Clientes Leais,24,4,2791.27,108,233,697.82,350.75,United Kingdom,1.00,1,1,3,0
14628,Perdidos / Inativos,91,2,671.96,22,242,335.98,136.00,United Kingdom,1.00,2,0,3,0
14629,Novos Clientes,4,2,959.01,133,47,479.50,190.00,United Kingdom,1.00,0,2,3,0
14631,Clientes Leais,51,3,1006.98,38,299,335.66,207.33,United Kingdom,0.90,1,0,3,0
14632,Perdidos / Inativos,263,1,114.56,8,263,114.56,96.00,United Kingdom,1.00,2,0,1,0
14633,Perdidos / Inativos,266,1,344.90,20,266,344.90,96.00,United Kingdom,1.00,2,0,1,0
14636,Clientes Leais,36,2,609.85,27,269,304.93,120.50,United Kingdom,0.99,1,0,3,0
14638,Novos Clientes,51,1,443.60,16,51,443.60,166.00,United Kingdom,1.00,0,2,0,0
14639,Clientes Leais,52,6,2984.49,138,361,497.41,238.50,United Kingdom,0.54,1,1,3,0
14640,Clientes Leais,24,6,2125.08,87,228,354.18,147.67,United Kingdom,1.00,1,1,3,0
14641,Novos Clientes,22,1,110.46,7,22,110.46,90.00,United Kingdom,1.00,0,2,0,0
14642,Novos Clientes,59,1,96.12,2,59,96.12,76.00,United Kingdom,1.00,0,2,0,0
14643,Perdidos / Inativos,170,2,693.81,30,358,346.91,407.50,United Kingdom,0.67,2,0,3,0
14644,Clientes Leais,68,2,830.76,26,298,415.38,129.00,United Kingdom,0.82,1,0,3,0
14645,Perdidos / Inativos,157,2,597.09,28,276,298.55,190.50,United Kingdom,0.99,2,0,3,0
14646,Campeões,2,72,279138.02,699,355,3876.92,2733.94,Netherlands,1.00,3,3,2,-1
14647,Perdidos / Inativos,201,1,243.22,24,201,243.22,95.00,United Kingdom,1.00,2,0,1,0
14649,Campeões,5,4,1417.29,148,212,354.32,254.50,United Kingdom,1.00,3,1,3,0
14651,Clientes Leais,67,2,654.60,95,211,327.30,172.00,United Kingdom,1.00,1,0,3,0
14652,Novos Clientes,77,1,114.18,29,77,114.18,53.00,United Kingdom,1.00,0,2,0,0
14653,Campeões,1,7,1937.60,153,338,276.80,135.57,United Kingdom,0.98,3,3,2,0
14655,Clientes Leais,8,4,1932.23,35,222,483.06,272.25,United Kingdom,1.00,1,1,3,0
14656,Perdidos / Inativos,169,2,291.05,73,283,145.53,60.00,United Kingdom,0.98,2,0,3,0
14657,Clientes Leais,18,4,848.22,103,326,212.06,116.50,United Kingdom,0.54,1,1,2,0
14658,Novos Clientes,5,2,247.15,27,117,123.58,23.50,United Kingdom,1.00,0,0,3,0
14659,Campeões,9,9,2529.93,147,316,281.10,132.78,United Kingdom,0.74,3,3,2,0
14660,Novos Clientes,87,2,285.74,24,101,142.87,114.00,United Kingdom,1.00,0,2,3,0
14661,Novos Clientes,27,1,107.95,4,27,107.95,35.00,United Kingdom,1.00,0,2,0,0
14662,Clientes Leais,29,4,771.17,143,316,192.79,150.50,United Kingdom,0.66,1,1,3,0
14664,Novos Clientes,20,2,637.89,78,33,318.94,233.00,United Kingdom,1.00,0,2,3,0
14665,Clientes Leais,61,5,1835.70,63,311,367.14,148.00,United Kingdom,0.81,1,1,3,0
14666,Novos Clientes,24,1,179.95,13,24,179.95,155.00,United Kingdom,1.00,0,2,0,0
14667,Campeões,11,25,9236.95,353,368,369.48,215.36,United Kingdom,1.00,3,3,2,0
14669,Clientes Leais,242,3,1269.99,158,333,423.33,258.33,United Kingdom,0.88,1,1,3,0
14670,Clientes Leais,280,2,411.53,107,280,205.76,168.50,United Kingdom,0.99,1,0,3,0
14672,Clientes Leais,235,2,765.55,58,336,382.77,227.00,United Kingdom,0.80,1,0,3,0
14673,Campeões,3,5,1736.40,39,368,347.28,200.80,United Kingdom,0.98,3,1,2,0
14675,Novos Clientes,16,1,604.75,93,16,604.75,341.00,United Kingdom,1.00,0,2,0,0
14676,Clientes Leais,31,6,2548.24,29,283,424.71,416.67,United Kingdom,0.79,1,1,3,0
14680,Campeões,25,16,28754.11,73,372,1797.13,842.25,United Kingdom,1.00,3,3,2,-1
14681,Perdidos / Inativos,71,3,498.95,6,212,166.32,25.33,United Kingdom,1.00,2,0,3,0
14682,Perdidos / Inativos,188,2,52.00,1,201,26.00,40.00,United Kingdom,1.00,2,2,3,0
14684,Clientes Leais,26,5,1236.28,231,363,247.26,170.60,United Kingdom,0.76,1,1,2,0
14687,Novos Clientes,107,1,628.38,15,107,628.38,470.00,United Kingdom,1.00,0,2,0,0
14688,Campeões,8,21,5630.87,148,374,268.14,172.43,United Kingdom,1.00,3,3,2,0
14689,Perdidos / Inativos,209,1,112.80,13,209,112.80,76.00,United Kingdom,1.00,2,0,1,0
14690,Novos Clientes,44,2,371.70,40,152,185.85,85.00,United Kingdom,1.00,0,0,3,0
14691,Clientes Leais,31,5,2114.33,50,213,422.87,141.40,United Kingdom,1.00,1,1,3,0
14692,Clientes Leais,137,4,591.55,53,322,147.89,66.25,United Kingdom,0.83,1,0,3,0
14693,Perdidos / Inativos,265,1,172.90,8,265,172.90,34.00,United Kingdom,1.00,2,0,1,0
14696,Campeões,4,7,2078.95,117,373,296.99,232.86,United Kingdom,0.96,3,3,2,0
14697,Perdidos / Inativos,218,2,188.61,22,218,94.30,90.50,United Kingdom,1.00,2,0,3,0
14698,Campeões,2,5,1250.76,148,51,250.15,123.00,United Kingdom,1.00,3,1,3,0
14699,Perdidos / Inativos,214,1,109.13,8,214,109.13,77.00,United Kingdom,1.00,2,0,1,0
14700,Clientes Leais,32,3,2235.30,80,238,745.10,447.33,United Kingdom,1.00,1,1,3,0
14701,Campeões,11,9,2549.37,268,317,283.26,103.56,United Kingdom,0.73,3,3,2,0
14702,Campeões,1,17,3292.14,196,365,193.66,85.53,United Kingdom,1.00,3,3,2,0
14703,Novos Clientes,15,1,318.17,22,15,318.17,183.00,United Kingdom,1.00,0,2,0,0
14704,Campeões,20,7,1514.57,286,180,216.37,153.43,United Kingdom,1.00,3,1,3,0
14705,Perdidos / Inativos,199,1,179.00,1,199,179.00,100.00,United Kingdom,1.00,2,0,1,0
14708,Clientes Leais,3,3,1126.37,25,369,375.46,207.00,United Kingdom,0.99,1,1,2,0
14709,Campeões,15,13,4921.04,71,358,378.54,191.08,United Kingdom,0.99,3,3,2,0
14710,Novos Clientes,14,4,606.13,124,59,151.53,94.50,United Kingdom,1.00,0,1,3,0
14711,Campeões,10,11,2868.80,221,262,260.80,88.91,United Kingdom,0.97,3,3,3,0
14712,Novos Clientes,29,3,917.07,21,112,305.69,105.00,United Kingdom,1.00,0,2,3,0
14713,Campeões,9,11,2666.36,146,365,242.40,146.82,United Kingdom,0.97,3,3,2,0
14714,Novos Clientes,24,1,160.19,10,24,160.19,229.00,United Kingdom,1.00,0,2,0,0
14715,Clientes Leais,25,4,867.38,60,331,216.84,130.25,United Kingdom,0.51,1,1,3,0
14716,Novos Clientes,43,2,329.68,46,149,164.84,302.00,United Kingdom,1.00,0,0,3,0
14719,Campeões,2,5,1602.13,177,249,320.43,206.40,United Kingdom,1.00,3,1,3,0
14720,Novos Clientes,6,3,663.81,34,127,221.27,73.00,United Kingdom,1.00,0,0,3,0
14722,Perdidos / Inativos,147,1,187.92,28,147,187.92,120.00,United Kingdom,1.00,2,0,1,0
14723,Campeões,10,6,1156.60,192,371,192.77,115.50,United Kingdom,0.93,3,1,2,0
14725,Novos Clientes,25,1,718.08,45,25,718.08,593.00,United Kingdom,1.00,0,2,0,0
14727,Perdidos / Inativos,274,1,268.58,10,274,268.58,62.00,United Kingdom,1.00,2,0,1,0
14729,Perdidos / Inativos,374,1,313.49,69,374,313.49,197.00,United Kingdom,1.00,2,0,1,0
14730,Campeões,1,8,2005.06,317,277,250.63,141.50,United Kingdom,0.86,3,3,3,0
14731,Clientes Leais,47,3,380.02,38,212,126.67,85.33,United Kingdom,1.00,1,0,3,0
14732,Campeões,8,8,2702.49,105,339,337.81,175.62,United Kingdom,0.89,3,3,2,0
14733,Campeões,16,12,9585.91,102,368,798.83,313.67,United Kingdom,0.98,3,3,2,0
14735,Campeões,4,31,6050.69,98,358,195.18,73.00,United Kingdom,1.00,3,3,2,0
14737,Clientes Leais,4,3,1164.55,15,353,388.18,115.00,United Kingdom,0.99,1,1,2,0
14738,Clientes Leais,43,7,1314.45,39,316,187.78,85.86,United Kingdom,0.51,1,1,3,0
14739,Campeões,4,7,3902.28,47,367,557.47,545.71,United Kingdom,0.99,3,3,2,0
14740,Clientes Leais,197,3,1448.21,85,284,482.74,245.00,United Kingdom,0.99,1,1,3,0
14741,Clientes Leais,12,6,1400.34,35,373,233.39,140.17,United Kingdom,0.88,1,1,2,0
14744,Clientes Leais,16,7,1099.98,21,367,157.14,89.57,United Kingdom,0.89,1,1,2,0
14745,Clientes Leais,113,5,1220.26,46,285,244.05,207.60,United Kingdom,0.97,1,0,3,0
14747,Perdidos / Inativos,249,1,328.20,18,249,328.20,84.00,United Kingdom,1.00,2,0,1,0
14748,Clientes Leais,29,5,1415.75,87,369,283.15,244.60,United Kingdom,0.61,1,1,2,0
14752,Novos Clientes,44,1,389.64,5,44,389.64,260.00,United Kingdom,1.00,0,2,0,0
14753,Novos Clientes,87,1,563.15,30,87,563.15,211.00,United Kingdom,1.00,0,2,0,0
14754,Clientes Leais,45,2,638.05,38,296,319.02,243.00,United Kingdom,0.87,1,0,3,0
14755,Campeões,10,11,5010.28,128,334,455.48,201.73,United Kingdom,0.95,3,3,2,0
14756,Novos Clientes,15,1,738.96,38,15,738.96,416.00,United Kingdom,1.00,0,2,0,0
14757,Novos Clientes,75,1,420.50,19,75,420.50,160.00,United Kingdom,1.00,0,2,0,0
14758,Clientes Leais,145,4,1484.06,54,260,371.01,104.75,United Kingdom,1.00,1,0,3,0
14759,Clientes Leais,5,3,1625.97,92,233,541.99,189.67,United Kingdom,1.00,1,1,3,0
14760,Perdidos / Inativos,297,1,89.20,5,297,89.20,40.00,United Kingdom,1.00,2,0,1,0
14761,Perdidos / Inativos,59,2,255.90,11,335,127.95,59.00,United Kingdom,0.51,2,0,3,0
14762,Perdidos / Inativos,264,1,300.52,21,264,300.52,341.00,United Kingdom,1.00,2,0,1,0
14764,Novos Clientes,47,1,278.30,6,47,278.30,190.00,United Kingdom,1.00,0,2,0,0
14765,Novos Clientes,29,3,254.11,38,176,84.70,45.00,United Kingdom,1.00,0,0,3,0
14766,Campeões,8,6,2473.37,111,366,412.23,224.83,United Kingdom,0.89,3,3,2,0
14768,Novos Clientes,17,2,192.60,4,127,96.30,26.00,United Kingdom,1.00,0,0,3,0
14769,Campeões,3,8,10673.10,717,358,1334.14,929.38,United Kingdom,0.92,3,3,2,0
14770,Clientes Leais,232,2,876.42,49,323,438.21,245.00,United Kingdom,0.84,1,0,3,0
14772,Perdidos / Inativos,112,1,139.26,9,112,139.26,82.00,United Kingdom,0.99,2,2,0,0
14775,Clientes Leais,58,3,1011.90,57,372,337.30,391.33,United Kingdom,0.55,1,0,3,0
14776,Clientes Leais,51,11,2538.30,44,312,230.75,284.91,United Kingdom,0.90,1,1,2,0
14778,Clientes Leais,127,2,730.86,34,309,365.43,153.00,United Kingdom,0.85,1,0,3,0
14779,Perdidos / Inativos,281,3,386.15,40,324,128.72,28.00,United Kingdom,0.88,2,0,3,0
14780,Novos Clientes,55,2,447.68,26,79,223.84,155.00,United Kingdom,1.00,0,2,3,0
14782,Perdidos / Inativos,320,1,200.10,6,320,200.10,114.00,United Kingdom,1.00,2,0,1,0
14784,Perdidos / Inativos,26,2,289.99,15,324,145.00,118.50,United Kingdom,0.62,2,0,2,0
14785,Novos Clientes,10,2,77.40,2,15,38.70,42.00,United Kingdom,1.00,0,2,3,0
14788,Novos Clientes,7,2,679.44,26,26,339.72,210.50,United Kingdom,1.00,0,2,3,0
14789,Novos Clientes,29,1,197.64,6,29,197.64,116.00,United Kingdom,1.00,0,2,0,0
14790,Clientes Leais,17,4,745.06,30,254,186.26,174.75,United Kingdom,1.00,1,1,3,0
14792,Perdidos / Inativos,64,1,6.20,2,64,6.20,2.00,United Kingdom,1.00,2,2,0,-1
14793,Novos Clientes,21,1,228.99,14,21,228.99,91.00,United Kingdom,1.00,0,2,0,0
14794,Campeões,3,7,1319.91,68,334,188.56,96.14,United Kingdom,0.93,3,3,2,0
14795,Perdidos / Inativos,166,1,131.45,6,166,131.45,17.00,United Kingdom,1.00,2,0,1,0
14796,Campeões,1,17,8020.93,402,367,471.82,354.18,United Kingdom,1.00,3,3,2,0
14798,Perdidos / Inativos,53,3,173.74,11,310,57.91,50.00,United Kingdom,0.87,2,0,3,0
14799,Novos Clientes,51,1,157.70,13,51,157.70,146.00,United Kingdom,1.00,0,2,0,0
14800,Campeões,48,12,4339.74,246,370,361.64,304.58,United Kingdom,0.92,3,1,2,0
14801,Novos Clientes,61,1,193.14,56,61,193.14,175.00,United Kingdom,1.00,0,2,0,0
14803,Clientes Leais,162,3,845.55,35,292,281.85,123.33,United Kingdom,0.97,1,0,3,0
14804,Novos Clientes,9,1,353.27,12,9,353.27,121.00,United Kingdom,1.00,0,2,0,0
14805,Clientes Leais,15,4,554.65,30,314,138.66,28.75,United Kingdom,0.62,1,1,3,0
14806,Novos Clientes,75,1,193.39,11,75,193.39,330.00,United Kingdom,1.00,0,2,0,0
14808,Campeões,40,8,2741.17,176,172,342.65,268.38,United Kingdom,1.00,3,1,3,0
14810,Campeões,41,11,2087.88,106,370,189.81,92.36,United Kingdom,0.93,3,1,2,0
14813,Perdidos / Inativos,370,2,155.43,25,370,77.72,33.50,United Kingdom,0.76,2,0,3,0
14815,Novos Clientes,37,2,778.50,53,68,389.25,372.00,United Kingdom,1.00,0,2,3,0
14816,Perdidos / Inativos,197,1,271.85,4,197,271.85,5.00,United Kingdom,1.00,2,0,1,0
14817,Clientes Leais,200,2,1010.34,51,277,505.17,326.50,United Kingdom,0.99,1,0,3,0
14818,Clientes Leais,74,3,657.80,41,254,219.27,108.00,United Kingdom,1.00,1,0,3,0
14819,Perdidos / Inativos,64,2,272.07,13,192,136.03,54.50,United Kingdom,1.00,2,0,3,0
14820,Novos Clientes,21,4,507.29,24,173,126.82,63.25,United Kingdom,1.00,0,0,3,0
14821,Perdidos / Inativos,367,1,48.80,2,367,48.80,20.00,United Kingdom,1.00,2,0,1,0
14823,Clientes Leais,180,3,321.43,56,195,107.14,29.33,United Kingdom,1.00,1,0,3,0
14824,Novos Clientes,10,4,1127.71,19,91,281.93,131.25,United Kingdom,1.00,0,2,3,0
14825,Campeões,4,12,2226.91,82,369,185.58,82.58,United Kingdom,0.99,3,3,2,0
14828,Clientes Leais,197,3,2139.76,17,337,713.25,724.00,United Kingdom,0.71,1,0,2,0
14829,Clientes Leais,29,4,697.55,39,372,174.39,113.00,United Kingdom,0.64,1,1,2,0
14830,Novos Clientes,53,1,196.28,38,53,196.28,168.00,United Kingdom,1.00,0,2,0,0
14834,Clientes Leais,18,6,1720.30,43,240,286.72,122.33,United Kingdom,1.00,1,1,3,0
14836,Novos Clientes,10,3,102.45,5,30,34.15,15.00,United Kingdom,1.00,0,2,3,0
14837,Clientes Leais,90,4,1649.50,96,202,412.38,359.00,United Kingdom,1.00,1,1,3,0
14840,Perdidos / Inativos,268,1,62.85,4,268,62.85,31.00,United Kingdom,1.00,2,0,1,0
14841,Clientes Leais,53,6,3295.76,103,359,549.29,296.33,United Kingdom,0.51,1,1,2,0
14842,Clientes Leais,44,4,2824.69,128,308,706.17,291.50,United Kingdom,0.87,1,1,3,0
14844,Clientes Leais,64,4,3189.81,87,241,797.45,458.25,United Kingdom,1.00,1,1,3,0
14847,Perdidos / Inativos,149,1,309.40,13,149,309.40,120.00,United Kingdom,1.00,2,0,1,0
14849,Campeões,22,25,7930.54,159,374,317.22,227.76,United Kingdom,1.00,3,3,2,0
14850,Perdidos / Inativos,312,1,325.75,21,312,325.75,293.00,United Kingdom,1.00,2,0,1,0
14851,Clientes Leais,23,2,511.35,28,256,255.68,162.50,United Kingdom,1.00,1,0,3,0
14852,Clientes Leais,58,6,2836.69,96,252,472.78,291.17,United Kingdom,1.00,1,1,3,0
14853,Novos Clientes,24,2,475.80,8,211,237.90,41.00,United Kingdom,1.00,0,0,3,0
14854,Clientes Leais,78,7,2759.83,110,275,394.26,261.71,United Kingdom,0.97,1,1,3,0
14855,Novos Clientes,119,2,645.65,13,135,322.82,133.50,United Kingdom,1.00,0,0,3,0
14856,Novos Clientes,36,3,1311.38,65,57,437.13,238.00,United Kingdom,1.00,0,2,3,0
14857,Clientes Leais,60,2,1173.12,58,148,586.56,232.00,United Kingdom,1.00,1,1,3,0
14859,Clientes Leais,13,4,1353.74,47,204,338.44,167.75,United Kingdom,1.00,1,1,3,0
14860,Novos Clientes,19,1,170.32,11,19,170.32,232.00,United Kingdom,1.00,0,2,0,0
14861,Novos Clientes,52,1,125.79,6,52,125.79,117.00,United Kingdom,1.00,0,2,0,0
14862,Novos Clientes,26,2,841.20,47,149,420.60,386.00,United Kingdom,1.00,0,2,3,0
14863,Novos Clientes,29,1,266.76,11,29,266.76,132.00,United Kingdom,1.00,0,2,0,0
14865,Perdidos / Inativos,7,2,52.20,4,372,26.10,54.00,United Kingdom,0.98,2,0,2,-1
14866,Campeões,11,11,14353.40,29,366,1304.85,613.73,United Kingdom,1.00,3,3,2,0
14867,Clientes Leais,186,3,710.28,31,336,236.76,109.33,United Kingdom,0.81,1,0,3,0
14868,Campeões,3,8,2953.59,96,233,369.20,175.62,United Kingdom,1.00,3,1,3,0
14869,Novos Clientes,9,2,725.70,66,103,362.85,275.00,United Kingdom,1.00,0,2,3,0
14870,Perdidos / Inativos,262,1,327.25,13,262,327.25,119.00,United Kingdom,1.00,2,0,1,0
14871,Clientes Leais,3,4,522.38,68,361,130.59,46.25,United Kingdom,0.99,1,1,2,0
14873,Perdidos / Inativos,210,1,519.68,28,210,519.68,168.00,United Kingdom,1.00,2,0,1,0
14875,Clientes Leais,108,2,1465.32,46,263,732.66,279.00,United Kingdom,0.99,1,0,3,0
14878,Campeões,13,9,1485.54,62,359,165.06,89.11,United Kingdom,0.94,3,1,2,0
14880,Clientes Leais,77,3,706.19,45,289,235.40,124.33,United Kingdom,0.97,1,0,3,0
14881,Novos Clientes,20,1,255.40,17,20,255.40,316.00,United Kingdom,1.00,0,2,0,0
14882,Novos Clientes,27,2,589.70,6,34,294.85,79.00,United Kingdom,1.00,0,2,3,0
14883,Clientes Leais,19,6,761.59,39,212,126.93,131.67,United Kingdom,1.00,1,1,3,0
14885,Novos Clientes,132,1,765.32,15,132,765.32,724.00,United Kingdom,0.99,0,2,1,0
14886,Perdidos / Inativos,253,1,364.80,18,253,364.80,160.00,United Kingdom,1.00,2,0,1,0
14887,Novos Clientes,79,1,1862.00,6,79,1862.00,1100.00,United Kingdom,1.00,0,2,0,0
14888,Perdidos / Inativos,207,1,369.20,20,207,369.20,184.00,United Kingdom,1.00,2,0,1,0
14889,Perdidos / Inativos,336,1,135.90,10,336,135.90,90.00,United Kingdom,1.00,2,0,1,0
14890,Perdidos / Inativos,254,1,125.65,7,254,125.65,51.00,United Kingdom,1.00,2,0,1,0
14891,Perdidos / Inativos,148,2,554.38,30,188,277.19,252.50,United Kingdom,1.00,2,0,3,0
14893,Novos Clientes,10,2,1237.85,72,12,618.93,399.50,United Kingdom,1.00,0,2,3,0
14894,Novos Clientes,85,1,655.75,23,85,655.75,265.00,United Kingdom,1.00,0,2,0,0
14895,Campeões,8,20,11138.71,273,290,556.94,242.55,United Kingdom,0.98,3,3,2,0
14896,Perdidos / Inativos,205,2,468.77,43,366,234.39,139.50,United Kingdom,0.74,2,0,3,0
14897,Clientes Leais,8,4,1366.38,43,297,341.60,117.00,United Kingdom,0.69,1,1,3,0
14898,Clientes Leais,23,6,1303.52,86,371,217.25,170.00,United Kingdom,0.73,1,1,2,0
14901,Campeões,11,9,1421.29,73,373,157.92,73.44,United Kingdom,0.95,3,1,2,0
14902,Novos Clientes,26,1,332.66,20,26,332.66,218.00,United Kingdom,1.00,0,2,0,0
14903,Campeões,21,5,2810.63,227,279,562.13,307.20,United Kingdom,0.99,3,1,3,0
14904,Novos Clientes,2,2,1025.44,66,26,512.72,992.50,United Kingdom,1.00,0,1,3,0
14905,Perdidos / Inativos,158,2,616.15,14,234,308.07,143.50,United Kingdom,1.00,2,0,3,0
14907,Campeões,3,7,3501.10,125,368,500.16,241.57,United Kingdom,0.97,3,3,2,0
14908,Novos Clientes,74,1,277.80,9,74,277.80,132.00,United Kingdom,1.00,0,2,0,0
14910,Novos Clientes,3,4,434.35,25,55,108.59,59.50,United Kingdom,1.00,0,2,3,0
14911,Campeões,1,198,136275.72,1785,373,688.26,404.94,EIRE,1.00,3,3,2,-1
14912,Clientes Leais,17,2,867.85,21,247,433.93,485.50,Italy,1.00,1,0,3,0
14913,Clientes Leais,36,4,1227.43,76,359,306.86,435.75,United Kingdom,0.55,1,1,2,0
14915,Perdidos / Inativos,91,2,307.48,12,278,153.74,56.00,United Kingdom,0.99,2,0,3,0
14916,Clientes Leais,71,4,1268.98,72,324,317.25,284.00,United Kingdom,0.79,1,0,3,0
14918,Clientes Leais,116,2,1610.15,39,155,805.08,337.50,United Kingdom,1.00,1,0,3,0
14920,Clientes Leais,213,2,977.77,57,213,488.88,254.50,United Kingdom,1.00,1,0,3,0
14921,Clientes Leais,30,2,1316.07,78,201,658.03,476.50,United Kingdom,1.00,1,1,3,0
14923,Novos Clientes,51,1,749.10,44,51,749.10,418.00,United Kingdom,1.00,0,2,0,0
14924,Perdidos / Inativos,246,1,310.05,10,246,310.05,64.00,United Kingdom,1.00,2,0,1,0
14929,Novos Clientes,32,1,223.88,11,32,223.88,136.00,United Kingdom,1.00,0,2,0,0
14930,Clientes Leais,109,3,2372.86,116,274,790.95,388.67,Channel Islands,0.99,1,0,3,0
14931,Clientes Leais,5,4,864.68,28,241,216.17,103.50,Channel Islands,1.00,1,1,3,0
14932,Perdidos / Inativos,366,1,313.53,16,366,313.53,79.00,Channel Islands,1.00,2,0,1,0
14934,Clientes Leais,82,2,1890.94,68,283,945.47,521.00,Channel Islands,0.95,1,0,3,0
14935,Perdidos / Inativos,297,1,1784.71,10,297,1784.71,935.00,Channel Islands,1.00,2,0,1,0
14936,Campeões,34,8,8137.02,210,276,1017.13,510.62,Channel Islands,0.95,3,3,3,0
14937,Clientes Leais,57,3,1621.88,33,130,540.63,161.33,Channel Islands,1.00,1,2,3,0
14944,Campeões,30,12,5900.25,101,297,491.69,234.58,United Kingdom,0.82,3,3,2,0
14946,Novos Clientes,14,1,100.90,3,14,100.90,22.00,United Kingdom,1.00,0,2,0,0
14947,Novos Clientes,72,2,290.82,14,131,145.41,89.50,United Kingdom,1.00,0,2,3,0
14948,Clientes Leais,23,6,1101.97,56,219,183.66,112.17,United Kingdom,1.00,1,1,3,0
14950,Novos Clientes,19,1,371.20,19,19,371.20,136.00,United Kingdom,1.00,0,2,0,0
14951,Novos Clientes,79,1,311.69,20,79,311.69,311.00,United Kingdom,1.00,0,2,0,0
14952,Campeões,60,11,8099.49,117,365,736.32,305.00,United Kingdom,0.92,3,1,2,0
14953,Novos Clientes,25,1,289.82,54,25,289.82,225.00,United Kingdom,1.00,0,2,0,0
14954,Novos Clientes,12,1,336.17,75,12,336.17,127.00,United Kingdom,1.00,0,2,0,0
14957,Perdidos / Inativos,253,1,58.49,12,253,58.49,34.00,United Kingdom,1.00,2,0,1,0
14958,Clientes Leais,147,3,499.68,33,246,166.56,43.00,United Kingdom,1.00,1,0,3,0
14959,Clientes Leais,64,4,695.42,37,296,173.85,123.50,United Kingdom,0.94,1,1,3,0
14960,Novos Clientes,8,2,221.27,23,171,110.64,110.50,United Kingdom,1.00,0,0,3,0
14961,Campeões,11,9,7044.68,193,361,782.74,412.00,United Kingdom,0.91,3,3,2,0
14962,Perdidos / Inativos,271,1,126.70,5,271,126.70,44.00,United Kingdom,1.00,2,0,1,0
14963,Clientes Leais,10,5,1487.80,149,184,297.56,235.20,United Kingdom,1.00,1,1,3,0
14964,Perdidos / Inativos,247,1,206.21,13,247,206.21,143.00,United Kingdom,1.00,2,0,1,0
14965,Novos Clientes,96,2,599.00,80,96,299.50,182.50,United Kingdom,1.00,0,2,3,0
14966,Novos Clientes,15,1,191.32,35,15,191.32,187.00,United Kingdom,1.00,0,2,0,0
14967,Novos Clientes,50,1,463.80,6,50,463.80,140.00,United Kingdom,1.00,0,2,0,0
14968,Novos Clientes,30,1,147.59,37,30,147.59,127.00,United Kingdom,1.00,0,2,0,0
14970,Clientes Leais,68,4,1592.06,24,317,398.01,62.50,United Kingdom,0.58,1,0,3,0
14971,Novos Clientes,35,3,1116.57,144,43,372.19,214.67,United Kingdom,1.00,0,1,3,0
14972,Perdidos / Inativos,128,1,114.77,18,128,114.77,28.00,United Kingdom,0.98,2,0,1,0
14973,Clientes Leais,107,3,1314.45,29,226,438.15,123.00,United Kingdom,1.00,1,0,3,0
14974,Novos Clientes,37,1,114.39,17,37,114.39,44.00,United Kingdom,1.00,0,2,0,0
14975,Novos Clientes,57,1,279.94,11,57,279.94,380.00,United Kingdom,1.00,0,2,0,0
14976,Clientes Leais,57,6,774.86,45,327,129.14,38.67,United Kingdom,0.56,1,1,3,0
14978,Clientes Leais,72,5,1931.42,136,331,386.28,105.00,United Kingdom,0.75,1,1,3,0
14981,Perdidos / Inativos,246,1,102.12,8,246,102.12,97.00,United Kingdom,1.00,2,0,1,0
14984,Novos Clientes,19,2,213.27,37,181,106.64,30.00,United Kingdom,1.00,0,0,3,0
14985,Clientes Leais,198,2,296.75,78,358,148.38,130.00,United Kingdom,0.50,1,0,2,0
14987,Perdidos / Inativos,16,2,326.40,2,366,163.20,64.00,United Kingdom,0.98,2,0,2,-1
14988,Perdidos / Inativos,212,1,334.54,40,212,334.54,141.00,United Kingdom,1.00,2,0,1,0
14995,Clientes Leais,39,2,233.23,53,280,116.62,51.50,United Kingdom,0.97,1,1,3,0
14997,Clientes Leais,46,3,546.20,25,178,182.07,373.33,United Kingdom,1.00,1,0,3,0
14998,Clientes Leais,170,2,429.87,70,241,214.94,135.00,United Kingdom,1.00,1,0,3,0
15000,Novos Clientes,48,1,490.52,76,48,490.52,218.00,United Kingdom,1.00,0,2,0,0
15002,Clientes Leais,116,4,1641.76,93,367,410.44,215.50,United Kingdom,0.78,1,1,3,0
15004,Clientes Leais,147,1,1245.93,153,147,1245.93,629.00,United Kingdom,1.00,1,2,1,0
15005,Campeões,16,28,6314.87,359,366,225.53,151.61,United Kingdom,1.00,3,3,2,0
15006,Novos Clientes,51,1,497.14,120,51,497.14,301.00,United Kingdom,1.00,0,2,0,0
15007,Perdidos / Inativos,159,1,156.91,12,159,156.91,69.00,United Kingdom,1.00,2,0,1,0
15009,Novos Clientes,12,3,1261.78,148,25,420.59,214.00,United Kingdom,1.00,0,1,3,0
15010,Novos Clientes,36,1,308.94,20,36,308.94,184.00,United Kingdom,1.00,0,2,0,0
15012,Clientes Leais,54,2,423.04,110,374,211.52,115.50,United Kingdom,0.84,1,1,2,0
15014,Novos Clientes,43,2,260.17,29,176,130.09,75.50,United Kingdom,1.00,0,0,3,0
15016,Perdidos / Inativos,173,1,170.04,20,173,170.04,76.00,United Kingdom,1.00,2,0,1,0
15017,Novos Clientes,34,1,125.58,20,34,125.58,63.00,United Kingdom,1.00,0,2,0,0
15018,Clientes Leais,39,3,496.21,30,368,165.40,63.00,United Kingdom,0.61,1,0,2,0
15019,Perdidos / Inativos,267,1,266.00,64,267,266.00,159.00,United Kingdom,1.00,2,0,1,0
15021,Campeões,9,9,1914.82,287,367,212.76,94.11,United Kingdom,0.97,3,3,2,0
15022,Novos Clientes,12,4,905.04,96,47,226.26,135.75,United Kingdom,1.00,0,1,3,0
15023,Campeões,3,11,6783.86,346,369,616.71,260.18,United Kingdom,0.98,3,3,2,0
15024,Campeões,10,10,1661.33,105,367,166.13,92.00,United Kingdom,0.97,3,3,2,0
15025,Novos Clientes,33,1,377.01,66,33,377.01,189.00,United Kingdom,1.00,0,2,0,0
15026,Clientes Leais,80,3,464.20,56,277,154.73,75.00,United Kingdom,0.99,1,0,3,0
15027,Clientes Leais,31,4,1066.15,30,238,266.54,141.25,United Kingdom,1.00,1,0,3,0
15028,Clientes Leais,8,4,627.13,35,369,156.78,114.75,United Kingdom,0.92,1,1,2,0
15030,Perdidos / Inativos,72,2,518.28,7,268,259.14,186.00,United Kingdom,0.97,2,0,3,0
15031,Clientes Leais,4,4,668.14,74,282,167.03,100.25,United Kingdom,0.92,1,1,3,0
15032,Clientes Leais,256,3,4959.10,29,366,1653.03,989.33,United Kingdom,0.77,1,0,2,0
15033,Campeões,5,10,2583.37,314,329,258.34,169.30,United Kingdom,0.94,3,3,2,0
15034,Campeões,16,8,4308.61,299,354,538.58,302.75,United Kingdom,0.78,3,3,2,0
15035,Novos Clientes,90,1,252.73,26,90,252.73,245.00,United Kingdom,1.00,0,2,0,0
15036,Clientes Leais,72,3,465.55,107,180,155.18,109.00,United Kingdom,1.00,1,0,3,0
15038,Clientes Leais,59,6,705.49,105,370,117.58,36.17,United Kingdom,0.72,1,1,2,0
15039,Campeões,10,47,19914.44,408,369,423.71,195.94,United Kingdom,1.00,3,3,2,0
15041,Perdidos / Inativos,170,1,180.35,66,170,180.35,104.00,United Kingdom,1.00,2,0,1,0
15042,Perdidos / Inativos,199,1,135.93,5,199,135.93,30.00,United Kingdom,1.00,2,0,1,0
15043,Novos Clientes,31,1,537.00,3,31,537.00,300.00,United Kingdom,1.00,0,2,0,0
15044,Campeões,19,17,7700.23,233,362,452.95,164.41,United Kingdom,0.99,3,3,2,0
15045,Perdidos / Inativos,152,2,735.66,11,258,367.83,57.00,United Kingdom,0.99,2,0,3,0
15046,Campeões,9,15,5194.82,146,338,346.32,230.00,United Kingdom,0.99,3,3,2,0
15047,Perdidos / Inativos,270,1,343.62,22,270,343.62,222.00,United Kingdom,1.00,2,0,1,0
15048,Clientes Leais,65,4,384.05,86,369,96.01,48.75,United Kingdom,0.70,1,1,2,0
15049,Perdidos / Inativos,274,1,121.17,3,274,121.17,63.00,United Kingdom,1.00,2,0,1,0
15050,Novos Clientes,25,3,1782.09,68,71,594.03,408.00,United Kingdom,1.00,0,2,3,0
15051,Clientes Leais,23,3,1391.61,130,150,463.87,337.00,United Kingdom,1.00,1,1,3,0
15052,Perdidos / Inativos,319,1,215.78,27,319,215.78,82.00,United Kingdom,1.00,2,0,1,0
15053,Clientes Leais,5,3,697.79,49,282,232.60,328.67,United Kingdom,0.89,1,1,3,0
15054,Novos Clientes,12,2,302.10,105,40,151.05,99.00,United Kingdom,1.00,0,2,3,0
15057,Clientes Leais,275,2,1489.50,25,316,744.75,334.00,United Kingdom,0.65,1,0,3,0
15058,Campeões,25,11,2124.99,199,312,193.18,97.18,United Kingdom,0.83,3,1,2,0
15059,Campeões,41,9,1337.72,161,335,148.64,67.11,United Kingdom,0.86,3,1,2,0
15060,Novos Clientes,8,4,301.84,80,9,75.46,65.50,United Kingdom,1.00,0,2,3,0
15061,Campeões,4,48,54534.14,70,372,1136.13,602.50,United Kingdom,1.00,3,3,2,-1
15062,Clientes Leais,71,4,987.86,47,359,246.97,190.75,United Kingdom,0.62,1,0,3,0
15063,Perdidos / Inativos,213,1,370.80,5,213,370.80,56.00,United Kingdom,1.00,2,0,1,0
15065,Clientes Leais,38,4,3158.13,148,291,789.53,345.75,United Kingdom,0.96,1,1,3,0
15066,Novos Clientes,53,1,893.59,42,53,893.59,317.00,United Kingdom,1.00,0,2,0,0
15067,Clientes Leais,78,3,1744.76,82,283,581.59,318.00,United Kingdom,0.98,1,1,3,0
15068,Clientes Leais,46,2,553.36,96,256,276.68,182.00,United Kingdom,1.00,1,0,3,0
15069,Clientes Leais,179,1,1109.53,70,179,1109.53,520.00,United Kingdom,1.00,1,0,1,0
15070,Perdidos / Inativos,373,1,106.20,1,373,106.20,36.00,United Kingdom,1.00,2,0,1,0
15071,Clientes Leais,94,2,982.07,25,276,491.04,134.50,United Kingdom,0.97,1,0,3,0
15073,Clientes Leais,10,3,1043.41,31,187,347.80,163.67,United Kingdom,1.00,1,1,3,0
15074,Novos Clientes,105,1,748.87,41,105,748.87,455.00,United Kingdom,1.00,0,2,0,0
15075,Novos Clientes,78,1,773.03,27,78,773.03,447.00,United Kingdom,1.00,0,2,0,0
15076,Perdidos / Inativos,173,1,880.85,49,173,880.85,571.00,United Kingdom,1.00,2,2,1,0
15078,Campeões,7,32,9743.11,97,369,304.47,159.53,United Kingdom,1.00,3,3,2,0
15079,Clientes Leais,213,4,895.61,46,366,223.90,97.25,United Kingdom,0.83,1,0,3,0
15081,Clientes Leais,22,5,504.80,26,367,100.96,38.00,United Kingdom,0.74,1,1,2,0
15083,Perdidos / Inativos,257,1,88.20,5,257,88.20,38.00,United Kingdom,1.00,2,0,1,0
15087,Perdidos / Inativos,282,1,306.94,15,282,306.94,470.00,United Kingdom,1.00,2,0,1,0
15088,Novos Clientes,21,2,1160.07,53,67,580.03,230.00,United Kingdom,1.00,0,2,3,0
15089,Campeões,10,6,2420.84,139,128,403.47,226.50,United Kingdom,1.00,3,1,3,0
15090,Perdidos / Inativos,308,1,381.32,23,308,381.32,208.00,United Kingdom,1.00,2,0,1,0
15091,Novos Clientes,68,1,480.71,30,68,480.71,346.00,United Kingdom,1.00,0,2,0,0
15092,Perdidos / Inativos,215,2,457.81,23,284,228.91,67.50,United Kingdom,0.98,2,0,3,0
15093,Campeões,18,6,4597.02,52,372,766.17,626.67,United Kingdom,0.91,3,1,2,0
15095,Clientes Leais,104,4,1370.60,30,203,342.65,269.75,United Kingdom,1.00,1,0,3,0
15096,Novos Clientes,43,1,219.39,11,43,219.39,120.00,United Kingdom,1.00,0,2,0,0
15097,Novos Clientes,4,1,248.08,25,4,248.08,170.00,United Kingdom,1.00,0,2,3,0
15098,Clientes Leais,182,3,39916.50,1,182,13305.50,40.33,United Kingdom,1.00,1,1,2,-1
15099,Novos Clientes,84,1,410.48,23,84,410.48,343.00,United Kingdom,1.00,0,2,0,0
15100,Perdidos / Inativos,334,3,876.00,1,374,292.00,26.67,United Kingdom,0.91,2,0,2,0
15101,Clientes Leais,9,2,317.53,8,359,158.76,120.50,United Kingdom,0.98,1,0,2,0
15103,Novos Clientes,31,2,703.36,35,86,351.68,164.50,United Kingdom,1.00,0,2,3,0
15104,Clientes Leais,197,2,1027.44,66,282,513.72,318.50,United Kingdom,0.99,1,0,3,0
15105,Clientes Leais,18,7,2298.93,90,135,328.42,173.00,United Kingdom,1.00,1,1,3,0
15106,Clientes Leais,18,5,1422.52,90,269,284.50,236.20,United Kingdom,0.99,1,1,3,0
15107,Perdidos / Inativos,311,6,319.50,12,372,53.25,28.17,United Kingdom,0.66,2,0,3,0
15108,Clientes Leais,142,3,1159.25,49,228,386.42,163.33,European Community,1.00,1,0,3,0
15109,Perdidos / Inativos,246,1,484.95,28,246,484.95,131.00,United Kingdom,1.00,2,0,1,0
15110,Clientes Leais,24,4,996.10,17,319,249.03,61.50,United Kingdom,0.58,1,1,2,0
15111,Clientes Leais,29,3,1567.48,70,373,522.49,236.67,United Kingdom,0.70,1,1,2,0
15113,Novos Clientes,10,3,3608.94,76,54,1202.98,795.00,United Kingdom,1.00,0,1,3,0
15114,Campeões,30,10,2760.56,136,302,276.06,309.60,United Kingdom,0.54,3,1,2,0
15115,Novos Clientes,18,1,340.11,21,18,340.11,157.00,United Kingdom,1.00,0,2,0,0
15116,Clientes Leais,18,4,1352.75,37,205,338.19,162.00,United Kingdom,1.00,1,1,3,0
15117,Clientes Leais,15,5,1551.78,63,216,310.36,389.60,United Kingdom,1.00,1,1,3,0
15118,Perdidos / Inativos,134,1,244.80,1,134,244.80,1440.00,United Kingdom,1.00,2,0,1,0
15119,Perdidos / Inativos,246,1,266.40,14,246,266.40,88.00,United Kingdom,1.00,2,0,1,0
15120,Perdidos / Inativos,134,1,358.82,21,134,358.82,296.00,United Kingdom,1.00,2,0,1,0
15121,Clientes Leais,50,2,457.72,28,289,228.86,99.50,United Kingdom,0.94,1,0,3,0
15122,Clientes Leais,114,3,1633.78,65,298,544.59,266.67,United Kingdom,0.94,1,0,3,0
15123,Clientes Leais,7,2,2199.31,93,206,1099.65,597.50,United Kingdom,1.00,1,1,3,0
15124,Novos Clientes,23,2,184.19,14,192,92.09,116.50,United Kingdom,1.00,0,0,3,0
15125,Campeões,25,15,11528.48,102,271,768.57,412.87,United Kingdom,0.86,3,3,2,0
15127,Novos Clientes,66,1,406.53,16,66,406.53,251.00,United Kingdom,1.00,0,2,0,0
15128,Clientes Leais,60,4,1471.00,74,220,367.75,335.75,United Kingdom,1.00,1,1,3,0
15129,Campeões,50,11,3447.40,54,292,313.40,163.09,United Kingdom,0.74,3,1,2,0
15130,Perdidos / Inativos,170,1,330.11,22,170,330.11,197.00,United Kingdom,1.00,2,0,1,0
15132,Clientes Leais,18,5,977.93,49,263,195.59,135.80,United Kingdom,1.00,1,1,3,0
15133,Clientes Leais,128,3,982.42,27,302,327.47,226.67,United Kingdom,0.90,1,0,3,0
15134,Clientes Leais,15,8,1387.99,44,241,173.50,110.88,United Kingdom,1.00,1,1,3,0
15135,Perdidos / Inativos,239,1,139.05,9,239,139.05,43.00,United Kingdom,1.00,2,0,1,0
15136,Novos Clientes,3,4,1286.70,61,96,321.68,194.00,United Kingdom,1.00,0,1,3,0
15139,Perdidos / Inativos,240,2,178.96,13,337,89.48,104.00,United Kingdom,0.81,2,0,3,0
15140,Clientes Leais,52,7,2354.25,74,264,336.32,224.57,United Kingdom,0.99,1,1,3,0
15142,Novos Clientes,46,1,498.74,26,46,498.74,365.00,United Kingdom,1.00,0,2,0,0
15143,Perdidos / Inativos,226,1,259.45,14,226,259.45,150.00,United Kingdom,1.00,2,0,1,0
15144,Campeões,8,17,6580.44,132,312,387.08,179.41,United Kingdom,0.99,3,3,2,0
15145,Clientes Leais,4,4,1194.73,54,248,298.68,189.00,United Kingdom,1.00,1,1,3,0
15146,Clientes Leais,165,2,1327.16,90,291,663.58,736.50,United Kingdom,0.97,1,0,3,0
15147,Perdidos / Inativos,240,1,623.50,28,240,623.50,366.00,United Kingdom,1.00,2,0,1,0
15148,Novos Clientes,11,1,301.29,20,11,301.29,187.00,United Kingdom,1.00,0,2,0,0
15149,Novos Clientes,134,1,520.80,23,134,520.80,128.00,United Kingdom,1.00,0,0,1,0
15150,Campeões,17,10,5314.47,282,269,531.45,365.80,United Kingdom,0.97,3,3,3,0
15152,Campeões,10,13,4745.69,196,187,365.05,208.00,United Kingdom,1.00,3,3,3,0
15153,Novos Clientes,31,1,329.25,22,31,329.25,198.00,United Kingdom,1.00,0,2,0,0
15154,Novos Clientes,75,1,296.42,66,75,296.42,104.00,United Kingdom,1.00,0,2,0,0
15156,Novos Clientes,1,3,961.49,51,34,320.50,199.00,United Kingdom,1.00,0,1,3,0
15157,Campeões,4,3,1936.07,125,358,645.36,797.33,United Kingdom,0.98,3,1,2,0
15158,Novos Clientes,45,1,401.40,7,45,401.40,198.00,United Kingdom,1.00,0,2,0,0
15159,Campeões,2,30,18641.01,363,361,621.37,381.37,United Kingdom,1.00,3,3,2,0
15160,Perdidos / Inativos,357,1,158.16,4,357,158.16,84.00,United Kingdom,1.00,2,0,1,0
15163,Novos Clientes,18,2,304.47,29,192,152.24,93.00,United Kingdom,1.00,0,0,3,0
15164,Clientes Leais,69,3,843.05,79,339,281.02,120.00,United Kingdom,0.66,1,0,3,0
15165,Perdidos / Inativos,373,1,487.75,27,373,487.75,160.00,United Kingdom,1.00,2,0,1,0
15167,Perdidos / Inativos,321,1,163.00,39,321,163.00,67.00,United Kingdom,1.00,2,0,1,0
15168,Novos Clientes,26,1,106.56,5,26,106.56,52.00,United Kingdom,1.00,0,2,0,0
15171,Perdidos / Inativos,331,1,1289.50,5,331,1289.50,290.00,United Kingdom,1.00,2,0,1,0
15172,Clientes Leais,9,5,1624.05,106,237,324.81,322.20,United Kingdom,1.00,1,1,3,0
15174,Perdidos / Inativos,323,1,135.75,11,323,135.75,145.00,United Kingdom,1.00,2,0,1,0
15175,Novos Clientes,72,1,224.14,23,72,224.14,454.00,United Kingdom,1.00,0,2,0,0
15178,Perdidos / Inativos,260,1,40.50,3,260,40.50,30.00,United Kingdom,1.00,2,0,1,0
15179,Clientes Leais,18,5,2206.95,91,319,441.39,387.60,United Kingdom,0.57,1,1,3,0
15180,Perdidos / Inativos,367,1,87.50,6,367,87.50,36.00,United Kingdom,1.00,2,0,1,0
15181,Perdidos / Inativos,66,3,689.48,11,270,229.83,181.33,United Kingdom,0.98,2,0,3,0
15182,Perdidos / Inativos,154,2,622.85,24,269,311.43,126.50,United Kingdom,0.99,2,0,3,0
15184,Clientes Leais,29,2,406.76,59,191,203.38,111.50,United Kingdom,1.00,1,1,3,0
15185,Novos Clientes,70,1,310.62,21,70,310.62,666.00,United Kingdom,1.00,0,2,0,0
15186,Novos Clientes,14,2,411.41,17,168,205.71,107.50,United Kingdom,1.00,0,0,3,0
15187,Campeões,2,15,4762.18,60,212,317.48,125.73,United Kingdom,1.00,3,3,3,0
15189,Campeões,1,41,16225.39,80,333,395.74,149.98,United Kingdom,1.00,3,3,2,0
15192,Clientes Leais,120,3,1044.32,36,365,348.11,306.00,United Kingdom,0.71,1,0,3,0
15193,Novos Clientes,61,1,499.32,19,61,499.32,144.00,United Kingdom,1.00,0,2,0,0
15194,Campeões,3,15,7616.53,209,368,507.77,380.20,United Kingdom,1.00,3,3,2,0
15195,Novos Clientes,3,1,3861.00,1,3,3861.00,1404.00,United Kingdom,1.00,0,1,3,-1
15197,Clientes Leais,11,3,1079.61,30,358,359.87,156.33,United Kingdom,0.94,1,1,2,0
15198,Novos Clientes,92,2,193.64,10,124,96.82,60.00,United Kingdom,1.00,0,2,3,0
15199,Clientes Leais,59,4,1268.70,5,308,317.18,99.00,United Kingdom,0.85,1,1,2,0
15201,Clientes Leais,87,5,1236.54,35,247,247.31,242.00,United Kingdom,1.00,1,0,3,0
15203,Clientes Leais,26,6,1827.80,82,312,304.63,292.17,United Kingdom,0.69,1,1,3,0
15204,Perdidos / Inativos,357,1,316.58,9,357,316.58,258.00,United Kingdom,1.00,2,0,1,0
15205,Novos Clientes,85,2,653.24,37,127,326.62,189.00,United Kingdom,1.00,0,2,3,0
15206,Novos Clientes,10,4,420.30,3,276,105.07,40.50,United Kingdom,0.88,0,1,3,-1
15208,Campeões,1,5,870.12,25,353,174.02,63.20,United Kingdom,0.99,3,1,2,0
15210,Perdidos / Inativos,225,1,331.18,20,225,331.18,228.00,United Kingdom,1.00,2,0,1,0
15211,Clientes Leais,60,2,894.41,52,365,447.21,120.00,United Kingdom,0.66,1,1,2,0
15212,Perdidos / Inativos,241,1,101.80,5,241,101.80,36.00,United Kingdom,1.00,2,0,1,0
15213,Perdidos / Inativos,319,2,328.35,22,330,164.18,136.00,United Kingdom,0.86,2,0,3,0
15214,Campeões,2,8,1661.44,109,243,207.68,156.75,United Kingdom,1.00,3,1,3,0
15215,Novos Clientes,47,3,734.94,33,97,244.98,75.00,United Kingdom,1.00,0,2,3,0
15216,Perdidos / Inativos,88,1,96.60,2,88,96.60,28.00,United Kingdom,1.00,2,2,0,0
15218,Campeões,11,11,5756.89,77,319,523.35,302.64,United Kingdom,0.95,3,3,2,0
15219,Perdidos / Inativos,176,1,305.75,9,176,305.75,45.00,United Kingdom,1.00,2,0,1,0
15220,Clientes Leais,52,6,1778.96,110,281,296.49,232.17,United Kingdom,0.98,1,1,3,0
15221,Perdidos / Inativos,366,1,403.25,5,366,403.25,43.00,United Kingdom,1.00,2,0,1,0
15222,Perdidos / Inativos,319,1,585.00,5,319,585.00,440.00,United Kingdom,1.00,2,0,1,0
15223,Perdidos / Inativos,226,2,755.75,14,250,377.88,106.50,United Kingdom,1.00,2,0,3,0
15224,Perdidos / Inativos,358,2,322.08,13,363,161.04,76.00,United Kingdom,0.84,2,0,3,0
15225,Perdidos / Inativos,234,1,409.40,23,234,409.40,226.00,United Kingdom,1.00,2,0,1,0
15226,Perdidos / Inativos,311,1,154.41,8,311,154.41,71.00,United Kingdom,1.00,2,0,1,0
15227,Clientes Leais,37,5,1219.40,43,317,243.88,150.00,United Kingdom,0.68,1,1,3,0
15228,Clientes Leais,66,4,3386.71,110,295,846.68,563.75,United Kingdom,0.94,1,1,3,0
15230,Perdidos / Inativos,239,2,429.60,23,241,214.80,175.50,United Kingdom,1.00,2,0,3,0
15232,Novos Clientes,113,2,612.06,26,141,306.03,343.00,United Kingdom,1.00,0,0,3,0
15234,Perdidos / Inativos,277,1,197.00,14,277,197.00,196.00,United Kingdom,1.00,2,0,1,0
15235,Clientes Leais,218,12,2247.51,132,373,187.29,110.33,United Kingdom,0.93,1,1,2,0
15236,Perdidos / Inativos,299,1,321.05,15,299,321.05,269.00,United Kingdom,1.00,2,0,1,0
15237,Campeões,2,4,1412.32,94,227,353.08,267.75,United Kingdom,1.00,3,1,3,0
15238,Clientes Leais,29,3,1071.99,49,184,357.33,230.67,United Kingdom,1.00,1,2,3,0
15239,Novos Clientes,10,2,780.59,48,79,390.30,297.00,United Kingdom,1.00,0,2,3,0
15240,Clientes Leais,45,5,1706.57,58,312,341.31,273.80,United Kingdom,0.77,1,1,3,0
15241,Clientes Leais,67,8,1756.44,82,284,219.56,227.25,United Kingdom,0.89,1,1,3,0
15243,Novos Clientes,74,1,316.68,22,74,316.68,185.00,United Kingdom,1.00,0,2,0,0
15244,Clientes Leais,65,2,631.57,31,248,315.79,202.50,United Kingdom,1.00,1,0,3,0
15245,Clientes Leais,134,3,2515.84,55,261,838.61,594.67,United Kingdom,0.99,1,0,3,0
15246,Perdidos / Inativos,238,2,514.15,32,359,257.07,123.50,United Kingdom,0.77,2,0,3,0
15247,Perdidos / Inativos,122,1,356.00,6,122,356.00,160.00,United Kingdom,0.55,2,2,1,0
15249,Campeões,32,13,6688.46,211,257,514.50,275.15,United Kingdom,0.93,3,3,3,0
15251,Campeões,9,11,10484.99,97,242,953.18,561.00,United Kingdom,0.98,3,3,3,0
15252,Clientes Leais,36,2,740.78,44,183,370.39,261.00,United Kingdom,1.00,1,1,3,0
15253,Clientes Leais,16,5,918.20,52,170,183.64,173.20,United Kingdom,1.00,1,1,3,0
15254,Novos Clientes,127,1,300.36,18,127,300.36,275.00,United Kingdom,0.96,0,0,1,0
15255,Novos Clientes,67,1,890.85,47,67,890.85,489.00,United Kingdom,1.00,0,2,0,0
15256,Perdidos / Inativos,149,1,98.45,6,149,98.45,55.00,United Kingdom,1.00,2,2,1,0
15257,Perdidos / Inativos,283,1,317.15,7,283,317.15,46.00,United Kingdom,1.00,2,0,1,0
15258,Perdidos / Inativos,169,2,623.16,32,217,311.58,71.00,United Kingdom,1.00,2,0,3,0
15260,Clientes Leais,100,7,1810.77,62,373,258.68,126.43,United Kingdom,0.52,1,1,3,0
15261,Perdidos / Inativos,135,1,254.82,19,135,254.82,270.00,United Kingdom,1.00,2,0,1,0
15262,Perdidos / Inativos,324,1,178.95,10,324,178.95,73.00,United Kingdom,1.00,2,0,1,0
15263,Novos Clientes,107,1,156.51,12,107,156.51,89.00,United Kingdom,1.00,0,2,0,0
15264,Novos Clientes,64,1,393.74,23,64,393.74,265.00,United Kingdom,1.00,0,2,0,0
15265,Clientes Leais,151,2,1506.12,76,236,753.06,306.00,United Kingdom,1.00,1,0,3,0
15266,Perdidos / Inativos,338,1,119.30,6,338,119.30,18.00,United Kingdom,1.00,2,0,1,0
15267,Clientes Leais,22,5,1717.36,8,183,343.47,188.80,United Kingdom,1.00,1,1,3,0
15269,Novos Clientes,24,1,408.80,2,24,408.80,26.00,United Kingdom,1.00,0,2,0,0
15270,Clientes Leais,16,7,2379.49,22,310,339.93,217.29,United Kingdom,0.83,1,1,2,0
15271,Campeões,7,15,2507.07,184,365,167.14,84.13,United Kingdom,1.00,3,3,2,0
15272,Novos Clientes,57,2,721.94,63,86,360.97,155.00,United Kingdom,1.00,0,2,3,0
15274,Novos Clientes,4,2,716.57,44,18,358.29,309.50,United Kingdom,1.00,0,2,3,0
15275,Novos Clientes,38,1,615.14,41,38,615.14,498.00,United Kingdom,1.00,0,2,0,0
15276,Novos Clientes,66,1,135.31,49,66,135.31,64.00,United Kingdom,1.00,0,2,0,0
15277,Novos Clientes,47,1,255.90,12,47,255.90,205.00,United Kingdom,1.00,0,2,0,0
15279,Perdidos / Inativos,355,1,290.51,19,355,290.51,189.00,United Kingdom,1.00,2,0,1,0
15280,Perdidos / Inativos,172,1,113.12,16,172,113.12,154.00,United Kingdom,1.00,2,0,1,0
15281,Campeões,59,9,2332.15,121,333,259.13,134.56,United Kingdom,0.74,3,1,2,0
15286,Novos Clientes,50,1,240.55,3,50,240.55,55.00,United Kingdom,1.00,0,2,0,0
15287,Novos Clientes,22,2,486.69,17,71,243.34,216.50,United Kingdom,1.00,0,2,3,0
15288,Clientes Leais,43,5,2306.52,80,365,461.30,155.00,United Kingdom,0.51,1,1,2,0
15289,Clientes Leais,29,3,939.78,43,250,313.26,336.00,United Kingdom,1.00,1,1,3,0
15290,Campeões,5,18,7943.22,93,359,441.29,250.06,United Kingdom,1.00,3,3,2,0
15291,Campeões,26,14,4623.30,61,374,330.24,150.14,United Kingdom,0.99,3,3,2,0
15292,Perdidos / Inativos,201,1,180.94,24,201,180.94,56.00,United Kingdom,1.00,2,0,1,0
15296,Clientes Leais,51,6,3672.86,137,327,612.14,294.33,United Kingdom,0.65,1,1,3,0
15297,Novos Clientes,10,3,641.94,30,64,213.98,97.33,United Kingdom,1.00,0,2,3,0
15298,Campeões,2,12,4799.90,115,366,399.99,259.67,United Kingdom,1.00,3,3,2,0
15299,Clientes Leais,67,6,3907.01,6,372,651.17,491.17,United Kingdom,1.00,1,1,2,-1
15300,Novos Clientes,64,1,496.44,28,64,496.44,292.00,United Kingdom,1.00,0,2,0,0
15301,Campeões,51,12,5070.35,167,369,422.53,231.25,United Kingdom,0.92,3,1,2,0
15303,Perdidos / Inativos,290,1,574.02,31,290,574.02,248.00,United Kingdom,1.00,2,0,1,0
15304,Clientes Leais,61,8,694.40,8,369,86.80,13.00,United Kingdom,0.84,1,1,2,0
15306,Clientes Leais,64,3,1174.35,57,148,391.45,270.00,United Kingdom,1.00,1,1,3,0
15307,Novos Clientes,96,1,205.30,12,96,205.30,37.00,United Kingdom,1.00,0,0,0,0
15308,Perdidos / Inativos,274,1,310.47,19,274,310.47,175.00,United Kingdom,1.00,2,0,1,0
15311,Campeões,1,91,60767.90,567,374,667.78,419.71,United Kingdom,1.00,3,3,2,-1
15312,Clientes Leais,75,4,924.85,42,354,231.21,129.00,United Kingdom,0.63,1,0,3,0
15313,Perdidos / Inativos,110,1,52.00,1,110,52.00,25.00,United Kingdom,1.00,2,2,0,0
15314,Perdidos / Inativos,199,1,327.97,24,199,327.97,313.00,United Kingdom,1.00,2,0,1,0
15315,Novos Clientes,64,2,570.50,35,116,285.25,431.00,United Kingdom,1.00,0,2,3,0
15316,Perdidos / Inativos,327,1,165.00,1,327,165.00,100.00,United Kingdom,1.00,2,0,1,0
15318,Novos Clientes,4,1,312.62,33,4,312.62,642.00,United Kingdom,1.00,0,2,3,0
15319,Perdidos / Inativos,284,1,204.50,16,284,204.50,175.00,United Kingdom,1.00,2,0,1,0
15320,Novos Clientes,44,1,267.13,36,44,267.13,326.00,United Kingdom,1.00,0,2,0,0
15321,Clientes Leais,71,3,2748.31,83,292,916.10,393.67,United Kingdom,0.93,1,0,3,0
15322,Novos Clientes,86,1,679.68,42,86,679.68,416.00,United Kingdom,1.00,0,2,0,0
15325,Novos Clientes,104,1,162.29,47,104,162.29,232.00,United Kingdom,1.00,0,2,0,0
15326,Perdidos / Inativos,334,1,311.71,29,334,311.71,386.00,United Kingdom,1.00,2,0,1,0
15327,Novos Clientes,53,1,208.75,10,53,208.75,116.00,United Kingdom,1.00,0,2,0,0
15329,Clientes Leais,39,3,1049.70,51,172,349.90,162.00,United Kingdom,1.00,1,2,3,0
15330,Novos Clientes,32,2,714.96,10,61,357.48,656.00,United Kingdom,1.00,0,2,3,0
15332,Clientes Leais,366,4,1661.06,29,370,415.26,163.00,Lithuania,0.83,1,0,3,0
15333,Perdidos / Inativos,208,1,1028.56,16,208,1028.56,344.00,United Kingdom,1.00,2,0,1,0
15334,Clientes Leais,157,3,348.72,66,173,116.24,91.00,United Kingdom,1.00,1,0,3,0
15335,Novos Clientes,54,1,173.97,34,54,173.97,80.00,United Kingdom,1.00,0,2,0,0
15339,Clientes Leais,66,2,574.07,77,318,287.04,208.00,United Kingdom,0.69,1,0,3,0
15341,Novos Clientes,81,1,2020.52,17,81,2020.52,812.00,United Kingdom,1.00,0,2,0,0
15342,Novos Clientes,130,1,406.09,24,130,406.09,283.00,United Kingdom,0.99,0,0,1,0
15343,Novos Clientes,87,1,364.50,21,87,364.50,84.00,United Kingdom,1.00,0,2,0,0
15344,Novos Clientes,1,3,563.94,21,74,187.98,38.67,United Kingdom,1.00,0,2,3,0
15345,Novos Clientes,46,1,393.54,20,46,393.54,81.00,United Kingdom,1.00,0,2,0,0
15346,Perdidos / Inativos,333,1,252.42,17,333,252.42,144.00,United Kingdom,1.00,2,0,1,0
15347,Perdidos / Inativos,366,1,201.60,5,366,201.60,130.00,United Kingdom,1.00,2,0,1,0
15348,Novos Clientes,72,1,158.04,9,72,158.04,84.00,United Kingdom,1.00,0,2,0,0
15349,Clientes Leais,158,2,473.81,65,187,236.91,163.50,United Kingdom,1.00,1,0,3,0
15350,Perdidos / Inativos,373,1,115.65,5,373,115.65,51.00,United Kingdom,1.00,2,0,1,0
15351,Campeões,12,7,1960.11,157,370,280.02,107.57,United Kingdom,0.87,3,3,2,0
15353,Clientes Leais,255,2,777.02,59,368,388.51,171.50,United Kingdom,0.81,1,0,3,0
15355,Novos Clientes,29,2,277.05,9,53,138.53,22.50,United Kingdom,1.00,0,2,3,0
15356,Campeões,31,10,2766.50,215,368,276.65,167.30,United Kingdom,0.89,3,1,2,0
15358,Campeões,5,22,8347.20,292,366,379.42,320.45,United Kingdom,1.00,3,3,2,0
15360,Novos Clientes,40,1,427.93,13,40,427.93,223.00,United Kingdom,1.00,0,2,0,0
15361,Perdidos / Inativos,362,1,418.92,7,362,418.92,336.00,United Kingdom,1.00,2,0,1,0
15363,Perdidos / Inativos,373,1,326.00,16,373,326.00,144.00,United Kingdom,1.00,2,0,1,0
15364,Clientes Leais,96,2,913.19,29,254,456.60,246.50,United Kingdom,1.00,1,0,3,0
15365,Clientes Leais,26,7,2314.32,65,315,330.62,154.86,United Kingdom,0.51,1,1,2,0
15366,Clientes Leais,75,2,602.51,37,358,301.25,310.50,United Kingdom,0.57,1,1,2,0
15367,Clientes Leais,57,4,1877.59,91,275,469.40,264.25,United Kingdom,0.99,1,1,3,0
15368,Novos Clientes,21,1,446.94,4,21,446.94,230.00,United Kingdom,1.00,0,2,0,0
15370,Clientes Leais,41,7,2386.05,65,333,340.86,118.57,United Kingdom,0.63,1,1,2,0
15372,Novos Clientes,137,1,2007.40,27,137,2007.40,2924.00,United Kingdom,1.00,0,2,1,0
15373,Campeões,8,12,2415.91,74,371,201.33,41.67,United Kingdom,0.99,3,3,2,0
15374,Perdidos / Inativos,129,1,168.00,3,129,168.00,126.00,United Kingdom,0.98,2,2,1,0
15376,Clientes Leais,40,3,1233.36,100,222,411.12,206.33,United Kingdom,1.00,1,1,3,0
15379,Clientes Leais,169,7,3703.29,145,358,529.04,329.29,United Kingdom,0.64,1,1,3,0
15380,Clientes Leais,9,5,1690.26,22,365,338.05,75.20,United Kingdom,0.96,1,1,2,0
15381,Perdidos / Inativos,214,2,596.85,8,268,298.43,85.50,United Kingdom,0.98,2,0,3,0
15382,Campeões,15,6,5955.71,193,296,992.62,668.67,United Kingdom,0.84,3,3,3,0
15384,Perdidos / Inativos,170,2,642.41,34,360,321.20,298.00,United Kingdom,0.69,2,0,3,0
15385,Novos Clientes,40,1,316.88,12,40,316.88,161.00,United Kingdom,1.00,0,2,0,0
15386,Perdidos / Inativos,186,1,394.14,31,186,394.14,446.00,United Kingdom,1.00,2,0,1,0
15388,Perdidos / Inativos,270,1,140.54,10,270,140.54,88.00,Canada,1.00,2,0,1,0
15389,Perdidos / Inativos,172,1,500.00,1,172,500.00,400.00,United Kingdom,1.00,2,0,1,0
15392,Campeões,5,4,1535.53,74,360,383.88,319.25,United Kingdom,0.96,3,1,2,0
15393,Perdidos / Inativos,16,2,231.86,10,281,115.93,75.00,United Kingdom,0.94,2,0,3,0
15394,Clientes Leais,10,4,2183.54,54,359,545.88,227.50,United Kingdom,0.92,1,1,2,0
15395,Perdidos / Inativos,326,1,107.45,7,326,107.45,17.00,United Kingdom,1.00,2,0,1,0
15396,Novos Clientes,113,1,288.18,14,113,288.18,122.00,United Kingdom,0.98,0,0,0,0
15397,Perdidos / Inativos,290,1,94.00,6,290,94.00,20.00,United Kingdom,1.00,2,0,1,0
15398,Novos Clientes,16,2,1345.53,60,78,672.76,384.50,United Kingdom,1.00,0,2,3,0
15399,Novos Clientes,1,3,815.77,45,79,271.92,203.67,United Kingdom,1.00,0,1,3,0
15400,Clientes Leais,92,5,716.20,10,279,143.24,78.00,United Kingdom,0.95,1,0,3,0
15402,Perdidos / Inativos,149,2,626.35,34,196,313.18,346.50,United Kingdom,1.00,2,0,3,0
15405,Perdidos / Inativos,189,1,349.10,8,189,349.10,193.00,United Kingdom,1.00,2,0,1,0
15406,Clientes Leais,31,2,510.71,51,301,255.36,127.00,United Kingdom,0.78,1,1,3,0
15407,Clientes Leais,34,4,1056.44,142,305,264.11,139.50,United Kingdom,0.87,1,1,3,0
15408,Perdidos / Inativos,264,1,267.18,34,264,267.18,106.00,United Kingdom,1.00,2,0,1,0
15410,Clientes Leais,84,8,3450.84,48,262,431.36,150.00,United Kingdom,0.95,1,1,3,0
15411,Clientes Leais,26,4,1358.88,86,183,339.72,132.50,United Kingdom,1.00,1,1,3,0
15412,Perdidos / Inativos,171,1,190.53,10,171,190.53,108.00,United Kingdom,1.00,2,0,1,0
15414,Clientes Leais,10,3,774.90,37,242,258.30,147.67,United Kingdom,1.00,1,1,3,0
15415,Perdidos / Inativos,313,1,572.81,46,313,572.81,575.00,United Kingdom,1.00,2,0,1,0
15416,Clientes Leais,65,4,3984.32,165,283,996.08,522.50,United Kingdom,0.98,1,1,3,0
15417,Novos Clientes,85,1,508.80,28,85,508.80,284.00,United Kingdom,1.00,0,2,0,0
15419,Novos Clientes,25,1,135.86,8,25,135.86,230.00,United Kingdom,1.00,0,2,0,0
15421,Clientes Leais,59,4,950.36,40,310,237.59,125.00,United Kingdom,0.85,1,1,3,0
15422,Perdidos / Inativos,323,2,97.70,6,323,48.85,19.00,United Kingdom,0.91,2,0,3,0
15423,Novos Clientes,38,1,43.50,2,38,43.50,101.00,United Kingdom,1.00,0,2,0,0
15424,Perdidos / Inativos,254,2,383.34,17,254,191.67,277.00,United Kingdom,1.00,2,0,3,0
15426,Campeões,19,5,1447.39,217,369,289.48,134.80,United Kingdom,0.79,3,1,2,0
15427,Clientes Leais,33,3,1483.14,233,47,494.38,337.67,United Kingdom,1.00,1,1,3,0
15428,Novos Clientes,15,1,93.78,6,15,93.78,102.00,United Kingdom,1.00,0,2,0,0
15429,Novos Clientes,27,2,397.35,77,75,198.68,190.00,United Kingdom,1.00,0,2,3,0
15432,Novos Clientes,23,1,171.19,10,23,171.19,65.00,United Kingdom,1.00,0,2,0,0
15433,Perdidos / Inativos,214,2,533.30,40,267,266.65,267.00,United Kingdom,1.00,2,0,3,0
15434,Clientes Leais,8,5,1041.48,40,200,208.30,129.40,United Kingdom,1.00,1,1,3,0
15435,Novos Clientes,22,1,149.29,29,22,149.29,54.00,United Kingdom,1.00,0,2,0,0
15436,Clientes Leais,12,3,1122.53,243,234,374.18,204.33,United Kingdom,1.00,1,1,3,0
15437,Perdidos / Inativos,262,1,200.16,44,262,200.16,79.00,United Kingdom,1.00,2,0,1,0
15438,Perdidos / Inativos,131,1,156.58,25,131,156.58,59.00,United Kingdom,1.00,2,0,1,0
15440,Clientes Leais,55,3,383.68,50,209,127.89,65.67,United Kingdom,1.00,1,0,3,0
15442,Perdidos / Inativos,249,1,594.00,2,249,594.00,120.00,United Kingdom,1.00,2,0,1,0
15443,Campeões,2,7,3236.91,237,320,462.42,237.57,United Kingdom,0.84,3,3,2,0
15444,Novos Clientes,9,2,1418.26,191,40,709.13,382.00,United Kingdom,1.00,0,2,3,0
15445,Perdidos / Inativos,264,1,113.50,5,264,113.50,58.00,United Kingdom,1.00,2,0,1,0
15447,Perdidos / Inativos,331,1,155.17,9,331,155.17,85.00,United Kingdom,1.00,2,0,1,0
15448,Perdidos / Inativos,313,1,494.64,28,313,494.64,232.00,United Kingdom,1.00,2,0,1,0
15449,Clientes Leais,26,3,974.52,47,262,324.84,270.67,United Kingdom,1.00,1,1,3,0
15450,Novos Clientes,30,1,429.84,30,30,429.84,376.00,United Kingdom,1.00,0,2,0,0
15452,Clientes Leais,30,3,538.73,47,264,179.58,94.33,United Kingdom,1.00,1,1,3,0
15453,Campeões,2,7,1388.37,169,188,198.34,120.71,United Kingdom,1.00,3,1,3,0
15454,Perdidos / Inativos,362,1,179.10,23,362,179.10,86.00,United Kingdom,1.00,2,0,1,0
15456,Clientes Leais,283,3,447.22,48,359,149.07,220.00,United Kingdom,0.82,1,0,3,0
15457,Perdidos / Inativos,262,1,237.07,56,262,237.07,132.00,United Kingdom,1.00,2,0,1,0
15458,Novos Clientes,25,1,161.64,7,25,161.64,156.00,United Kingdom,1.00,0,2,0,0
15460,Perdidos / Inativos,354,1,216.76,53,354,216.76,109.00,United Kingdom,1.00,2,0,1,0
15462,Perdidos / Inativos,94,3,234.60,9,187,78.20,57.33,United Kingdom,1.00,2,0,3,0
15463,Novos Clientes,29,1,126.14,7,29,126.14,106.00,United Kingdom,1.00,0,2,0,0
15464,Clientes Leais,338,1,1048.85,155,338,1048.85,350.00,United Kingdom,1.00,1,0,1,0
15465,Campeões,20,18,7354.62,43,370,408.59,69.83,United Kingdom,1.00,3,3,2,0
15466,Novos Clientes,85,1,334.53,56,85,334.53,246.00,United Kingdom,1.00,0,2,0,0
15467,Novos Clientes,9,3,524.88,41,152,174.96,103.33,United Kingdom,1.00,0,0,3,0
15468,Novos Clientes,51,2,467.51,24,51,233.75,77.50,United Kingdom,1.00,0,2,3,0
15469,Novos Clientes,50,2,538.55,24,120,269.27,76.50,United Kingdom,1.00,0,2,3,0
15471,Novos Clientes,2,1,469.48,67,2,469.48,266.00,United Kingdom,1.00,0,2,3,0
15472,Novos Clientes,113,1,371.56,76,113,371.56,251.00,United Kingdom,0.97,0,2,0,0
15473,Novos Clientes,14,7,1771.20,4,61,253.03,96.00,United Kingdom,1.00,0,1,3,-1
15475,Novos Clientes,77,1,454.11,29,77,454.11,319.00,United Kingdom,1.00,0,2,0,0
15478,Novos Clientes,40,2,1441.42,34,57,720.71,292.50,United Kingdom,1.00,0,2,3,0
15480,Novos Clientes,116,1,905.50,45,116,905.50,303.00,Malta,0.93,0,2,0,0
15482,Campeões,16,11,11014.96,45,359,1001.36,456.27,United Kingdom,1.00,3,3,2,0
15483,Clientes Leais,161,4,233.81,74,267,58.45,73.75,United Kingdom,0.99,1,0,3,0
15484,Campeões,1,4,3594.31,135,78,898.58,788.00,United Kingdom,1.00,3,1,3,0
15485,Clientes Leais,30,3,2575.00,59,373,858.33,435.33,United Kingdom,0.80,1,1,2,0
15488,Perdidos / Inativos,93,1,91.32,2,93,91.32,73.00,United Kingdom,1.00,2,2,0,0
15489,Clientes Leais,23,3,1134.28,47,211,378.09,202.67,United Kingdom,1.00,1,1,3,0
15491,Clientes Leais,95,6,3100.09,108,236,516.68,274.33,United Kingdom,1.00,1,1,3,0
15492,Novos Clientes,28,2,659.46,32,74,329.73,241.50,United Kingdom,1.00,0,2,3,0
15493,Clientes Leais,33,5,2001.80,177,271,400.36,112.00,United Kingdom,0.99,1,1,3,0
15494,Clientes Leais,21,2,1299.23,120,121,649.62,574.00,United Kingdom,1.00,1,1,3,0
15497,Clientes Leais,18,2,1262.20,13,320,631.10,312.00,United Kingdom,0.97,1,1,2,0
15498,Campeões,3,27,13316.40,360,367,493.20,226.11,United Kingdom,1.00,3,3,2,0
15500,Novos Clientes,8,4,1131.56,64,81,282.89,143.00,United Kingdom,1.00,0,1,3,0
15502,Campeões,16,10,6923.98,163,369,692.40,423.20,United Kingdom,0.92,3,3,2,0
15503,Perdidos / Inativos,363,1,147.09,66,363,147.09,74.00,United Kingdom,1.00,2,0,1,0
15504,Novos Clientes,81,1,52.83,13,81,52.83,33.00,United Kingdom,1.00,0,2,0,0
15505,Clientes Leais,53,5,3610.96,90,155,722.19,478.00,United Kingdom,1.00,1,1,3,0
15506,Clientes Leais,23,3,979.26,121,139,326.42,282.67,United Kingdom,1.00,1,1,3,0
15507,Perdidos / Inativos,172,1,492.36,41,172,492.36,162.00,United Kingdom,1.00,2,0,1,0
15508,Clientes Leais,189,6,1000.27,78,235,166.71,73.33,United Kingdom,1.00,1,0,3,0
15510,Perdidos / Inativos,331,1,250.00,1,331,250.00,2.00,United Kingdom,1.00,2,0,1,0
15511,Clientes Leais,12,5,909.23,117,85,181.85,54.20,United Kingdom,1.00,1,1,3,0
15512,Perdidos / Inativos,156,2,121.00,7,360,60.50,34.00,United Kingdom,0.73,2,0,3,0
15513,Campeões,33,19,14758.22,183,374,776.75,300.47,United Kingdom,1.00,3,3,2,0
15514,Campeões,12,11,4139.46,96,364,376.31,196.36,United Kingdom,0.97,3,3,2,0
15516,Novos Clientes,45,3,62.43,15,47,20.81,9.00,United Kingdom,1.00,0,2,3,-1
15517,Perdidos / Inativos,233,1,267.03,27,233,267.03,293.00,United Kingdom,1.00,2,0,1,0
15518,Clientes Leais,64,8,1942.45,135,332,242.81,159.12,United Kingdom,0.62,1,1,2,0
15520,Novos Clientes,2,1,343.50,18,2,343.50,314.00,United Kingdom,1.00,0,2,3,0
15521,Campeões,40,8,3000.20,116,255,375.02,229.50,United Kingdom,1.00,3,1,3,0
15522,Novos Clientes,33,2,398.84,47,88,199.42,286.50,United Kingdom,1.00,0,2,3,0
15523,Novos Clientes,84,1,412.01,10,84,412.01,132.00,United Kingdom,1.00,0,2,0,0
15524,Novos Clientes,25,1,440.00,1,25,440.00,4.00,United Kingdom,1.00,0,2,0,0
15525,Campeões,2,3,823.42,132,373,274.47,138.00,United Kingdom,1.00,3,1,2,0
15526,Novos Clientes,33,2,148.44,4,33,74.22,12.00,United Kingdom,1.00,0,2,3,0
15527,Campeões,19,8,2429.78,127,354,303.72,124.00,United Kingdom,0.83,3,3,2,0
15528,Perdidos / Inativos,254,1,229.33,26,254,229.33,123.00,United Kingdom,1.00,2,0,1,0
15529,Campeões,23,11,3992.68,414,367,362.97,317.73,United Kingdom,0.93,3,3,2,0
15530,Clientes Leais,22,4,1502.35,90,247,375.59,237.50,United Kingdom,1.00,1,1,3,0
15531,Novos Clientes,8,2,2007.44,196,30,1003.72,552.50,United Kingdom,1.00,0,2,3,0
15532,Clientes Leais,25,4,1571.03,204,358,392.76,129.75,United Kingdom,0.66,1,1,2,0
15533,Novos Clientes,19,3,807.57,73,89,269.19,96.33,United Kingdom,1.00,0,2,3,0
15535,Clientes Leais,173,4,536.40,55,328,134.10,35.75,United Kingdom,0.80,1,0,3,0
15537,Perdidos / Inativos,163,1,110.92,24,163,110.92,29.00,United Kingdom,1.00,2,0,1,0
15539,Novos Clientes,7,1,538.46,41,7,538.46,410.00,United Kingdom,0.88,0,2,0,0
15540,Novos Clientes,11,1,213.30,15,11,213.30,200.00,United Kingdom,1.00,0,2,0,0
15541,Novos Clientes,114,1,85.13,29,114,85.13,49.00,United Kingdom,0.94,0,0,0,0
15543,Perdidos / Inativos,288,1,127.86,26,288,127.86,86.00,United Kingdom,1.00,2,0,1,0
15544,Campeões,9,9,3546.71,122,373,394.08,345.44,United Kingdom,0.94,3,3,2,0
15545,Clientes Leais,54,2,292.72,78,371,146.36,81.50,United Kingdom,0.86,1,1,2,0
15547,Campeões,7,14,4954.84,441,362,353.92,288.00,United Kingdom,0.99,3,3,2,0
15549,Clientes Leais,77,3,1689.51,103,316,563.17,231.67,United Kingdom,0.85,1,1,3,0
15550,Clientes Leais,4,4,575.63,43,302,143.91,73.75,United Kingdom,0.55,1,1,3,0
15551,Novos Clientes,37,1,436.06,29,37,436.06,218.00,United Kingdom,1.00,0,2,0,0
15552,Perdidos / Inativos,217,1,90.12,17,217,90.12,60.00,United Kingdom,1.00,2,0,1,0
15553,Novos Clientes,60,1,437.23,51,60,437.23,451.00,United Kingdom,1.00,0,2,0,0
15554,Perdidos / Inativos,278,1,217.20,14,278,217.20,74.00,United Kingdom,1.00,2,0,1,0
15555,Campeões,12,16,4802.18,400,369,300.14,275.56,United Kingdom,1.00,3,3,2,0
15556,Novos Clientes,24,1,279.77,31,24,279.77,236.00,United Kingdom,1.00,0,2,0,0
15557,Novos Clientes,29,1,473.65,16,29,473.65,219.00,United Kingdom,1.00,0,2,0,0
15561,Clientes Leais,12,4,800.59,27,216,200.15,66.75,United Kingdom,1.00,1,1,3,0
15562,Perdidos / Inativos,352,1,134.55,1,352,134.55,39.00,United Kingdom,1.00,2,0,1,0
15563,Clientes Leais,22,3,1361.44,87,359,453.81,480.33,United Kingdom,0.76,1,1,2,0
15565,Novos Clientes,50,2,173.16,8,71,86.58,30.00,United Kingdom,1.00,0,2,3,0
15567,Novos Clientes,19,1,186.01,7,19,186.01,223.00,United Kingdom,1.00,0,2,0,0
15568,Novos Clientes,3,3,758.29,27,73,252.76,153.67,United Kingdom,1.00,0,1,3,0
15569,Clientes Leais,104,5,1375.71,27,332,275.14,133.20,United Kingdom,0.58,1,0,3,0
15570,Campeões,7,12,4165.52,231,369,347.13,172.25,United Kingdom,0.98,3,3,2,0
15571,Novos Clientes,12,4,650.43,47,78,162.61,66.00,United Kingdom,1.00,0,2,3,0
15572,Campeões,5,7,2552.86,166,278,364.69,175.57,United Kingdom,0.95,3,3,3,0
15573,Novos Clientes,32,2,599.50,87,86,299.75,181.00,United Kingdom,1.00,0,2,3,0
15574,Clientes Leais,178,4,702.25,131,372,175.56,87.25,United Kingdom,0.69,1,1,3,0
15576,Novos Clientes,38,1,940.67,43,38,940.67,404.00,United Kingdom,1.00,0,2,0,0
15577,Perdidos / Inativos,151,3,258.88,39,305,86.29,29.67,United Kingdom,0.92,2,0,3,0
15578,Perdidos / Inativos,162,1,127.10,13,162,127.10,52.00,United Kingdom,1.00,2,0,1,0
15579,Clientes Leais,69,2,348.60,45,314,174.30,60.00,United Kingdom,0.75,1,1,3,0
15581,Clientes Leais,156,10,721.63,133,366,72.16,28.30,United Kingdom,0.97,1,1,2,0
15582,Clientes Leais,25,3,682.91,39,220,227.64,151.00,United Kingdom,1.00,1,0,3,0
15584,Clientes Leais,24,4,725.11,89,162,181.28,78.50,United Kingdom,1.00,1,1,3,0
15585,Perdidos / Inativos,177,1,455.30,31,177,455.30,320.00,United Kingdom,1.00,2,0,1,0
15587,Perdidos / Inativos,50,4,913.68,3,352,228.42,78.00,United Kingdom,0.95,2,1,2,0
15589,Perdidos / Inativos,256,3,478.53,28,311,159.51,81.00,United Kingdom,0.93,2,0,3,0
15592,Novos Clientes,47,1,388.58,24,47,388.58,354.00,United Kingdom,1.00,0,2,0,0
15593,Novos Clientes,71,1,199.80,5,71,199.80,60.00,United Kingdom,1.00,0,2,0,0
15594,Clientes Leais,16,5,1771.78,85,235,354.36,196.60,United Kingdom,1.00,1,1,3,0
15596,Clientes Leais,101,5,1406.59,51,365,281.32,112.20,United Kingdom,0.67,1,1,3,0
15597,Novos Clientes,35,1,324.57,22,35,324.57,279.00,United Kingdom,1.00,0,2,0,0
15598,Novos Clientes,53,1,240.68,14,53,240.68,160.00,United Kingdom,1.00,0,2,0,0
15599,Clientes Leais,27,2,761.74,50,204,380.87,359.00,United Kingdom,1.00,1,1,3,0
15601,Campeões,11,14,6776.56,230,373,484.04,355.93,United Kingdom,0.98,3,3,2,0
15602,Campeões,8,9,1297.87,30,368,144.21,126.33,United Kingdom,0.97,3,1,2,0
15603,Perdidos / Inativos,79,1,48.48,2,79,48.48,96.00,United Kingdom,1.00,2,2,0,0
15604,Novos Clientes,52,1,216.39,17,52,216.39,159.00,United Kingdom,1.00,0,2,0,0
15605,Clientes Leais,36,5,1198.23,61,373,239.65,88.20,United Kingdom,0.56,1,1,2,0
15606,Clientes Leais,61,9,2920.16,48,325,324.46,99.11,United Kingdom,0.83,1,1,2,0
15607,Perdidos / Inativos,337,1,104.76,13,337,104.76,202.00,United Kingdom,1.00,2,0,1,0
15608,Clientes Leais,28,4,1093.68,59,121,273.42,178.50,United Kingdom,1.00,1,2,3,0
15609,Perdidos / Inativos,184,1,298.48,16,184,298.48,148.00,United Kingdom,1.00,2,0,1,0
15610,Novos Clientes,52,1,112.46,6,52,112.46,66.00,United Kingdom,1.00,0,2,0,0
15611,Campeões,10,11,1570.45,22,335,142.77,45.64,United Kingdom,0.98,3,1,2,0
15612,Novos Clientes,36,2,195.15,4,62,97.58,26.00,United Kingdom,1.00,0,2,3,0
15615,Campeões,10,23,10399.74,184,359,452.16,239.48,United Kingdom,1.00,3,3,2,0
15618,Clientes Leais,33,4,776.85,38,137,194.21,113.25,United Kingdom,1.00,1,2,3,0
15619,Novos Clientes,11,1,336.40,3,11,336.40,136.00,United Kingdom,1.00,0,2,0,0
15620,Clientes Leais,57,3,1553.18,92,358,517.73,305.00,United Kingdom,0.55,1,0,3,0
15621,Novos Clientes,4,4,1293.03,11,22,323.26,125.25,United Kingdom,1.00,0,1,3,0
15622,Campeões,43,9,3709.56,169,282,412.17,186.00,United Kingdom,0.90,3,1,3,0
15623,Perdidos / Inativos,141,1,301.03,19,141,301.03,125.00,United Kingdom,1.00,2,0,1,0
15624,Clientes Leais,117,4,588.13,26,256,147.03,89.25,United Kingdom,1.00,1,0,3,0
15625,Clientes Leais,104,4,1534.26,44,235,383.56,297.00,United Kingdom,1.00,1,0,3,0
15626,Clientes Leais,75,2,675.80,49,330,337.90,383.00,United Kingdom,0.59,1,1,3,0
15628,Campeões,5,9,2870.24,85,367,318.92,210.44,United Kingdom,0.97,3,3,2,0
15630,Clientes Leais,45,2,1186.35,57,205,593.17,400.00,United Kingdom,1.00,1,1,3,0
15632,Campeões,16,8,3285.31,107,275,410.66,263.62,United Kingdom,0.95,3,1,3,0
15634,Novos Clientes,17,1,243.55,15,17,243.55,99.00,United Kingdom,1.00,0,2,0,0
15636,Perdidos / Inativos,90,2,724.76,20,282,362.38,142.00,United Kingdom,0.95,2,0,3,0
15637,Novos Clientes,53,1,223.36,15,53,223.36,128.00,United Kingdom,1.00,0,2,0,0
15639,Novos Clientes,134,1,425.32,25,134,425.32,323.00,United Kingdom,1.00,0,0,1,0
15640,Campeões,4,15,12515.66,240,372,834.38,440.47,United Kingdom,1.00,3,3,2,0
15641,Clientes Leais,105,4,1887.20,102,359,471.80,390.50,United Kingdom,0.76,1,1,3,0
15643,Clientes Leais,192,3,664.00,31,282,221.33,82.00,United Kingdom,0.99,1,0,3,0
15644,Clientes Leais,166,4,813.00,166,261,203.25,139.25,United Kingdom,1.00,1,1,3,0
15645,Novos Clientes,19,1,611.59,49,19,611.59,255.00,United Kingdom,1.00,0,2,0,0
15646,Clientes Leais,158,3,447.64,35,372,149.21,131.33,United Kingdom,0.78,1,0,3,0
15648,Perdidos / Inativos,204,2,657.35,23,267,328.68,110.50,United Kingdom,0.99,2,0,3,0
15649,Perdidos / Inativos,336,2,816.00,1,368,408.00,96.00,United Kingdom,0.96,2,0,2,0
15651,Clientes Leais,37,3,646.30,27,261,215.43,159.67,United Kingdom,1.00,1,0,3,0
15652,Novos Clientes,91,1,337.74,21,91,337.74,208.00,United Kingdom,1.00,0,2,0,0
15653,Novos Clientes,93,2,877.44,4,116,438.72,600.00,United Kingdom,1.00,0,0,3,0
15654,Novos Clientes,9,2,922.53,15,26,461.26,237.50,United Kingdom,1.00,0,2,3,0
15655,Perdidos / Inativos,243,1,560.67,34,243,560.67,324.00,United Kingdom,1.00,2,0,1,0
15656,Clientes Leais,45,4,748.50,46,284,187.12,85.75,United Kingdom,0.98,1,1,3,0
15657,Novos Clientes,23,1,30.00,1,23,30.00,24.00,United Kingdom,1.00,0,2,0,0
15658,Clientes Leais,190,5,1024.10,40,373,204.82,48.40,United Kingdom,0.79,1,0,3,0
15659,Novos Clientes,44,1,306.45,11,44,306.45,111.00,United Kingdom,1.00,0,2,0,0
15660,Campeões,25,9,1600.86,55,366,177.87,116.67,United Kingdom,0.90,3,1,2,0
15661,Perdidos / Inativos,317,2,309.80,4,339,154.90,118.00,United Kingdom,0.70,2,0,3,0
15663,Novos Clientes,106,1,138.14,9,106,138.14,106.00,United Kingdom,1.00,0,2,0,0
15664,Novos Clientes,51,1,386.43,17,51,386.43,157.00,United Kingdom,1.00,0,2,0,0
15665,Clientes Leais,168,2,2242.01,92,243,1121.01,833.00,United Kingdom,1.00,1,0,3,0
15667,Novos Clientes,40,1,301.32,13,40,301.32,240.00,United Kingdom,1.00,0,2,0,0
15668,Perdidos / Inativos,218,1,76.32,1,218,76.32,72.00,United Kingdom,1.00,2,2,1,0
15669,Clientes Leais,40,4,684.34,31,264,171.09,85.50,United Kingdom,1.00,1,0,3,0
15670,Perdidos / Inativos,297,1,173.05,12,297,173.05,91.00,United Kingdom,1.00,2,0,1,0
15671,Clientes Leais,19,7,2657.13,52,271,379.59,242.71,United Kingdom,0.95,1,3,3,0
15673,Clientes Leais,88,4,2881.02,107,327,720.25,378.50,United Kingdom,0.79,1,1,3,0
15674,Clientes Leais,73,4,2111.89,87,255,527.97,318.50,United Kingdom,1.00,1,1,3,0
15675,Perdidos / Inativos,81,3,323.69,20,280,107.90,175.67,United Kingdom,0.99,2,0,3,0
15676,Clientes Leais,19,3,3435.76,191,284,1145.25,750.67,United Kingdom,0.95,1,1,3,0
15677,Novos Clientes,49,1,657.23,33,49,657.23,319.00,United Kingdom,1.00,0,2,0,0
15678,Novos Clientes,53,1,352.70,12,53,352.70,184.00,United Kingdom,1.00,0,2,0,0
15679,Clientes Leais,24,4,781.28,98,183,195.32,292.50,United Kingdom,1.00,1,1,3,0
15680,Clientes Leais,9,3,1333.68,61,366,444.56,317.33,United Kingdom,0.95,1,1,2,0
15681,Clientes Leais,25,5,1426.16,32,280,285.23,163.20,United Kingdom,0.95,1,1,3,0
15683,Perdidos / Inativos,117,1,193.75,10,117,193.75,131.00,United Kingdom,0.87,2,2,0,0
15687,Campeões,9,9,2993.10,119,330,332.57,145.56,United Kingdom,0.87,3,3,2,0
15689,Perdidos / Inativos,120,2,254.10,8,362,127.05,42.00,United Kingdom,0.62,2,0,3,0
15690,Novos Clientes,4,2,239.76,19,101,119.88,204.00,United Kingdom,1.00,0,0,3,0
15691,Perdidos / Inativos,252,1,136.80,2,252,136.80,72.00,United Kingdom,1.00,2,0,1,0
15692,Novos Clientes,28,1,191.04,12,28,191.04,138.00,United Kingdom,1.00,0,2,0,0
15694,Campeões,1,13,6464.40,41,373,497.26,128.92,United Kingdom,1.00,3,3,2,0
15695,Perdidos / Inativos,267,2,409.98,22,267,204.99,106.00,United Kingdom,1.00,2,0,3,0
15696,Campeões,33,8,2736.46,140,327,342.06,128.50,United Kingdom,0.61,3,1,2,0
15699,Novos Clientes,18,1,309.65,18,18,309.65,113.00,United Kingdom,1.00,0,2,0,0
15700,Clientes Leais,172,2,696.68,85,173,348.34,178.50,United Kingdom,1.00,1,0,3,0
15701,Campeões,2,4,1542.14,193,111,385.54,230.75,United Kingdom,1.00,3,1,3,0
15703,Perdidos / Inativos,265,1,211.50,5,265,211.50,66.00,United Kingdom,1.00,2,0,1,0
15704,Clientes Leais,140,4,2293.62,79,216,573.40,257.00,United Kingdom,1.00,1,1,3,0
15705,Perdidos / Inativos,201,1,143.10,6,201,143.10,62.00,United Kingdom,1.00,2,0,1,0
15706,Clientes Leais,64,4,1060.56,50,116,265.14,80.25,United Kingdom,1.00,1,2,3,0
15707,Clientes Leais,35,4,945.58,126,86,236.40,151.25,United Kingdom,1.00,1,1,3,0
15708,Campeões,41,7,3364.24,124,370,480.61,181.00,United Kingdom,0.59,3,1,2,0
15709,Perdidos / Inativos,284,1,133.25,6,284,133.25,121.00,United Kingdom,1.00,2,0,1,0
15712,Clientes Leais,9,5,1072.36,41,288,214.47,97.20,United Kingdom,0.89,1,1,3,0
15713,Perdidos / Inativos,143,2,356.70,18,366,178.35,75.00,United Kingdom,0.67,2,0,3,0
15714,Novos Clientes,12,2,330.88,34,78,165.44,93.50,United Kingdom,1.00,0,2,3,0
15716,Clientes Leais,146,4,1118.81,101,370,279.70,186.00,United Kingdom,0.80,1,1,3,0
15717,Perdidos / Inativos,234,1,150.30,7,234,150.30,70.00,United Kingdom,1.00,2,0,1,0
15719,Campeões,33,13,5043.96,298,338,388.00,209.54,United Kingdom,0.95,3,3,2,0
15720,Novos Clientes,24,1,598.73,128,24,598.73,281.00,United Kingdom,1.00,0,2,0,0
15721,Novos Clientes,12,1,507.08,80,12,507.08,409.00,United Kingdom,1.00,0,2,0,0
15722,Clientes Leais,36,5,2222.56,45,291,444.51,205.20,United Kingdom,0.87,1,1,3,0
15723,Perdidos / Inativos,365,1,203.10,37,365,203.10,87.00,United Kingdom,1.00,2,0,1,0
15724,Perdidos / Inativos,201,2,218.25,11,285,109.12,36.50,United Kingdom,0.98,2,0,3,0
15725,Novos Clientes,15,1,415.25,32,15,415.25,221.00,United Kingdom,1.00,0,2,0,0
15727,Campeões,17,7,5178.96,213,359,739.85,437.86,United Kingdom,0.74,3,3,2,0
15729,Perdidos / Inativos,213,1,85.00,5,213,85.00,28.00,United Kingdom,1.00,2,2,1,0
15730,Clientes Leais,66,3,1120.88,68,207,373.63,229.67,United Kingdom,1.00,1,1,3,0
15732,Perdidos / Inativos,212,2,294.12,13,372,147.06,107.50,United Kingdom,0.79,2,0,3,0
15733,Perdidos / Inativos,283,1,162.30,10,283,162.30,62.00,United Kingdom,1.00,2,0,1,0
15734,Clientes Leais,115,2,1339.45,25,200,669.73,173.00,United Kingdom,1.00,1,0,3,0
15737,Clientes Leais,15,8,1205.12,60,243,150.64,74.88,United Kingdom,1.00,1,1,3,0
15738,Campeões,19,16,4812.42,46,373,300.78,186.38,United Kingdom,1.00,3,3,2,0
15739,Novos Clientes,66,1,449.12,8,66,449.12,472.00,United Kingdom,1.00,0,2,0,0
15740,Novos Clientes,49,1,154.88,9,49,154.88,152.00,United Kingdom,1.00,0,2,0,0
15743,Clientes Leais,16,4,784.46,59,185,196.12,54.00,United Kingdom,1.00,1,1,3,0
15744,Perdidos / Inativos,78,1,34.80,3,78,34.80,120.00,United Kingdom,1.00,2,2,0,0
15745,Clientes Leais,19,4,1094.59,57,236,273.65,105.25,United Kingdom,1.00,1,1,3,0
15746,Perdidos / Inativos,134,1,196.88,28,134,196.88,178.00,United Kingdom,1.00,2,0,1,0
15747,Clientes Leais,13,3,974.04,52,173,324.68,160.00,United Kingdom,1.00,1,1,3,0
15748,Novos Clientes,40,1,149.31,19,40,149.31,51.00,United Kingdom,1.00,0,2,0,0
15749,Clientes Leais,235,3,44534.30,5,332,14844.77,6009.33,United Kingdom,1.00,1,1,2,-1
15750,Campeões,3,8,2465.48,214,367,308.19,223.25,United Kingdom,0.98,3,3,2,0
15752,Campeões,40,7,2637.38,236,373,376.77,282.57,United Kingdom,0.59,3,1,2,0
15753,Perdidos / Inativos,305,1,79.20,1,305,79.20,144.00,United Kingdom,1.00,2,0,1,0
15754,Clientes Leais,51,3,458.57,24,247,152.86,66.33,United Kingdom,1.00,1,0,3,0
15755,Campeões,10,6,2364.25,127,295,394.04,237.83,United Kingdom,0.84,3,3,3,0
15756,Clientes Leais,61,4,532.96,160,249,133.24,60.50,United Kingdom,1.00,1,1,3,0
15757,Clientes Leais,66,2,714.42,43,218,357.21,245.50,United Kingdom,1.00,1,0,3,0
15758,Novos Clientes,25,1,205.25,9,25,205.25,47.00,United Kingdom,1.00,0,2,0,0
15759,Perdidos / Inativos,218,3,253.04,5,358,84.35,20.00,United Kingdom,0.80,2,0,3,0
15762,Novos Clientes,65,2,583.75,37,77,291.88,125.50,United Kingdom,1.00,0,2,3,0
15763,Novos Clientes,32,2,1086.92,58,78,543.46,135.50,United Kingdom,1.00,0,2,3,0
15764,Clientes Leais,88,6,3279.97,150,277,546.66,341.67,United Kingdom,0.98,1,1,3,0
15766,Novos Clientes,64,1,315.06,11,64,315.06,170.00,United Kingdom,1.00,0,2,0,0
15768,Clientes Leais,116,3,621.83,23,226,207.28,81.33,United Kingdom,1.00,1,0,3,0
15769,Campeões,7,26,56252.72,26,371,2163.57,1141.23,United Kingdom,1.00,3,3,2,-1
15773,Novos Clientes,6,1,635.68,10,6,635.68,311.00,United Kingdom,0.55,0,2,0,0
15774,Novos Clientes,69,1,270.80,25,69,270.80,87.00,United Kingdom,1.00,0,2,0,0
15775,Perdidos / Inativos,245,1,104.90,7,245,104.90,68.00,United Kingdom,1.00,2,0,1,0
15776,Perdidos / Inativos,133,1,241.62,18,133,241.62,138.00,United Kingdom,1.00,2,0,1,0
15777,Clientes Leais,241,4,1047.11,18,361,261.78,94.50,United Kingdom,0.73,1,0,3,0
15780,Perdidos / Inativos,184,3,475.28,26,358,158.43,73.33,United Kingdom,0.79,2,0,3,0
15781,Clientes Leais,25,3,345.46,20,306,115.15,60.00,United Kingdom,0.81,1,0,3,0
15782,Novos Clientes,10,3,2614.74,34,89,871.58,288.00,United Kingdom,1.00,0,1,3,0
15783,Novos Clientes,11,1,246.30,14,11,246.30,212.00,United Kingdom,1.00,0,2,0,0
15785,Clientes Leais,33,5,2328.97,58,295,465.79,322.40,United Kingdom,0.86,1,1,3,0
15786,Clientes Leais,46,3,4932.20,257,114,1644.07,1121.33,United Kingdom,1.00,1,1,3,-1
15787,Novos Clientes,26,3,948.05,156,61,316.02,180.00,United Kingdom,1.00,0,1,3,0
15789,Perdidos / Inativos,358,1,351.30,25,358,351.30,438.00,United Kingdom,1.00,2,0,1,0
15790,Novos Clientes,10,1,220.85,34,10,220.85,114.00,United Kingdom,1.00,0,2,0,0
15791,Clientes Leais,44,2,1612.69,66,204,806.35,365.50,United Kingdom,1.00,1,1,3,0
15793,Clientes Leais,15,3,965.61,6,269,321.87,184.33,United Kingdom,0.78,1,1,3,0
15795,Novos Clientes,150,1,610.01,42,150,610.01,581.00,United Kingdom,1.00,0,0,1,0
15796,Campeões,1,8,2710.56,69,302,338.82,107.50,United Kingdom,0.84,3,3,2,0
15797,Clientes Leais,113,3,2192.40,7,305,730.80,290.67,United Kingdom,0.94,1,0,2,0
15799,Clientes Leais,76,3,884.14,94,334,294.71,318.33,United Kingdom,0.71,1,0,3,0
15800,Clientes Leais,107,2,699.08,116,247,349.54,167.50,United Kingdom,1.00,1,0,3,0
15801,Clientes Leais,46,3,1063.95,61,110,354.65,190.00,United Kingdom,1.00,1,2,3,0
15803,Novos Clientes,51,1,415.82,8,51,415.82,290.00,United Kingdom,1.00,0,2,0,0
15804,Campeões,1,13,4206.39,170,199,323.57,197.31,United Kingdom,1.00,3,3,3,0
15805,Campeões,23,17,5528.48,220,365,325.20,199.24,United Kingdom,1.00,3,3,2,0
15806,Clientes Leais,46,3,784.58,24,277,261.53,200.67,United Kingdom,0.98,1,0,3,0
15807,Novos Clientes,50,3,903.90,48,77,301.30,143.33,United Kingdom,1.00,0,2,3,0
15808,Clientes Leais,306,4,3734.97,142,369,933.74,335.75,United Kingdom,0.92,1,1,3,0
15809,Clientes Leais,36,5,515.77,31,303,103.15,60.20,United Kingdom,0.85,1,1,3,0
15810,Clientes Leais,79,4,1391.98,66,297,348.00,215.25,United Kingdom,0.95,1,0,3,0
15811,Campeões,22,6,2218.62,117,365,369.77,178.50,United Kingdom,0.70,3,1,2,0
15812,Clientes Leais,107,5,1801.14,36,318,360.23,184.40,United Kingdom,0.69,1,0,3,0
15813,Clientes Leais,208,2,1303.91,40,240,651.95,301.50,United Kingdom,1.00,1,0,3,0
15814,Novos Clientes,17,4,1945.33,63,51,486.33,317.75,United Kingdom,1.00,0,1,3,0
15815,Clientes Leais,64,5,2100.60,33,260,420.12,371.20,United Kingdom,0.99,1,0,3,0
15819,Clientes Leais,49,4,1905.45,96,277,476.36,339.25,United Kingdom,0.99,1,1,3,0
15820,Perdidos / Inativos,320,1,206.98,17,320,206.98,128.00,United Kingdom,1.00,2,0,1,0
15821,Novos Clientes,44,2,570.96,57,61,285.48,101.00,United Kingdom,1.00,0,2,3,0
15822,Clientes Leais,3,2,885.47,28,359,442.74,187.50,United Kingdom,1.00,1,1,2,0
15825,Perdidos / Inativos,172,1,532.94,20,172,532.94,220.00,United Kingdom,1.00,2,0,1,0
15826,Clientes Leais,56,3,1654.31,64,211,551.44,321.00,United Kingdom,1.00,1,1,3,0
15827,Campeões,73,14,1836.09,72,372,131.15,63.00,United Kingdom,0.99,3,1,2,0
15829,Novos Clientes,99,2,636.14,44,141,318.07,498.00,United Kingdom,1.00,0,2,3,0
15830,Novos Clientes,38,1,576.00,39,38,576.00,415.00,United Kingdom,1.00,0,2,0,0
15831,Clientes Leais,58,3,801.76,63,324,267.25,368.33,United Kingdom,0.74,1,0,3,0
15832,Perdidos / Inativos,254,1,836.79,54,254,836.79,465.00,United Kingdom,1.00,2,0,1,0
15834,Clientes Leais,70,4,2231.25,241,277,557.81,240.75,United Kingdom,0.99,1,1,3,0
15835,Clientes Leais,44,4,954.09,47,331,238.52,109.75,United Kingdom,0.63,1,1,3,0
15836,Novos Clientes,50,1,137.37,10,50,137.37,26.00,United Kingdom,1.00,0,2,0,0
15837,Novos Clientes,65,1,391.98,24,65,391.98,189.00,United Kingdom,1.00,0,2,0,0
15838,Campeões,11,19,33643.08,54,368,1770.69,966.74,United Kingdom,1.00,3,3,2,-1
15839,Clientes Leais,33,3,1048.49,56,148,349.50,225.00,United Kingdom,1.00,1,2,3,0
15840,Novos Clientes,59,2,355.56,26,173,177.78,198.00,United Kingdom,1.00,0,0,3,0
15841,Clientes Leais,73,4,1224.06,36,339,306.01,235.50,United Kingdom,0.62,1,0,3,0
15843,Perdidos / Inativos,304,1,118.95,8,304,118.95,27.00,United Kingdom,1.00,2,0,1,0
15844,Novos Clientes,46,1,130.74,11,46,130.74,134.00,United Kingdom,1.00,0,2,0,0
15845,Campeões,18,8,3711.77,97,337,463.97,240.75,United Kingdom,0.82,3,3,2,0
15847,Clientes Leais,38,2,389.27,22,288,194.63,224.50,United Kingdom,0.93,1,0,3,0
15850,Novos Clientes,19,2,238.85,87,168,119.42,151.00,United Kingdom,1.00,0,1,3,0
15852,Perdidos / Inativos,187,2,160.71,22,197,80.36,24.00,United Kingdom,1.00,2,0,3,0
15853,Novos Clientes,52,1,110.80,29,52,110.80,135.00,United Kingdom,1.00,0,2,0,0
15854,Campeões,4,12,2974.65,105,362,247.89,78.25,United Kingdom,0.99,3,3,2,0
15855,Clientes Leais,137,5,712.24,59,264,142.45,94.00,United Kingdom,1.00,1,0,3,0
15856,Campeões,4,27,16386.31,294,365,606.90,407.48,United Kingdom,1.00,3,3,2,0
15857,Novos Clientes,19,1,297.00,14,19,297.00,308.00,United Kingdom,1.00,0,2,0,0
15858,Clientes Leais,16,5,1438.85,145,367,287.77,233.40,United Kingdom,0.79,1,1,2,0
15860,Clientes Leais,41,8,977.21,105,369,122.15,55.00,United Kingdom,0.86,1,1,2,0
15861,Campeões,12,8,3165.36,339,267,395.67,318.00,United Kingdom,0.99,3,3,3,0
15862,Clientes Leais,8,4,832.88,142,374,208.22,146.25,United Kingdom,0.95,1,1,2,0
15863,Novos Clientes,26,2,68.84,18,193,34.42,9.50,United Kingdom,1.00,0,2,3,0
15864,Clientes Leais,22,6,1936.32,16,316,322.72,198.67,United Kingdom,0.84,1,1,2,0
15865,Clientes Leais,41,3,895.13,37,214,298.38,122.67,United Kingdom,1.00,1,0,3,0
15866,Novos Clientes,101,1,230.53,43,101,230.53,126.00,United Kingdom,1.00,0,2,0,0
15867,Campeões,5,15,3806.10,301,369,253.74,136.07,United Kingdom,1.00,3,3,2,0
15869,Perdidos / Inativos,277,2,149.64,13,277,74.82,87.50,United Kingdom,0.99,2,0,3,0
15870,Novos Clientes,33,1,354.09,68,33,354.09,335.00,United Kingdom,1.00,0,2,0,0
15872,Novos Clientes,15,2,360.93,101,15,180.47,106.00,United Kingdom,1.00,0,2,3,0
15874,Clientes Leais,64,7,4405.88,110,284,629.41,362.00,United Kingdom,0.92,1,1,3,0
15877,Novos Clientes,2,2,493.28,122,18,246.64,185.50,United Kingdom,1.00,0,2,3,0
15880,Perdidos / Inativos,369,1,343.28,95,369,343.28,211.00,United Kingdom,1.00,2,0,1,0
15881,Perdidos / Inativos,312,5,501.39,26,364,100.28,52.00,United Kingdom,0.76,2,0,3,0
15882,Perdidos / Inativos,199,4,514.08,22,368,128.52,66.00,United Kingdom,0.81,2,0,3,0
15883,Novos Clientes,2,2,396.48,42,33,198.24,111.50,United Kingdom,1.00,0,2,3,0
15885,Novos Clientes,93,1,349.35,16,93,349.35,109.00,United Kingdom,1.00,0,2,0,0
15886,Novos Clientes,60,1,181.09,12,60,181.09,147.00,United Kingdom,1.00,0,2,0,0
15888,Novos Clientes,81,1,162.64,10,81,162.64,67.00,United Kingdom,1.00,0,2,0,0
15889,Clientes Leais,157,2,427.57,78,369,213.78,104.50,United Kingdom,0.57,1,0,3,0
15891,Perdidos / Inativos,227,1,521.97,59,227,521.97,441.00,United Kingdom,1.00,2,0,1,0
15894,Perdidos / Inativos,253,2,262.90,34,369,131.45,83.50,United Kingdom,0.74,2,0,3,0
15895,Perdidos / Inativos,150,1,179.17,11,150,179.17,94.00,United Kingdom,1.00,2,0,1,0
15897,Perdidos / Inativos,194,2,222.05,17,194,111.03,130.50,United Kingdom,1.00,2,0,3,0
15898,Campeões,1,5,1388.88,70,369,277.78,114.00,United Kingdom,0.99,3,3,2,0
15899,Perdidos / Inativos,369,1,56.25,4,369,56.25,39.00,United Kingdom,1.00,2,0,1,0
15900,Novos Clientes,24,1,351.11,44,24,351.11,221.00,United Kingdom,1.00,0,2,0,0
15901,Clientes Leais,17,3,361.90,101,155,120.63,125.67,United Kingdom,1.00,1,1,3,0
15903,Campeões,10,7,5126.76,46,295,732.39,344.29,United Kingdom,0.74,3,3,2,0
15904,Novos Clientes,8,1,164.68,30,8,164.68,84.00,United Kingdom,0.99,0,2,0,0
15906,Clientes Leais,20,7,1567.69,113,255,223.96,77.71,United Kingdom,1.00,1,1,3,0
15907,Clientes Leais,4,3,966.60,174,210,322.20,169.33,United Kingdom,1.00,1,1,3,0
15909,Perdidos / Inativos,174,1,191.94,7,174,191.94,98.00,United Kingdom,1.00,2,0,1,0
15910,Campeões,1,8,1232.18,215,317,154.02,126.88,United Kingdom,0.95,3,3,2,0
15912,Perdidos / Inativos,178,2,264.62,19,233,132.31,92.50,United Kingdom,1.00,2,0,3,0
15916,Campeões,16,8,1528.09,124,366,191.01,94.62,United Kingdom,0.90,3,3,2,0
15917,Perdidos / Inativos,248,1,123.10,12,248,123.10,42.00,United Kingdom,1.00,2,0,1,0
15918,Perdidos / Inativos,191,2,334.23,33,271,167.12,76.50,United Kingdom,1.00,2,0,3,0
15919,Clientes Leais,20,2,639.89,103,369,319.94,272.50,United Kingdom,0.94,1,1,2,0
15920,Perdidos / Inativos,154,3,163.55,52,154,54.52,31.33,United Kingdom,1.00,2,0,3,0
15921,Perdidos / Inativos,173,1,336.03,24,173,336.03,166.00,United Kingdom,1.00,2,0,1,0
15922,Perdidos / Inativos,373,1,369.50,11,373,369.50,138.00,United Kingdom,1.00,2,0,1,0
15923,Perdidos / Inativos,373,1,127.08,21,373,127.08,122.00,United Kingdom,1.00,2,0,1,0
15925,Perdidos / Inativos,194,1,207.15,12,194,207.15,93.00,United Kingdom,1.00,2,0,1,0
15930,Novos Clientes,67,1,426.63,21,67,426.63,139.00,United Kingdom,1.00,0,2,0,0
15932,Campeões,4,8,2495.87,93,289,311.98,290.62,United Kingdom,0.70,3,3,3,0
15933,Novos Clientes,21,3,1107.46,63,87,369.15,295.00,United Kingdom,1.00,0,2,3,0
15935,Perdidos / Inativos,239,1,108.04,11,239,108.04,114.00,United Kingdom,1.00,2,0,1,0
15937,Novos Clientes,64,1,145.35,7,64,145.35,73.00,United Kingdom,1.00,0,2,0,0
15938,Perdidos / Inativos,112,5,404.58,13,324,80.92,48.00,United Kingdom,0.73,2,0,3,0
15939,Campeões,90,14,6100.01,27,332,435.72,337.64,United Kingdom,1.00,3,3,2,-1
15940,Perdidos / Inativos,311,1,35.80,1,311,35.80,4.00,United Kingdom,1.00,2,0,1,0
15942,Perdidos / Inativos,134,1,337.44,14,134,337.44,232.00,United Kingdom,1.00,2,0,1,0
15944,Perdidos / Inativos,277,1,325.10,6,277,325.10,50.00,United Kingdom,1.00,2,0,1,0
15945,Perdidos / Inativos,365,1,181.00,2,365,181.00,52.00,United Kingdom,1.00,2,0,1,0
15947,Novos Clientes,83,1,1708.24,29,83,1708.24,898.00,United Kingdom,1.00,0,2,0,0
15948,Novos Clientes,8,2,955.24,51,44,477.62,283.50,United Kingdom,1.00,0,2,3,0
15949,Novos Clientes,17,2,364.72,12,71,182.36,142.00,United Kingdom,1.00,0,2,3,0
15950,Clientes Leais,32,4,1765.51,86,360,441.38,182.25,United Kingdom,0.57,1,1,2,0
15951,Clientes Leais,9,2,708.22,36,286,354.11,156.50,United Kingdom,0.72,1,1,3,0
15952,Clientes Leais,34,4,806.57,65,225,201.64,99.75,United Kingdom,1.00,1,1,3,0
15953,Campeões,15,8,1659.38,63,369,207.42,111.50,United Kingdom,0.89,3,1,2,0
15955,Campeões,24,14,4416.26,137,373,315.45,152.50,United Kingdom,0.98,3,3,2,0
15957,Novos Clientes,32,1,428.89,40,32,428.89,211.00,United Kingdom,1.00,0,2,0,0
15958,Novos Clientes,74,1,104.35,7,74,104.35,33.00,United Kingdom,1.00,0,2,0,0
15963,Novos Clientes,20,2,470.76,26,45,235.38,149.00,United Kingdom,1.00,0,2,3,0
15965,Clientes Leais,17,4,845.64,88,367,211.41,113.25,United Kingdom,0.81,1,1,2,0
15967,Clientes Leais,23,2,418.83,73,319,209.41,105.50,United Kingdom,0.67,1,1,2,0
15969,Novos Clientes,3,3,666.10,20,186,222.03,41.33,United Kingdom,1.00,0,0,3,0
15970,Perdidos / Inativos,304,1,314.10,11,304,314.10,116.00,United Kingdom,1.00,2,0,1,0
15971,Campeões,18,12,4194.90,9,311,349.57,143.00,United Kingdom,1.00,3,1,2,-1
15973,Perdidos / Inativos,367,1,307.82,4,367,307.82,106.00,United Kingdom,1.00,2,0,1,0
15974,Campeões,39,7,3442.15,141,289,491.74,323.14,United Kingdom,0.92,3,1,3,0
15975,Novos Clientes,84,1,371.01,24,84,371.01,243.00,United Kingdom,1.00,0,2,0,0
15976,Clientes Leais,165,2,430.94,83,220,215.47,138.50,United Kingdom,1.00,1,0,3,0
15977,Novos Clientes,17,2,1054.73,48,39,527.37,508.00,United Kingdom,1.00,0,2,3,0
15978,Novos Clientes,77,1,1098.78,49,77,1098.78,888.00,United Kingdom,1.00,0,2,0,0
15980,Clientes Leais,89,3,2398.86,40,254,799.62,520.00,United Kingdom,1.00,1,0,3,0
15981,Campeões,25,8,3408.48,53,311,426.06,233.25,United Kingdom,0.71,3,1,2,0
15983,Clientes Leais,22,4,1475.02,82,374,368.75,223.00,United Kingdom,0.69,1,1,2,0
15984,Campeões,3,10,2837.67,217,368,283.77,184.30,United Kingdom,0.99,3,3,2,0
15985,Clientes Leais,123,2,1142.42,29,237,571.21,543.00,United Kingdom,1.00,1,0,3,0
15986,Novos Clientes,30,1,168.12,14,30,168.12,268.00,United Kingdom,1.00,0,2,0,0
15987,Campeões,12,7,1451.28,110,369,207.33,222.29,United Kingdom,0.89,3,3,2,0
15988,Novos Clientes,19,1,158.03,26,19,158.03,181.00,United Kingdom,1.00,0,2,0,0
15990,Clientes Leais,44,2,792.11,52,287,396.06,221.50,United Kingdom,0.94,1,1,3,0
15992,Novos Clientes,4,1,41.99,3,4,41.99,17.00,United Kingdom,0.98,0,2,3,0
15993,Campeões,9,7,2788.87,334,44,398.41,292.14,United Kingdom,1.00,3,1,3,0
15994,Novos Clientes,55,1,427.07,31,55,427.07,177.00,United Kingdom,1.00,0,2,0,0
15996,Clientes Leais,88,6,1060.68,103,366,176.78,64.00,United Kingdom,0.50,1,1,2,0
15998,Campeões,37,5,3089.97,370,362,617.99,408.20,United Kingdom,0.56,3,1,3,0
16000,Novos Clientes,3,3,12393.70,9,3,4131.23,1703.33,United Kingdom,1.00,0,1,3,-1
16003,Clientes Leais,30,5,2735.37,82,360,547.07,237.00,United Kingdom,0.63,1,1,2,0
16005,Clientes Leais,12,4,615.39,173,271,153.85,75.00,United Kingdom,0.98,1,1,3,0
16006,Perdidos / Inativos,211,1,101.40,8,211,101.40,84.00,United Kingdom,1.00,2,0,1,0
16007,Clientes Leais,48,4,1701.94,221,215,425.49,348.25,United Kingdom,1.00,1,1,3,0
16008,Clientes Leais,24,3,478.78,29,205,159.59,107.67,United Kingdom,1.00,1,0,3,0
16009,Clientes Leais,22,4,992.71,68,160,248.18,94.50,United Kingdom,1.00,1,1,3,0
16010,Clientes Leais,246,3,407.50,62,363,135.83,70.00,United Kingdom,0.75,1,0,3,0
16011,Campeões,8,16,3362.71,99,366,210.17,127.62,United Kingdom,1.00,3,3,2,0
16012,Clientes Leais,35,3,1415.29,87,155,471.76,266.33,United Kingdom,1.00,1,1,3,0
16013,Campeões,4,47,37130.60,30,371,790.01,330.55,United Kingdom,1.00,3,3,2,-1
16014,Clientes Leais,38,3,662.38,123,291,220.79,88.33,United Kingdom,0.95,1,1,3,0
16015,Novos Clientes,4,3,705.10,145,49,235.03,302.67,United Kingdom,1.00,0,2,3,0
16016,Campeões,3,8,1508.76,156,367,188.59,77.50,United Kingdom,0.98,3,3,2,0
16017,Novos Clientes,47,1,211.88,26,47,211.88,102.00,United Kingdom,1.00,0,2,0,0
16018,Novos Clientes,39,2,408.90,26,180,204.45,95.00,United Kingdom,1.00,0,0,3,0
16019,Campeões,47,9,3786.24,133,365,420.69,192.56,United Kingdom,0.76,3,1,2,0
16020,Novos Clientes,17,3,851.01,42,65,283.67,162.33,United Kingdom,1.00,0,2,3,0
16022,Perdidos / Inativos,260,1,628.28,68,260,628.28,261.00,United Kingdom,1.00,2,0,1,0
16023,Clientes Leais,46,3,719.81,90,266,239.94,119.33,United Kingdom,1.00,1,1,3,0
16024,Novos Clientes,12,1,245.96,60,12,245.96,378.00,United Kingdom,1.00,0,2,0,0
16025,Novos Clientes,30,1,439.66,28,30,439.66,338.00,United Kingdom,1.00,0,2,0,0
16026,Novos Clientes,43,1,236.09,30,43,236.09,243.00,United Kingdom,1.00,0,2,0,0
16027,Clientes Leais,92,6,934.62,11,303,155.77,191.17,United Kingdom,0.61,1,0,3,0
16029,Campeões,39,62,72882.09,43,374,1175.52,648.50,United Kingdom,1.00,3,3,2,-1
16030,Perdidos / Inativos,310,1,331.24,28,310,331.24,283.00,United Kingdom,1.00,2,0,1,0
16031,Clientes Leais,92,2,548.94,91,247,274.47,211.50,United Kingdom,1.00,1,0,3,0
16033,Campeões,6,20,8816.40,538,370,440.82,176.95,United Kingdom,1.00,3,3,2,0
16034,Perdidos / Inativos,196,3,437.70,18,333,145.90,80.67,United Kingdom,0.83,2,0,3,0
16036,Clientes Leais,87,2,758.92,55,263,379.46,358.00,United Kingdom,1.00,1,0,3,0
16037,Clientes Leais,270,3,855.02,37,359,285.01,142.67,United Kingdom,0.85,1,0,3,0
16038,Novos Clientes,8,3,471.78,24,202,157.26,81.33,United Kingdom,1.00,0,1,3,0
16040,Clientes Leais,65,3,1313.55,57,269,437.85,228.00,United Kingdom,0.99,1,0,3,0
16041,Novos Clientes,31,3,3166.40,6,141,1055.47,528.00,United Kingdom,1.00,0,1,3,-1
16042,Clientes Leais,22,5,1197.27,68,332,239.45,151.00,United Kingdom,0.54,1,1,2,0
16043,Clientes Leais,38,4,773.99,30,318,193.50,125.75,United Kingdom,0.71,1,1,3,0
16045,Clientes Leais,120,4,1340.70,71,290,335.18,224.25,United Kingdom,0.97,1,0,3,0
16048,Perdidos / Inativos,373,2,256.44,8,373,128.22,72.00,United Kingdom,0.88,2,0,3,0
16049,Clientes Leais,40,3,1111.79,248,75,370.60,264.33,United Kingdom,1.00,1,1,3,0
16050,Perdidos / Inativos,174,1,137.90,10,174,137.90,278.00,United Kingdom,1.00,2,0,1,0
16052,Novos Clientes,54,1,362.06,34,54,362.06,282.00,United Kingdom,1.00,0,2,0,0
16053,Clientes Leais,33,2,1511.95,81,122,755.98,896.50,United Kingdom,1.00,1,1,3,0
16054,Novos Clientes,145,1,783.90,70,145,783.90,380.00,United Kingdom,1.00,0,2,1,0
16055,Perdidos / Inativos,221,1,134.80,8,221,134.80,22.00,United Kingdom,1.00,2,0,1,0
16056,Novos Clientes,45,1,664.85,66,45,664.85,347.00,United Kingdom,1.00,0,2,0,0
16057,Campeões,16,7,2263.12,109,285,323.30,123.29,United Kingdom,0.92,3,1,3,0
16059,Clientes Leais,66,6,1459.86,126,368,243.31,107.17,United Kingdom,0.51,1,1,3,0
16062,Clientes Leais,10,4,1153.62,50,365,288.40,200.00,United Kingdom,0.89,1,1,2,0
16063,Perdidos / Inativos,260,1,335.32,23,260,335.32,262.00,United Kingdom,1.00,2,0,1,0
16065,Perdidos / Inativos,365,1,372.09,71,365,372.09,231.00,United Kingdom,1.00,2,0,1,0
16066,Clientes Leais,17,5,1521.87,77,124,304.37,187.20,United Kingdom,1.00,1,1,3,0
16070,Novos Clientes,22,2,852.15,32,32,426.07,228.50,United Kingdom,1.00,0,2,3,0
16071,Novos Clientes,45,1,326.24,21,45,326.24,180.00,United Kingdom,1.00,0,2,0,0
16072,Perdidos / Inativos,288,1,584.32,23,288,584.32,140.00,United Kingdom,1.00,2,0,1,0
16073,Perdidos / Inativos,297,1,122.40,1,297,122.40,48.00,United Kingdom,1.00,2,0,1,0
16076,Campeões,3,10,2234.73,71,209,223.47,143.50,United Kingdom,1.00,3,1,3,0
16078,Perdidos / Inativos,284,1,79.20,1,284,79.20,16.00,United Kingdom,1.00,2,0,1,0
16079,Novos Clientes,17,3,1352.00,18,40,450.67,288.00,United Kingdom,1.00,0,2,3,0
16080,Perdidos / Inativos,82,2,217.16,10,274,108.58,64.00,United Kingdom,0.99,2,0,3,0
16081,Clientes Leais,56,5,2806.90,175,367,561.38,295.40,United Kingdom,0.66,1,1,3,0
16083,Clientes Leais,101,2,1317.62,31,361,658.81,454.00,United Kingdom,0.64,1,0,2,0
16084,Perdidos / Inativos,299,1,436.18,38,299,436.18,216.00,United Kingdom,1.00,2,0,1,0
16085,Clientes Leais,23,5,981.51,123,321,196.30,127.20,United Kingdom,0.57,1,1,3,0
16086,Clientes Leais,59,5,1121.39,24,367,224.28,102.20,United Kingdom,0.53,1,0,2,0
16091,Perdidos / Inativos,155,2,315.06,16,199,157.53,77.00,United Kingdom,1.00,2,0,3,0
16092,Clientes Leais,115,3,817.86,37,254,272.62,209.33,United Kingdom,1.00,1,0,3,0
16093,Perdidos / Inativos,107,1,17.00,1,107,17.00,20.00,United Kingdom,1.00,2,2,0,0
16094,Clientes Leais,12,4,1078.23,48,219,269.56,161.75,United Kingdom,1.00,1,1,3,0
16096,Perdidos / Inativos,264,1,320.62,12,264,320.62,155.00,United Kingdom,1.00,2,0,1,0
16097,Perdidos / Inativos,240,1,185.05,10,240,185.05,87.00,United Kingdom,1.00,2,0,1,0
16098,Clientes Leais,88,7,2005.63,34,374,286.52,87.57,United Kingdom,0.60,1,1,2,0
16099,Clientes Leais,50,3,731.90,29,226,243.97,144.67,United Kingdom,1.00,1,0,3,0
16101,Novos Clientes,71,1,1290.70,76,71,1290.70,757.00,United Kingdom,1.00,0,2,0,0
16102,Clientes Leais,42,3,1842.14,41,129,614.05,314.00,United Kingdom,1.00,1,2,3,0
16103,Clientes Leais,7,6,1429.64,30,234,238.27,93.00,United Kingdom,1.00,1,1,3,0
16104,Novos Clientes,62,1,302.36,28,62,302.36,123.00,United Kingdom,1.00,0,2,0,0
16105,Perdidos / Inativos,249,1,336.96,13,249,336.96,330.00,United Kingdom,1.00,2,0,1,0
16106,Novos Clientes,66,1,108.38,6,66,108.38,74.00,United Kingdom,1.00,0,2,0,0
16107,Clientes Leais,18,7,3204.16,16,183,457.74,168.00,United Kingdom,1.00,1,1,3,0
16108,Novos Clientes,85,1,842.50,48,85,842.50,615.00,United Kingdom,1.00,0,2,0,0
16109,Perdidos / Inativos,219,2,611.88,18,309,305.94,306.00,United Kingdom,0.86,2,0,3,0
16110,Clientes Leais,45,3,1337.48,283,311,445.83,244.33,United Kingdom,0.83,1,1,3,0
16112,Perdidos / Inativos,143,4,195.74,15,339,48.93,143.50,United Kingdom,0.72,2,0,3,0
16113,Perdidos / Inativos,183,1,161.38,30,183,161.38,176.00,United Kingdom,1.00,2,0,1,0
16114,Perdidos / Inativos,171,1,135.75,8,171,135.75,43.00,United Kingdom,1.00,2,0,1,0
16115,Campeões,10,8,1667.97,169,293,208.50,125.12,United Kingdom,0.75,3,3,3,0
16116,Perdidos / Inativos,212,1,612.78,34,212,612.78,248.00,United Kingdom,1.00,2,0,1,0
16117,Perdidos / Inativos,190,1,232.21,30,190,232.21,130.00,United Kingdom,1.00,2,0,1,0
16119,Novos Clientes,8,2,423.36,14,73,211.68,120.00,United Kingdom,1.00,0,2,3,0
16120,Novos Clientes,59,4,1309.14,26,59,327.29,219.50,United Kingdom,1.00,0,2,3,0
16121,Clientes Leais,57,2,867.11,170,216,433.56,293.00,United Kingdom,1.00,1,0,3,0
16122,Clientes Leais,73,4,684.42,26,367,171.11,282.00,United Kingdom,0.62,1,0,3,0
16123,Novos Clientes,52,1,307.78,16,52,307.78,170.00,United Kingdom,1.00,0,2,0,0
16124,Perdidos / Inativos,317,1,249.00,11,317,249.00,48.00,United Kingdom,1.00,2,0,1,0
16125,Perdidos / Inativos,367,1,289.35,13,367,289.35,124.00,United Kingdom,1.00,2,0,1,0
16126,Clientes Leais,29,4,6287.77,57,297,1571.94,531.25,United Kingdom,0.64,1,1,2,0
16127,Novos Clientes,39,1,656.25,40,39,656.25,323.00,United Kingdom,1.00,0,2,0,0
16128,Clientes Leais,18,5,1880.22,76,283,376.04,197.60,United Kingdom,0.96,1,1,3,0
16131,Clientes Leais,52,6,3506.54,55,240,584.42,300.33,United Kingdom,1.00,1,1,3,0
16133,Campeões,4,33,14589.04,219,318,442.09,269.30,United Kingdom,1.00,3,3,2,0
16134,Clientes Leais,22,2,618.09,34,359,309.05,185.50,United Kingdom,0.91,1,0,2,0
16135,Perdidos / Inativos,263,1,517.55,21,263,517.55,209.00,United Kingdom,1.00,2,0,1,0
16136,Clientes Leais,60,3,709.38,35,278,236.46,146.67,United Kingdom,0.99,1,0,3,0
16139,Clientes Leais,19,3,635.41,25,207,211.80,110.00,United Kingdom,1.00,1,0,3,0
16140,Clientes Leais,66,2,725.18,32,371,362.59,365.00,United Kingdom,0.63,1,1,2,0
16141,Novos Clientes,88,1,620.40,30,88,620.40,238.00,United Kingdom,1.00,0,2,0,0
16142,Perdidos / Inativos,250,1,535.34,37,250,535.34,422.00,United Kingdom,1.00,2,0,1,0
16143,Campeões,3,6,2424.94,75,369,404.16,153.17,United Kingdom,0.98,3,3,2,0
16144,Perdidos / Inativos,247,1,175.20,1,247,175.20,16.00,United Kingdom,1.00,2,0,1,0
16145,Campeões,9,11,3799.49,134,360,345.41,283.91,United Kingdom,0.97,3,3,2,0
16146,Clientes Leais,157,3,734.13,26,232,244.71,142.33,United Kingdom,1.00,1,0,3,0
16147,Novos Clientes,134,1,375.00,22,134,375.00,246.00,United Kingdom,1.00,0,0,1,0
16148,Perdidos / Inativos,296,1,76.32,1,296,76.32,72.00,United Kingdom,1.00,2,0,1,0
16149,Novos Clientes,5,2,280.52,18,142,140.26,154.00,United Kingdom,1.00,0,0,3,0
16150,Clientes Leais,43,5,2053.02,91,372,410.60,209.40,United Kingdom,0.53,1,1,3,0
16152,Perdidos / Inativos,269,1,1829.04,29,269,1829.04,642.00,United Kingdom,1.00,2,0,1,0
16153,Clientes Leais,50,5,1824.23,78,355,364.85,214.60,United Kingdom,0.53,1,1,3,0
16156,Campeões,9,9,3122.04,108,311,346.89,145.33,United Kingdom,0.71,3,3,2,0
16157,Novos Clientes,16,3,656.69,12,73,218.90,115.67,United Kingdom,1.00,0,2,3,0
16159,Perdidos / Inativos,282,1,348.20,14,282,348.20,236.00,United Kingdom,1.00,2,0,1,0
16160,Novos Clientes,65,2,1025.44,20,86,512.72,581.00,United Kingdom,1.00,0,2,3,0
16161,Campeões,2,19,5575.56,286,369,293.45,136.79,United Kingdom,1.00,3,3,2,0
16162,Perdidos / Inativos,252,1,37.40,2,252,37.40,4.00,United Kingdom,1.00,2,0,1,0
16163,Perdidos / Inativos,232,2,856.60,5,365,428.30,96.00,United Kingdom,0.77,2,0,2,0
16164,Novos Clientes,17,3,822.48,27,43,274.16,144.33,United Kingdom,1.00,0,2,3,0
16168,Campeões,11,27,3787.60,57,370,140.28,70.07,United Kingdom,1.00,3,3,2,0
16169,Novos Clientes,8,4,1822.97,71,76,455.74,331.25,United Kingdom,1.00,0,1,3,0
16170,Clientes Leais,51,6,1885.05,106,248,314.18,295.00,United Kingdom,1.00,1,1,3,0
16171,Novos Clientes,59,1,73.20,3,59,73.20,24.00,United Kingdom,1.00,0,2,0,0
16172,Clientes Leais,95,5,1140.21,52,242,228.04,157.40,United Kingdom,1.00,1,0,3,0
16173,Clientes Leais,16,6,1418.32,70,98,236.39,95.83,United Kingdom,1.00,1,1,3,0
16174,Clientes Leais,126,3,1009.55,19,152,336.52,217.00,United Kingdom,1.00,1,0,3,0
16175,Clientes Leais,94,4,1037.59,45,240,259.40,133.25,United Kingdom,1.00,1,0,3,0
16177,Novos Clientes,50,1,331.95,15,50,331.95,95.00,United Kingdom,1.00,0,2,0,0
16178,Perdidos / Inativos,138,1,197.90,8,138,197.90,94.00,United Kingdom,1.00,2,2,1,0
16179,Novos Clientes,61,1,215.83,11,61,215.83,99.00,United Kingdom,1.00,0,2,0,0
16180,Campeões,100,8,10254.18,90,253,1281.77,733.38,United Kingdom,0.95,3,1,3,0
16181,Novos Clientes,73,1,305.54,11,73,305.54,152.00,United Kingdom,1.00,0,2,0,0
16182,Clientes Leais,72,4,6617.65,17,295,1654.41,947.75,United Kingdom,0.97,1,1,2,-1
16183,Novos Clientes,67,1,338.71,15,67,338.71,113.00,United Kingdom,1.00,0,2,0,0
16184,Clientes Leais,64,6,1158.79,26,211,193.13,93.50,United Kingdom,1.00,1,0,3,0
16185,Clientes Leais,17,2,529.41,31,233,264.70,130.00,United Kingdom,1.00,1,0,3,0
16186,Campeões,23,12,4006.94,87,372,333.91,251.67,United Kingdom,0.97,3,3,2,0
16187,Campeões,32,15,6911.44,160,284,460.76,336.53,United Kingdom,0.83,3,3,2,0
16188,Clientes Leais,45,4,981.86,65,243,245.47,195.50,United Kingdom,1.00,1,1,3,0
16189,Novos Clientes,16,2,215.48,9,85,107.74,67.00,United Kingdom,1.00,0,2,3,0
16190,Novos Clientes,40,1,215.08,6,40,215.08,88.00,United Kingdom,1.00,0,2,0,0
16191,Campeões,3,13,5180.52,65,361,398.50,257.77,United Kingdom,1.00,3,3,2,0
16193,Perdidos / Inativos,237,1,314.45,19,237,314.45,219.00,United Kingdom,1.00,2,0,1,0
16198,Novos Clientes,75,1,400.68,14,75,400.68,128.00,United Kingdom,1.00,0,2,0,0
16200,Clientes Leais,4,2,1080.62,149,164,540.31,261.50,United Kingdom,1.00,1,1,3,0
16201,Clientes Leais,3,4,1863.47,74,110,465.87,321.50,United Kingdom,1.00,1,1,3,0
16202,Perdidos / Inativos,361,1,365.27,18,361,365.27,191.00,United Kingdom,1.00,2,0,1,0
16203,Clientes Leais,59,4,592.90,27,372,148.22,65.50,United Kingdom,0.58,1,0,3,0
16204,Novos Clientes,23,1,405.71,45,23,405.71,231.00,United Kingdom,1.00,0,2,0,0
16205,Clientes Leais,31,4,754.78,72,180,188.69,128.25,United Kingdom,1.00,1,1,3,0
16206,Clientes Leais,55,4,537.06,52,328,134.27,68.00,United Kingdom,0.68,1,1,3,0
16207,Novos Clientes,25,1,394.38,19,25,394.38,140.00,United Kingdom,1.00,0,2,0,0
16208,Clientes Leais,45,2,664.26,61,289,332.13,166.50,United Kingdom,0.94,1,1,3,0
16209,Clientes Leais,89,5,2262.62,37,247,452.52,235.80,United Kingdom,1.00,1,0,3,0
16210,Campeões,2,17,21076.30,73,374,1239.78,444.59,United Kingdom,1.00,3,3,2,0
16211,Novos Clientes,89,1,547.02,23,89,547.02,154.00,United Kingdom,1.00,0,2,0,0
16212,Clientes Leais,19,2,690.34,40,283,345.17,122.00,United Kingdom,0.91,1,1,3,0
16213,Novos Clientes,79,1,159.00,6,79,159.00,48.00,United Kingdom,1.00,0,2,0,0
16214,Clientes Leais,171,3,1062.75,36,269,354.25,140.00,United Kingdom,0.99,1,0,3,0
16215,Novos Clientes,81,1,242.35,14,81,242.35,104.00,United Kingdom,1.00,0,0,0,0
16216,Perdidos / Inativos,267,1,914.93,37,267,914.93,254.00,United Kingdom,1.00,2,0,1,0
16217,Perdidos / Inativos,235,2,304.25,13,282,152.12,45.50,United Kingdom,0.99,2,0,3,0
16218,Campeões,30,7,3084.68,56,374,440.67,298.29,United Kingdom,0.77,3,1,2,0
16221,Clientes Leais,37,3,864.86,90,367,288.29,239.00,United Kingdom,0.64,1,1,2,0
16222,Clientes Leais,318,1,846.72,120,318,846.72,365.00,United Kingdom,1.00,1,0,1,0
16224,Clientes Leais,57,4,1295.30,90,250,323.82,279.00,United Kingdom,1.00,1,1,3,0
16225,Clientes Leais,45,5,1096.32,109,278,219.26,98.60,United Kingdom,0.99,1,1,3,0
16226,Perdidos / Inativos,203,3,255.12,6,235,85.04,64.00,United Kingdom,1.00,2,0,3,0
16227,Perdidos / Inativos,225,1,314.22,6,225,314.22,90.00,United Kingdom,1.00,2,0,1,0
16229,Clientes Leais,87,2,1010.60,46,213,505.30,159.00,United Kingdom,1.00,1,0,3,0
16230,Perdidos / Inativos,190,2,542.03,32,220,271.01,182.50,United Kingdom,1.00,2,0,3,0
16232,Clientes Leais,44,4,990.88,24,215,247.72,137.50,United Kingdom,1.00,1,0,3,0
16233,Clientes Leais,71,3,536.68,22,366,178.89,58.00,United Kingdom,0.59,1,0,3,0
16235,Clientes Leais,41,4,857.31,41,332,214.33,82.25,United Kingdom,0.60,1,1,3,0
16236,Novos Clientes,78,1,432.20,20,78,432.20,184.00,United Kingdom,1.00,0,2,0,0
16239,Novos Clientes,57,2,414.20,18,190,207.10,114.00,United Kingdom,1.00,0,0,3,0
16240,Clientes Leais,24,2,3718.80,126,77,1859.40,820.50,United Kingdom,1.00,1,1,3,0
16241,Campeões,10,13,2607.87,347,370,200.61,111.77,United Kingdom,0.99,3,3,2,0
16242,Campeões,8,7,3603.21,184,277,514.74,283.14,United Kingdom,0.96,3,3,3,0
16243,Novos Clientes,34,2,409.10,49,55,204.55,55.00,United Kingdom,1.00,0,2,3,0
16244,Clientes Leais,212,2,1522.75,88,373,761.38,427.50,United Kingdom,0.80,1,0,3,0
16245,Clientes Leais,24,3,1413.66,80,257,471.22,338.00,United Kingdom,1.00,1,1,3,0
16247,Perdidos / Inativos,170,1,114.56,16,170,114.56,182.00,United Kingdom,1.00,2,0,1,0
16248,Novos Clientes,62,1,152.94,7,62,152.94,78.00,United Kingdom,1.00,0,2,0,0
16249,Clientes Leais,53,5,1800.07,67,239,360.01,190.00,United Kingdom,1.00,1,1,3,0
16250,Perdidos / Inativos,261,2,389.44,22,374,194.72,104.00,United Kingdom,0.83,2,0,3,0
16253,Clientes Leais,67,2,3683.86,114,255,1841.93,1616.50,United Kingdom,1.00,1,0,3,0
16255,Campeões,17,8,2619.91,146,365,327.49,220.88,United Kingdom,0.85,3,3,2,0
16256,Perdidos / Inativos,267,1,752.43,13,267,752.43,581.00,United Kingdom,1.00,2,0,1,0
16257,Perdidos / Inativos,177,1,21.95,1,177,21.95,1.00,United Kingdom,1.00,2,2,1,0
16258,Clientes Leais,45,5,5203.51,111,219,1040.70,598.80,United Kingdom,1.00,1,1,3,0
16260,Novos Clientes,51,1,1035.45,18,51,1035.45,311.00,United Kingdom,1.00,0,2,0,0
16261,Clientes Leais,17,4,746.83,98,246,186.71,76.50,United Kingdom,1.00,1,1,3,0
16265,Campeões,9,9,5347.00,163,365,594.11,293.78,United Kingdom,0.93,3,3,2,0
16266,Clientes Leais,74,7,861.89,44,206,123.13,56.86,United Kingdom,1.00,1,0,3,0
16268,Novos Clientes,71,2,617.65,44,71,308.82,266.00,United Kingdom,1.00,0,2,3,0
16270,Perdidos / Inativos,353,1,1141.24,54,353,1141.24,688.00,United Kingdom,1.00,2,0,1,0
16271,Clientes Leais,16,4,1414.24,88,358,353.56,259.25,United Kingdom,0.77,1,1,2,0
16272,Novos Clientes,117,1,411.70,25,117,411.70,224.00,United Kingdom,0.87,0,0,0,0
16274,Perdidos / Inativos,373,1,337.75,63,373,337.75,153.00,United Kingdom,1.00,2,0,1,0
16275,Perdidos / Inativos,197,1,559.87,33,197,559.87,336.00,United Kingdom,1.00,2,0,1,0
16276,Perdidos / Inativos,177,1,810.60,6,177,810.60,420.00,United Kingdom,1.00,2,0,1,0
16278,Novos Clientes,100,1,566.38,23,100,566.38,114.00,United Kingdom,1.00,0,2,0,0
16279,Clientes Leais,21,3,1509.58,102,177,503.19,351.33,United Kingdom,1.00,1,1,3,0
16281,Novos Clientes,72,1,2062.06,17,72,2062.06,934.00,United Kingdom,1.00,0,2,0,0
16282,Perdidos / Inativos,340,1,168.30,11,340,168.30,114.00,United Kingdom,1.00,2,0,1,0
16283,Campeões,6,5,1569.11,116,208,313.82,246.80,United Kingdom,1.00,3,1,3,0
16284,Novos Clientes,31,2,823.97,87,50,411.99,272.00,United Kingdom,1.00,0,2,3,0
16287,Perdidos / Inativos,170,1,142.50,8,170,142.50,298.00,United Kingdom,1.00,2,0,1,0
16292,Novos Clientes,122,1,302.25,17,122,302.25,191.00,United Kingdom,0.66,0,0,1,0
16293,Campeões,22,10,2248.99,102,367,224.90,98.20,United Kingdom,0.92,3,1,2,0
16295,Novos Clientes,10,4,1328.55,70,65,332.14,210.25,United Kingdom,1.00,0,1,3,0
16297,Perdidos / Inativos,269,1,301.90,20,269,301.90,206.00,United Kingdom,1.00,2,0,1,0
16298,Novos Clientes,23,3,598.20,22,187,199.40,66.00,United Kingdom,1.00,0,0,3,0
16302,Perdidos / Inativos,127,1,233.22,11,127,233.22,158.00,United Kingdom,0.95,2,2,1,0
16303,Clientes Leais,26,3,5360.63,119,333,1786.88,886.33,United Kingdom,0.78,1,1,2,0
16305,Perdidos / Inativos,139,1,361.22,22,139,361.22,256.00,United Kingdom,1.00,2,0,1,0
16306,Clientes Leais,214,6,632.27,36,367,105.38,81.17,United Kingdom,0.62,1,0,3,0
16308,Perdidos / Inativos,38,4,2560.00,1,261,640.00,2000.00,United Kingdom,1.00,2,1,2,-1
16309,Clientes Leais,106,2,706.57,39,241,353.29,233.50,United Kingdom,1.00,1,0,3,0
16311,Novos Clientes,18,2,616.26,35,49,308.13,197.00,United Kingdom,1.00,0,2,3,0
16313,Novos Clientes,3,2,274.15,16,50,137.08,82.50,United Kingdom,1.00,0,2,3,0
16315,Perdidos / Inativos,331,1,226.37,14,331,226.37,75.00,United Kingdom,1.00,2,0,1,0
16316,Campeões,64,8,2938.91,120,358,367.36,185.50,United Kingdom,0.65,3,1,2,0
16317,Clientes Leais,120,3,1341.65,64,297,447.22,296.67,United Kingdom,0.95,1,0,3,0
16318,Novos Clientes,35,1,328.15,19,35,328.15,199.00,United Kingdom,1.00,0,2,0,0
16319,Perdidos / Inativos,218,1,404.40,3,218,404.40,72.00,United Kingdom,1.00,2,0,1,0
16320,Clientes Leais,172,2,1038.46,56,213,519.23,366.00,Unspecified,1.00,1,0,3,0
16321,Perdidos / Inativos,72,5,373.65,7,324,74.73,27.00,Australia,0.64,2,0,3,0
16322,Novos Clientes,1,2,326.75,28,36,163.38,115.50,United Kingdom,1.00,0,2,3,0
16323,Perdidos / Inativos,196,1,207.50,1,196,207.50,50.00,United Kingdom,1.00,2,0,1,0
16324,Clientes Leais,128,3,428.68,100,177,142.89,94.00,United Kingdom,1.00,1,0,3,0
16325,Clientes Leais,47,3,594.24,14,246,198.08,64.67,United Kingdom,1.00,1,0,3,0
16326,Campeões,6,14,3110.96,158,335,222.21,50.64,United Kingdom,0.99,3,3,2,0
16327,Campeões,14,6,3813.62,141,370,635.60,422.50,United Kingdom,0.79,3,1,2,0
16330,Novos Clientes,18,3,251.91,39,112,83.97,49.00,United Kingdom,1.00,0,2,3,0
16332,Clientes Leais,28,7,1593.20,125,305,227.60,114.43,United Kingdom,0.73,1,1,3,0
16333,Campeões,8,22,26626.80,9,310,1210.31,1462.91,United Kingdom,1.00,3,3,2,-1
16337,Novos Clientes,37,1,151.05,10,37,151.05,87.00,United Kingdom,1.00,0,2,0,0
16338,Perdidos / Inativos,157,1,214.80,11,157,214.80,94.00,United Kingdom,1.00,2,0,1,0
16339,Perdidos / Inativos,284,1,109.95,17,284,109.95,23.00,United Kingdom,1.00,2,0,1,0
16340,Novos Clientes,107,1,549.07,124,107,549.07,501.00,United Kingdom,1.00,0,2,0,0
16341,Clientes Leais,25,4,1971.87,60,201,492.97,349.50,United Kingdom,1.00,1,1,3,0
16342,Perdidos / Inativos,75,4,322.41,10,180,80.60,39.25,United Kingdom,1.00,2,0,3,0
16343,Novos Clientes,16,2,370.48,29,16,185.24,97.50,United Kingdom,1.00,0,2,3,0
16344,Perdidos / Inativos,158,1,101.10,1,158,101.10,18.00,United Kingdom,1.00,2,2,1,0
16345,Novos Clientes,44,1,575.41,35,44,575.41,289.00,United Kingdom,1.00,0,2,0,0
16347,Novos Clientes,11,2,887.65,61,36,443.82,176.50,United Kingdom,1.00,0,2,3,0
16348,Clientes Leais,32,7,1467.11,156,240,209.59,116.14,United Kingdom,1.00,1,1,3,0
16349,Perdidos / Inativos,291,1,53.50,9,291,53.50,9.00,United Kingdom,1.00,2,0,1,0
16350,Clientes Leais,21,4,1116.47,40,334,279.12,136.25,United Kingdom,0.62,1,1,2,0
16351,Perdidos / Inativos,333,1,153.90,8,333,153.90,90.00,United Kingdom,1.00,2,0,1,0
16352,Novos Clientes,18,2,494.44,28,38,247.22,150.00,United Kingdom,1.00,0,2,3,0
16353,Campeões,4,23,6675.71,51,370,290.25,87.22,United Kingdom,1.00,3,3,2,0
16354,Novos Clientes,63,2,395.80,38,73,197.90,75.00,United Kingdom,1.00,0,2,3,0
16356,Perdidos / Inativos,198,3,211.77,20,278,70.59,31.00,United Kingdom,0.99,2,0,3,0
16357,Clientes Leais,33,3,658.88,31,214,219.63,82.00,United Kingdom,1.00,1,0,3,0
16358,Campeões,1,4,2027.50,82,184,506.88,325.50,United Kingdom,1.00,3,1,3,0
16359,Campeões,7,9,1750.92,39,332,194.55,131.44,United Kingdom,0.94,3,1,2,0
16360,Campeões,5,6,3512.53,365,88,585.42,357.33,United Kingdom,1.00,3,1,3,0
16361,Novos Clientes,10,4,896.66,87,71,224.16,105.25,United Kingdom,1.00,0,1,3,0
16362,Novos Clientes,32,5,734.77,58,91,146.95,70.20,United Kingdom,1.00,0,2,3,0
16363,Novos Clientes,53,1,109.36,5,53,109.36,52.00,United Kingdom,1.00,0,2,0,0
16364,Novos Clientes,12,2,707.04,48,137,353.52,140.00,United Kingdom,1.00,0,2,3,0
16365,Campeões,18,9,1540.42,45,367,171.16,56.00,United Kingdom,0.92,3,1,2,0
16366,Novos Clientes,19,1,327.30,18,19,327.30,256.00,United Kingdom,1.00,0,2,0,0
16367,Clientes Leais,37,2,804.49,123,363,402.25,323.50,United Kingdom,0.83,1,1,2,0
16368,Novos Clientes,2,2,497.43,58,28,248.72,130.00,United Kingdom,1.00,0,2,3,0
16369,Clientes Leais,18,3,1551.58,90,197,517.19,343.67,United Kingdom,1.00,1,1,3,0
16370,Clientes Leais,82,4,1320.56,143,225,330.14,161.75,United Kingdom,1.00,1,1,3,0
16372,Novos Clientes,33,2,367.93,86,34,183.97,83.00,United Kingdom,1.00,0,2,3,0
16374,Clientes Leais,66,2,465.08,100,262,232.54,119.50,United Kingdom,1.00,1,0,3,0
16376,Novos Clientes,9,2,987.01,104,17,493.50,347.00,United Kingdom,1.00,0,2,3,0
16377,Perdidos / Inativos,267,1,676.20,5,267,676.20,1500.00,United Kingdom,1.00,2,0,1,0
16378,Perdidos / Inativos,247,3,362.95,22,311,120.98,89.00,United Kingdom,0.93,2,0,3,0
16379,Clientes Leais,4,4,2157.40,87,79,539.35,352.50,United Kingdom,1.00,1,1,3,0
16380,Novos Clientes,61,1,1780.59,28,61,1780.59,1524.00,United Kingdom,1.00,0,2,0,0
16383,Clientes Leais,75,2,668.36,80,268,334.18,237.50,United Kingdom,1.00,1,0,3,0
16384,Clientes Leais,90,2,584.50,33,264,292.25,130.00,United Kingdom,1.00,1,0,3,0
16385,Clientes Leais,60,3,555.89,52,366,185.30,87.00,United Kingdom,0.51,1,1,3,0
16386,Clientes Leais,29,2,317.20,76,254,158.60,112.00,United Kingdom,1.00,1,1,3,0
16387,Perdidos / Inativos,323,1,94.36,4,323,94.36,44.00,United Kingdom,1.00,2,0,1,0
16389,Clientes Leais,53,4,1382.07,33,283,345.52,310.50,United Kingdom,0.96,1,0,3,0
16392,Perdidos / Inativos,270,1,221.19,41,270,221.19,203.00,United Kingdom,1.00,2,0,1,0
16393,Campeões,2,13,3046.21,120,369,234.32,121.23,United Kingdom,1.00,3,3,2,0
16394,Clientes Leais,57,5,1555.34,61,290,311.07,520.80,United Kingdom,0.95,1,1,3,0
16395,Clientes Leais,61,5,1486.90,150,331,297.38,295.20,United Kingdom,0.70,1,1,3,0
16398,Clientes Leais,154,2,1705.80,75,254,852.90,379.00,United Kingdom,1.00,1,0,3,0
16399,Clientes Leais,19,2,406.77,67,235,203.38,123.00,United Kingdom,1.00,1,1,3,0
16400,Novos Clientes,95,1,303.93,28,95,303.93,172.00,United Kingdom,1.00,0,2,0,0
16401,Campeões,1,12,4098.32,66,328,341.53,323.50,United Kingdom,0.99,3,3,2,0
16402,Perdidos / Inativos,265,2,299.60,55,369,149.80,74.50,United Kingdom,0.69,2,0,3,0
16403,Perdidos / Inativos,312,1,177.50,10,312,177.50,114.00,United Kingdom,1.00,2,0,1,0
16404,Novos Clientes,70,1,443.05,23,70,443.05,157.00,United Kingdom,1.00,0,2,0,0
16405,Perdidos / Inativos,302,2,167.25,3,310,83.62,93.50,United Kingdom,0.92,2,0,3,0
16406,Novos Clientes,19,1,163.07,54,19,163.07,122.00,United Kingdom,1.00,0,2,0,0
16407,Campeões,13,10,2126.93,99,312,212.69,112.40,United Kingdom,0.78,3,1,2,0
16409,Clientes Leais,36,5,2028.88,145,317,405.78,261.20,United Kingdom,0.78,1,1,3,0
16411,Clientes Leais,19,2,214.65,41,369,107.33,66.00,United Kingdom,0.96,1,0,2,0
16412,Novos Clientes,54,1,151.83,25,54,151.83,73.00,United Kingdom,1.00,0,2,0,0
16413,Novos Clientes,57,1,262.20,30,57,262.20,148.00,United Kingdom,1.00,0,2,0,0
16414,Perdidos / Inativos,22,2,126.25,5,280,63.12,13.50,United Kingdom,0.97,2,0,3,0
16415,Novos Clientes,44,1,210.35,45,44,210.35,187.00,United Kingdom,1.00,0,2,0,0
16416,Novos Clientes,27,3,1051.40,59,56,350.47,224.00,United Kingdom,1.00,0,2,3,0
16418,Clientes Leais,45,3,675.27,76,226,225.09,96.00,United Kingdom,1.00,1,1,3,0
16419,Clientes Leais,113,6,972.23,36,312,162.04,72.67,United Kingdom,0.75,1,0,3,0
16422,Campeões,17,51,34684.40,68,369,680.09,660.86,United Kingdom,1.00,3,3,2,-1
16423,Novos Clientes,25,1,346.12,18,25,346.12,230.00,United Kingdom,1.00,0,2,0,0
16424,Perdidos / Inativos,191,1,133.56,5,191,133.56,88.00,United Kingdom,1.00,2,0,1,0
16425,Perdidos / Inativos,302,1,302.70,21,302,302.70,199.00,United Kingdom,1.00,2,0,1,0
16426,Campeões,2,10,1908.25,211,276,190.82,124.30,United Kingdom,0.82,3,3,3,0
16427,Perdidos / Inativos,263,2,241.06,8,284,120.53,78.00,United Kingdom,0.98,2,0,3,0
16429,Perdidos / Inativos,106,1,284.55,2,106,284.55,9.00,United Kingdom,1.00,2,0,0,0
16430,Novos Clientes,57,1,300.85,6,57,300.85,103.00,United Kingdom,1.00,0,2,0,0
16431,Clientes Leais,213,3,642.81,51,297,214.27,151.00,United Kingdom,0.97,1,0,3,0
16432,Novos Clientes,64,1,287.40,8,64,287.40,276.00,United Kingdom,1.00,0,2,0,0
16433,Novos Clientes,28,1,184.26,17,28,184.26,106.00,United Kingdom,1.00,0,2,0,0
16434,Clientes Leais,29,7,1522.25,88,300,217.46,109.57,United Kingdom,0.79,1,1,3,0
16438,Novos Clientes,6,5,798.35,74,82,159.67,92.60,United Kingdom,1.00,0,1,3,0
16440,Campeões,8,5,3640.67,186,215,728.13,403.60,United Kingdom,1.00,3,1,3,0
16441,Perdidos / Inativos,67,2,381.20,22,291,190.60,86.50,United Kingdom,0.95,2,0,3,0
16442,Campeões,2,3,616.79,161,361,205.60,148.67,United Kingdom,1.00,3,1,2,0
16444,Clientes Leais,46,4,654.67,68,265,163.67,101.75,United Kingdom,1.00,1,1,3,0
16445,Novos Clientes,34,1,230.51,62,34,230.51,111.00,United Kingdom,1.00,0,2,0,0
16446,Campeões,1,2,168472.50,3,206,84236.25,40498.50,United Kingdom,1.00,3,1,2,-1
16447,Novos Clientes,136,1,259.01,34,136,259.01,223.00,United Kingdom,1.00,0,0,1,0
16448,Perdidos / Inativos,198,1,188.89,19,198,188.89,78.00,United Kingdom,1.00,2,0,1,0
16449,Clientes Leais,198,2,707.69,40,281,353.85,183.50,United Kingdom,0.99,1,0,3,0
16450,Perdidos / Inativos,150,1,311.92,11,150,311.92,200.00,United Kingdom,1.00,2,0,1,0
16451,Novos Clientes,88,1,266.97,14,88,266.97,120.00,United Kingdom,1.00,0,0,0,0
16454,Perdidos / Inativos,64,1,5.90,1,64,5.90,2.00,United Kingdom,1.00,2,2,0,-1
16455,Clientes Leais,64,7,1841.18,69,371,263.03,141.14,United Kingdom,0.56,1,1,2,0
16456,Clientes Leais,99,5,2158.37,80,373,431.67,229.60,United Kingdom,0.73,1,1,3,0
16457,Perdidos / Inativos,218,1,208.36,9,218,208.36,140.00,United Kingdom,1.00,2,0,1,0
16458,Campeões,3,18,3482.74,52,361,193.49,119.67,United Kingdom,1.00,3,3,2,0
16460,Novos Clientes,28,3,814.72,128,82,271.57,293.00,United Kingdom,1.00,0,1,3,0
16461,Perdidos / Inativos,178,1,151.42,31,178,151.42,49.00,United Kingdom,1.00,2,0,1,0
16462,Perdidos / Inativos,74,3,136.00,1,284,45.33,5.33,United Kingdom,0.98,2,0,3,-1
16463,Clientes Leais,21,4,1422.40,74,204,355.60,290.75,United Kingdom,1.00,1,1,3,0
16464,Clientes Leais,20,3,1314.68,152,142,438.23,321.00,United Kingdom,1.00,1,1,3,0
16466,Clientes Leais,34,7,1603.46,103,293,229.07,112.71,United Kingdom,0.88,1,1,3,0
16468,Novos Clientes,74,1,74.90,2,74,74.90,31.00,United Kingdom,1.00,0,2,0,0
16469,Clientes Leais,24,4,650.43,148,246,162.61,68.25,United Kingdom,1.00,1,1,3,0
16470,Clientes Leais,52,4,762.39,120,359,190.60,132.75,United Kingdom,0.57,1,1,2,0
16471,Perdidos / Inativos,275,1,223.95,13,275,223.95,141.00,United Kingdom,1.00,2,0,1,0
16473,Perdidos / Inativos,165,3,316.11,18,337,105.37,65.33,United Kingdom,0.81,2,0,3,0
16474,Campeões,7,7,1871.34,236,145,267.33,134.43,United Kingdom,1.00,3,1,3,0
16475,Clientes Leais,88,4,544.30,23,274,136.07,79.75,United Kingdom,0.99,1,0,3,0
16477,Clientes Leais,64,7,2494.46,111,372,356.35,202.14,United Kingdom,0.50,1,1,2,0
16478,Novos Clientes,25,3,331.00,15,66,110.33,74.67,United Kingdom,1.00,0,2,3,0
16479,Novos Clientes,10,2,300.83,35,10,150.41,51.00,United Kingdom,1.00,0,2,3,0
16480,Novos Clientes,76,1,769.29,51,76,769.29,455.00,United Kingdom,1.00,0,2,0,0
16482,Novos Clientes,16,1,220.62,18,16,220.62,346.00,United Kingdom,1.00,0,2,0,0
16483,Perdidos / Inativos,192,1,139.35,19,192,139.35,44.00,United Kingdom,1.00,2,0,1,0
16484,Perdidos / Inativos,174,2,404.30,25,191,202.15,100.00,United Kingdom,1.00,2,0,3,0
16485,Novos Clientes,77,1,363.65,41,77,363.65,235.00,United Kingdom,1.00,0,2,0,0
16488,Novos Clientes,33,3,498.80,28,149,166.27,242.67,United Kingdom,1.00,0,0,3,0
16491,Novos Clientes,47,1,731.50,39,47,731.50,478.00,United Kingdom,1.00,0,2,0,0
16493,Clientes Leais,80,4,1351.63,40,330,337.91,291.00,United Kingdom,0.69,1,0,3,0
16494,Perdidos / Inativos,297,1,826.53,47,297,826.53,675.00,United Kingdom,1.00,2,0,1,0
16495,Clientes Leais,3,3,684.41,78,276,228.14,112.33,United Kingdom,0.92,1,1,3,0
16496,Clientes Leais,9,3,1599.52,92,317,533.17,370.33,United Kingdom,0.68,1,1,2,0
16497,Clientes Leais,50,6,2965.69,128,333,494.28,232.67,United Kingdom,0.61,1,1,3,0
16498,Perdidos / Inativos,161,2,100.97,15,162,50.48,22.50,United Kingdom,1.00,2,0,3,0
16499,Perdidos / Inativos,360,2,365.45,18,365,182.72,63.50,United Kingdom,0.85,2,0,3,0
16500,Clientes Leais,5,6,400.86,8,331,66.81,20.50,United Kingdom,0.88,1,1,2,-1
16503,Clientes Leais,107,4,1431.93,71,360,357.98,142.25,United Kingdom,0.74,1,1,3,0
16504,Novos Clientes,25,1,484.38,76,25,484.38,524.00,United Kingdom,1.00,0,2,0,0
16505,Novos Clientes,32,1,777.60,4,32,777.60,576.00,United Kingdom,1.00,0,2,0,0
16506,Novos Clientes,20,2,90.30,3,40,45.15,21.00,United Kingdom,1.00,0,2,3,0
16509,Perdidos / Inativos,297,1,363.70,13,297,363.70,64.00,United Kingdom,1.00,2,0,1,0
16510,Perdidos / Inativos,372,1,248.10,13,372,248.10,92.00,United Kingdom,1.00,2,0,1,0
16511,Clientes Leais,22,3,948.26,134,267,316.09,137.67,United Kingdom,1.00,1,1,3,0
16513,Novos Clientes,5,4,874.59,33,43,218.65,101.75,United Kingdom,1.00,0,1,3,0
16515,Clientes Leais,52,5,1627.13,89,311,325.43,166.60,United Kingdom,0.84,1,1,3,0
16516,Novos Clientes,30,1,101.70,6,30,101.70,58.00,United Kingdom,1.00,0,2,0,0
16517,Perdidos / Inativos,277,1,162.70,17,277,162.70,96.00,United Kingdom,1.00,2,0,1,0
16518,Clientes Leais,61,2,484.32,36,284,242.16,163.50,United Kingdom,0.97,1,0,3,0
16519,Perdidos / Inativos,25,2,212.98,12,365,106.49,26.50,United Kingdom,0.86,2,0,2,0
16520,Clientes Leais,186,3,1046.57,129,365,348.86,186.00,United Kingdom,0.81,1,1,3,0
16523,Campeões,2,21,9418.47,151,316,448.50,203.10,United Kingdom,1.00,3,3,2,0
16525,Campeões,2,26,13027.45,75,367,501.06,284.50,United Kingdom,1.00,3,3,2,0
16526,Perdidos / Inativos,172,1,290.36,15,172,290.36,106.00,United Kingdom,1.00,2,0,1,0
16527,Novos Clientes,81,1,228.06,14,81,228.06,106.00,United Kingdom,1.00,0,0,0,0
16528,Novos Clientes,4,1,244.41,17,4,244.41,171.00,United Kingdom,1.00,0,2,3,0
16529,Perdidos / Inativos,190,1,455.25,30,190,455.25,198.00,United Kingdom,1.00,2,0,1,0
16531,Clientes Leais,22,7,1244.59,68,360,177.80,130.71,United Kingdom,0.81,1,1,2,0
16532,Clientes Leais,18,3,6748.80,2,339,2249.60,672.00,United Kingdom,1.00,1,1,2,-1
16533,Novos Clientes,19,3,1095.56,112,68,365.19,204.00,United Kingdom,1.00,0,1,3,0
16535,Novos Clientes,5,1,593.75,31,5,593.75,356.00,United Kingdom,0.97,0,2,3,0
16536,Novos Clientes,110,1,548.97,49,110,548.97,251.00,United Kingdom,1.00,0,2,0,0
16539,Campeões,3,4,1388.81,36,373,347.20,119.25,United Kingdom,0.99,3,1,2,0
16542,Novos Clientes,54,1,119.62,5,54,119.62,46.00,United Kingdom,1.00,0,2,0,0
16545,Perdidos / Inativos,165,1,339.30,3,165,339.30,78.00,United Kingdom,1.00,2,0,1,0
16546,Perdidos / Inativos,291,2,787.15,25,373,393.57,274.50,United Kingdom,0.81,2,0,3,0
16549,Campeões,10,10,4154.64,445,334,415.46,236.50,United Kingdom,0.88,3,3,2,0
16550,Clientes Leais,109,5,2298.97,162,368,459.79,308.00,United Kingdom,0.77,1,1,3,0
16551,Clientes Leais,96,3,922.12,26,337,307.37,323.33,United Kingdom,0.65,1,0,3,0
16552,Perdidos / Inativos,243,2,379.73,17,374,189.87,109.50,United Kingdom,0.82,2,0,3,0
16553,Campeões,163,12,5719.82,62,360,476.65,383.33,United Kingdom,0.97,3,1,2,0
16554,Clientes Leais,42,3,837.10,51,332,279.03,134.00,United Kingdom,0.58,1,1,3,0
16555,Novos Clientes,35,2,285.89,15,110,142.94,87.50,United Kingdom,1.00,0,2,3,0
16556,Clientes Leais,67,7,3313.79,144,360,473.40,270.00,United Kingdom,0.51,1,1,3,0
16557,Novos Clientes,24,2,281.85,11,137,140.93,55.50,United Kingdom,1.00,0,2,3,0
16558,Campeões,1,20,8338.49,264,367,416.92,268.85,United Kingdom,1.00,3,3,2,0
16560,Clientes Leais,27,2,841.41,52,358,420.70,250.00,United Kingdom,0.87,1,1,2,0
16561,Novos Clientes,6,2,511.12,29,60,255.56,122.00,United Kingdom,1.00,0,2,3,0
16563,Novos Clientes,54,1,1077.74,19,54,1077.74,486.00,United Kingdom,1.00,0,2,0,0
16565,Perdidos / Inativos,364,1,173.70,3,364,173.70,46.00,United Kingdom,1.00,2,0,1,0
16566,Clientes Leais,15,5,614.66,14,293,122.93,72.40,United Kingdom,0.84,1,1,3,0
16567,Clientes Leais,194,2,865.60,34,337,432.80,498.00,United Kingdom,0.71,1,0,3,0
16569,Novos Clientes,3,1,124.20,5,3,124.20,93.00,United Kingdom,1.00,0,2,3,0
16570,Campeões,15,10,3738.40,68,312,373.84,211.20,United Kingdom,0.85,3,3,2,0
16571,Clientes Leais,27,3,1421.69,73,282,473.90,413.00,United Kingdom,0.97,1,1,3,0
16572,Clientes Leais,127,3,1009.60,40,276,336.53,177.33,United Kingdom,0.99,1,0,3,0
16573,Clientes Leais,85,2,663.61,40,290,331.81,180.00,United Kingdom,0.95,1,0,3,0
16574,Novos Clientes,71,1,451.44,28,71,451.44,416.00,United Kingdom,1.00,0,2,0,0
16581,Perdidos / Inativos,183,1,105.84,9,183,105.84,134.00,United Kingdom,1.00,2,0,1,0
16582,Perdidos / Inativos,113,1,313.62,6,113,313.62,164.00,United Kingdom,0.99,2,2,0,0
16583,Perdidos / Inativos,374,1,233.45,14,374,233.45,111.00,United Kingdom,1.00,2,0,1,0
16584,Clientes Leais,80,2,936.08,25,254,468.04,323.00,United Kingdom,1.00,1,0,3,0
16586,Perdidos / Inativos,249,1,463.95,8,249,463.95,95.00,United Kingdom,1.00,2,0,1,0
16587,Perdidos / Inativos,232,1,225.15,13,232,225.15,71.00,United Kingdom,1.00,2,0,1,0
16589,Novos Clientes,71,3,459.24,31,161,153.08,122.67,United Kingdom,1.00,0,0,3,0
16591,Novos Clientes,69,1,213.50,10,69,213.50,41.00,United Kingdom,1.00,0,2,0,0
16592,Campeões,4,16,4113.68,142,288,257.11,182.94,United Kingdom,0.91,3,3,2,0
16593,Clientes Leais,51,3,330.03,24,328,110.01,38.67,United Kingdom,0.67,1,0,3,0
16594,Novos Clientes,75,1,181.09,53,75,181.09,64.00,United Kingdom,1.00,0,2,0,0
16595,Novos Clientes,61,1,360.16,83,61,360.16,335.00,United Kingdom,1.00,0,2,0,0
16596,Perdidos / Inativos,16,2,250.15,12,366,125.08,48.50,United Kingdom,0.93,2,0,2,0
16597,Novos Clientes,4,1,90.04,7,4,90.04,184.00,United Kingdom,1.00,0,2,3,0
16598,Perdidos / Inativos,286,1,145.05,10,286,145.05,73.00,United Kingdom,1.00,2,0,1,0
16600,Campeões,4,6,813.52,50,339,135.59,190.83,United Kingdom,0.92,3,3,2,0
16601,Novos Clientes,41,1,243.63,28,41,243.63,131.00,United Kingdom,1.00,0,2,0,0
16602,Novos Clientes,36,1,528.08,29,36,528.08,336.00,United Kingdom,1.00,0,2,0,0
16603,Novos Clientes,75,2,482.47,34,91,241.24,240.00,United Kingdom,1.00,0,2,3,0
16607,Campeões,18,14,3347.71,140,359,239.12,204.21,United Kingdom,0.99,3,3,2,0
16609,Campeões,15,7,5493.46,155,253,784.78,345.71,United Kingdom,1.00,3,3,3,0
16610,Perdidos / Inativos,219,1,75.66,6,219,75.66,66.00,United Kingdom,1.00,2,2,1,0
16611,Perdidos / Inativos,186,1,129.49,9,186,129.49,47.00,United Kingdom,1.00,2,0,1,0
16612,Clientes Leais,33,4,1187.66,48,312,296.92,126.50,United Kingdom,0.76,1,1,3,0
16613,Novos Clientes,70,1,618.59,30,70,618.59,293.00,United Kingdom,1.00,0,2,0,0
16614,Perdidos / Inativos,183,1,506.19,26,183,506.19,223.00,United Kingdom,1.00,2,0,1,0
16616,Novos Clientes,15,2,500.42,31,157,250.21,185.00,United Kingdom,1.00,0,0,3,0
16617,Perdidos / Inativos,236,1,151.85,5,236,151.85,91.00,United Kingdom,1.00,2,0,1,0
16618,Clientes Leais,31,5,2647.59,79,323,529.52,272.60,United Kingdom,0.58,1,1,3,0
16619,Perdidos / Inativos,264,1,226.21,14,264,226.21,133.00,United Kingdom,1.00,2,0,1,0
16620,Novos Clientes,4,2,178.96,9,261,89.48,44.00,United Kingdom,0.99,0,0,3,-1
16621,Clientes Leais,52,4,813.48,22,278,203.37,75.50,United Kingdom,0.98,1,0,3,0
16623,Perdidos / Inativos,246,1,129.45,5,246,129.45,39.00,United Kingdom,1.00,2,0,1,0
16624,Clientes Leais,81,2,810.57,44,197,405.28,244.00,United Kingdom,1.00,1,0,3,0
16625,Perdidos / Inativos,275,1,333.08,23,275,333.08,164.00,United Kingdom,1.00,2,0,1,0
16626,Campeões,1,17,4413.10,86,267,259.59,158.24,United Kingdom,0.75,3,3,2,0
16627,Novos Clientes,79,1,322.80,20,79,322.80,162.00,United Kingdom,1.00,0,2,0,0
16628,Clientes Leais,30,5,2188.05,79,235,437.61,241.00,United Kingdom,1.00,1,1,3,0
16629,Novos Clientes,74,2,417.73,58,96,208.87,246.50,United Kingdom,1.00,0,2,3,0
16633,Campeões,17,6,2883.10,115,234,480.52,189.67,United Kingdom,1.00,3,1,3,0
16634,Perdidos / Inativos,223,2,217.90,9,372,108.95,41.00,United Kingdom,0.81,2,0,3,0
16637,Clientes Leais,32,4,1154.47,66,226,288.62,231.75,United Kingdom,1.00,1,1,3,0
16638,Campeões,23,10,1680.72,92,369,168.07,125.50,United Kingdom,0.94,3,1,2,0
16639,Clientes Leais,31,3,1257.51,48,236,419.17,170.00,United Kingdom,1.00,1,1,3,0
16641,Novos Clientes,106,1,231.10,12,106,231.10,256.00,United Kingdom,1.00,0,0,0,0
16642,Novos Clientes,5,2,688.33,32,208,344.17,239.50,United Kingdom,1.00,0,0,3,0
16643,Perdidos / Inativos,246,1,487.51,27,246,487.51,269.00,United Kingdom,1.00,2,0,1,0
16644,Clientes Leais,178,2,833.78,62,212,416.89,413.00,United Kingdom,1.00,1,0,3,0
16647,Perdidos / Inativos,170,2,214.06,12,205,107.03,73.00,United Kingdom,1.00,2,0,3,0
16648,Novos Clientes,43,1,290.66,19,43,290.66,281.00,United Kingdom,1.00,0,2,0,0
16650,Novos Clientes,72,1,518.42,24,72,518.42,372.00,United Kingdom,1.00,0,2,0,0
16652,Clientes Leais,59,7,6773.97,74,273,967.71,469.00,United Kingdom,0.87,1,1,3,0
16653,Novos Clientes,16,2,1212.66,67,71,606.33,366.50,United Kingdom,1.00,0,2,3,0
16654,Clientes Leais,141,4,601.27,29,368,150.32,70.50,United Kingdom,0.76,1,0,3,0
16655,Campeões,18,6,3794.52,208,332,632.42,394.50,United Kingdom,0.52,3,3,2,0
16656,Campeões,22,15,8625.80,14,365,575.05,592.93,United Kingdom,1.00,3,3,2,0
16657,Clientes Leais,10,4,933.62,158,255,233.41,307.25,United Kingdom,1.00,1,1,3,0
16658,Perdidos / Inativos,368,1,123.24,8,368,123.24,40.00,United Kingdom,1.00,2,0,1,0
16659,Perdidos / Inativos,189,1,39.12,2,189,39.12,72.00,United Kingdom,1.00,2,2,1,0
16660,Clientes Leais,16,4,1267.65,16,320,316.91,142.75,United Kingdom,0.79,1,1,2,0
16665,Perdidos / Inativos,362,1,135.40,9,362,135.40,59.00,United Kingdom,1.00,2,0,1,0
16666,Novos Clientes,19,1,118.98,32,19,118.98,233.00,United Kingdom,1.00,0,2,0,0
16667,Clientes Leais,68,2,570.13,52,284,285.06,118.50,United Kingdom,0.97,1,0,3,0
16668,Clientes Leais,15,6,306.72,9,285,51.12,53.00,United Kingdom,0.93,1,1,3,0
16669,Novos Clientes,24,2,1370.47,140,78,685.24,439.00,United Kingdom,1.00,0,1,3,0
16670,Campeões,17,11,4095.90,179,359,372.35,232.36,United Kingdom,0.94,3,3,2,0
16671,Novos Clientes,28,3,1692.27,3,165,564.09,291.67,United Kingdom,1.00,0,0,3,-1
16672,Campeões,2,20,8134.94,22,267,406.75,141.60,United Kingdom,1.00,3,3,2,-1
16674,Novos Clientes,55,2,319.61,89,98,159.81,94.00,United Kingdom,1.00,0,2,3,0
16676,Clientes Leais,34,4,1592.12,75,337,398.03,159.00,United Kingdom,0.53,1,1,3,0
16678,Campeões,3,12,3109.99,92,283,259.17,199.75,United Kingdom,0.58,3,3,2,0
16679,Perdidos / Inativos,366,1,129.75,3,366,129.75,29.00,United Kingdom,1.00,2,0,1,0
16680,Novos Clientes,43,1,183.70,10,43,183.70,94.00,United Kingdom,1.00,0,2,0,0
16681,Clientes Leais,73,6,1770.34,18,253,295.06,234.50,United Kingdom,0.99,1,0,3,0
16682,Clientes Leais,5,5,1028.00,15,188,205.60,208.00,United Kingdom,1.00,1,1,3,0
16684,Campeões,4,28,66653.56,119,358,2380.48,1794.82,United Kingdom,1.00,3,3,2,-1
16685,Novos Clientes,61,2,324.24,60,61,162.12,198.00,United Kingdom,1.00,0,2,3,0
16686,Campeões,47,7,3062.83,406,355,437.55,290.00,United Kingdom,0.57,3,1,2,0
16688,Novos Clientes,1,4,1260.86,52,61,315.21,201.00,United Kingdom,1.00,0,1,3,0
16689,Novos Clientes,76,2,422.60,12,82,211.30,165.00,United Kingdom,1.00,0,2,3,0
16690,Perdidos / Inativos,72,2,225.58,10,202,112.79,69.00,United Kingdom,1.00,2,0,3,0
16692,Perdidos / Inativos,256,2,1126.00,1,289,563.00,75.50,United Kingdom,0.99,2,0,2,0
16693,Clientes Leais,69,2,482.01,58,272,241.00,102.00,United Kingdom,0.99,1,0,3,0
16696,Perdidos / Inativos,135,4,657.90,7,248,164.48,36.50,United Kingdom,1.00,2,0,3,0
16697,Perdidos / Inativos,241,1,112.75,20,241,112.75,27.00,United Kingdom,1.00,2,0,1,0
16698,Perdidos / Inativos,227,2,1998.00,4,253,999.00,420.00,United Kingdom,0.67,2,0,2,0
16700,Campeões,9,13,5076.55,159,366,390.50,309.54,United Kingdom,0.99,3,3,2,0
16701,Campeões,9,13,5398.30,99,362,415.25,491.77,United Kingdom,0.99,3,3,2,0
16705,Campeões,1,20,14034.99,133,359,701.75,273.80,United Kingdom,1.00,3,3,2,0
16706,Novos Clientes,37,3,531.35,108,114,177.12,83.00,United Kingdom,1.00,0,1,3,0
16708,Novos Clientes,46,1,656.63,27,46,656.63,285.00,United Kingdom,1.00,0,2,0,0
16709,Clientes Leais,85,5,3029.87,64,282,605.97,170.20,United Kingdom,0.95,1,1,3,0
16710,Campeões,19,10,2483.04,268,368,248.30,183.60,United Kingdom,0.94,3,3,2,0
16711,Campeões,3,5,1651.03,18,358,330.21,166.60,United Kingdom,0.99,3,1,2,0
16712,Campeões,9,11,3637.78,258,276,330.71,158.73,United Kingdom,0.87,3,3,3,0
16713,Campeões,19,15,6923.13,338,366,461.54,285.07,United Kingdom,0.98,3,3,2,0
16714,Clientes Leais,317,2,1146.53,76,317,573.26,304.50,United Kingdom,0.90,1,0,3,0
16715,Novos Clientes,78,1,301.72,19,78,301.72,642.00,United Kingdom,1.00,0,2,0,0
16716,Perdidos / Inativos,267,2,901.20,1,311,450.60,60.00,United Kingdom,0.98,2,0,2,0
16717,Campeões,24,6,3858.38,176,366,643.06,311.00,United Kingdom,0.62,3,1,2,0
16718,Perdidos / Inativos,369,1,623.75,41,369,623.75,413.00,United Kingdom,1.00,2,0,1,0
16719,Campeões,15,7,1790.42,107,369,255.77,172.00,United Kingdom,0.84,3,3,2,0
16720,Novos Clientes,26,1,155.24,25,26,155.24,182.00,United Kingdom,1.00,0,2,0,0
16721,Perdidos / Inativos,262,1,292.47,37,262,292.47,172.00,United Kingdom,1.00,2,0,1,0
16722,Campeões,17,13,4730.81,96,368,363.91,384.69,United Kingdom,0.98,3,3,2,0
16723,Novos Clientes,91,2,589.15,37,108,294.57,199.50,United Kingdom,1.00,0,2,3,0
16725,Clientes Leais,302,6,779.57,109,371,129.93,48.83,United Kingdom,0.57,1,1,3,0
16726,Clientes Leais,26,5,1382.02,121,361,276.40,195.40,United Kingdom,0.66,1,1,2,0
16727,Perdidos / Inativos,364,1,272.82,41,364,272.82,177.00,United Kingdom,1.00,2,0,1,0
16728,Clientes Leais,46,4,1054.67,218,264,263.67,169.25,United Kingdom,1.00,1,1,3,0
16729,Campeões,38,21,7236.60,233,241,344.60,275.19,United Kingdom,0.52,3,3,3,0
16730,Clientes Leais,52,3,743.11,75,319,247.70,331.33,United Kingdom,0.77,1,0,3,0
16732,Novos Clientes,32,1,603.75,28,32,603.75,317.00,United Kingdom,1.00,0,2,0,0
16734,Novos Clientes,52,3,650.51,44,114,216.84,115.33,United Kingdom,1.00,0,2,3,0
16735,Clientes Leais,79,5,2300.56,88,334,460.11,314.60,United Kingdom,0.70,1,1,3,0
16737,Novos Clientes,53,1,417.60,1,53,417.60,288.00,United Kingdom,1.00,0,2,0,0
16738,Perdidos / Inativos,298,1,3.75,1,298,3.75,3.00,United Kingdom,1.00,2,0,1,-1
16739,Perdidos / Inativos,177,1,323.00,13,177,323.00,172.00,United Kingdom,1.00,2,0,1,0
16743,Campeões,29,7,2238.09,89,359,319.73,292.43,United Kingdom,0.72,3,1,2,0
16744,Campeões,11,7,1304.76,198,173,186.39,115.00,United Kingdom,1.00,3,1,3,0
16745,Campeões,87,17,7194.30,148,312,423.19,396.18,United Kingdom,0.99,3,3,2,0
16746,Campeões,5,18,6697.66,234,359,372.09,259.17,United Kingdom,1.00,3,3,2,0
16747,Novos Clientes,38,2,836.06,34,68,418.03,291.50,United Kingdom,1.00,0,2,3,0
16748,Clientes Leais,18,5,1515.90,42,334,303.18,176.00,United Kingdom,0.69,1,1,2,0
16750,Clientes Leais,45,5,623.93,74,232,124.79,42.80,United Kingdom,1.00,1,1,3,0
16751,Novos Clientes,31,1,1764.72,24,31,1764.72,1031.00,United Kingdom,1.00,0,2,0,0
16752,Perdidos / Inativos,373,1,207.50,9,373,207.50,54.00,United Kingdom,1.00,2,0,1,0
16753,Novos Clientes,58,1,223.92,34,58,223.92,189.00,United Kingdom,1.00,0,2,0,0
16754,Perdidos / Inativos,372,1,2002.40,2,372,2002.40,4280.00,United Kingdom,0.99,2,0,1,-1
16755,Clientes Leais,114,3,1496.83,133,316,498.94,354.67,United Kingdom,0.90,1,1,3,0
16756,Perdidos / Inativos,215,1,239.40,13,215,239.40,106.00,United Kingdom,1.00,2,0,1,0
16757,Perdidos / Inativos,319,1,106.83,7,319,106.83,81.00,United Kingdom,1.00,2,0,1,0
16758,Novos Clientes,65,1,369.34,22,65,369.34,203.00,United Kingdom,1.00,0,2,0,0
16759,Novos Clientes,8,3,789.79,40,31,263.26,203.00,United Kingdom,1.00,0,2,3,0
16761,Novos Clientes,97,1,316.62,13,97,316.62,341.00,United Kingdom,1.00,0,0,0,0
16762,Clientes Leais,20,3,1501.38,51,144,500.46,206.00,United Kingdom,1.00,1,2,3,0
16763,Perdidos / Inativos,199,1,611.85,23,199,611.85,319.00,United Kingdom,1.00,2,0,1,0
16764,Campeões,4,13,2799.25,209,143,215.33,96.85,United Kingdom,1.00,3,1,3,0
16765,Perdidos / Inativos,294,1,34.00,1,294,34.00,4.00,United Kingdom,1.00,2,0,1,0
16766,Perdidos / Inativos,273,2,1145.60,17,273,572.80,268.00,United Kingdom,0.96,2,0,3,0
16767,Campeões,31,11,5580.60,148,316,507.33,403.18,United Kingdom,0.82,3,1,2,0
16768,Clientes Leais,48,3,478.09,47,272,159.36,65.33,United Kingdom,0.99,1,0,3,0
16769,Perdidos / Inativos,260,1,380.39,33,260,380.39,83.00,United Kingdom,1.00,2,0,1,0
16770,Clientes Leais,58,5,770.10,116,372,154.02,92.80,United Kingdom,0.60,1,1,2,0
16771,Clientes Leais,33,5,2234.81,199,338,446.96,295.40,United Kingdom,0.58,1,1,3,0
16773,Novos Clientes,57,1,171.59,23,57,171.59,171.00,United Kingdom,1.00,0,2,0,0
16774,Clientes Leais,68,4,661.52,36,179,165.38,80.50,United Kingdom,1.00,1,0,3,0
16775,Campeões,10,11,1695.66,84,367,154.15,40.00,United Kingdom,0.98,3,3,2,0
16776,Novos Clientes,60,1,388.28,61,60,388.28,262.00,United Kingdom,1.00,0,2,0,0
16777,Perdidos / Inativos,80,2,226.35,45,257,113.17,32.00,United Kingdom,1.00,2,1,3,0
16778,Perdidos / Inativos,74,2,245.94,16,274,122.97,97.00,United Kingdom,0.99,2,0,3,0
16779,Campeões,2,22,10629.72,161,367,483.17,242.05,United Kingdom,1.00,3,3,2,0
16780,Clientes Leais,100,2,425.19,51,259,212.59,135.50,United Kingdom,1.00,1,0,3,0
16781,Perdidos / Inativos,372,1,311.25,17,372,311.25,113.00,United Kingdom,1.00,2,0,1,0
16782,Campeões,10,13,2279.90,103,366,175.38,54.77,United Kingdom,0.99,3,3,2,0
16784,Novos Clientes,20,1,107.60,3,20,107.60,24.00,United Kingdom,1.00,0,2,0,0
16788,Clientes Leais,123,2,595.83,137,254,297.92,155.00,United Kingdom,1.00,1,0,3,0
16789,Novos Clientes,8,1,80.80,5,8,80.80,32.00,United Kingdom,1.00,0,2,0,0
16790,Novos Clientes,4,6,1545.62,88,38,257.60,149.67,United Kingdom,1.00,0,1,3,0
16791,Campeões,29,7,1709.03,217,332,244.15,108.86,United Kingdom,0.64,3,1,2,0
16792,Perdidos / Inativos,282,2,110.38,11,282,55.19,22.00,United Kingdom,0.99,2,0,3,0
16793,Novos Clientes,57,1,243.84,16,57,243.84,146.00,United Kingdom,1.00,0,2,0,0
16794,Campeões,1,10,1220.69,141,180,122.07,93.60,United Kingdom,1.00,3,1,3,0
16795,Perdidos / Inativos,365,1,414.88,64,365,414.88,239.00,United Kingdom,1.00,2,0,1,0
16796,Novos Clientes,89,1,305.62,18,89,305.62,186.00,United Kingdom,1.00,0,2,0,0
16800,Novos Clientes,11,1,1201.49,148,11,1201.49,540.00,United Kingdom,1.00,0,2,0,0
16801,Clientes Leais,163,4,1619.73,72,273,404.93,124.75,United Kingdom,0.99,1,0,3,0
16803,Novos Clientes,65,1,332.30,24,65,332.30,245.00,United Kingdom,1.00,0,2,0,0
16804,Clientes Leais,23,3,536.99,59,270,179.00,82.00,United Kingdom,0.99,1,1,3,0
16805,Clientes Leais,174,2,460.59,94,360,230.29,269.50,United Kingdom,0.57,1,0,3,0
16806,Clientes Leais,103,4,775.54,67,239,193.88,94.25,United Kingdom,1.00,1,0,3,0
16807,Clientes Leais,143,3,1121.59,57,271,373.86,259.33,United Kingdom,1.00,1,0,3,0
16808,Perdidos / Inativos,99,2,288.42,21,274,144.21,98.00,United Kingdom,0.99,2,0,3,0
16809,Clientes Leais,23,5,914.69,79,262,182.94,130.40,United Kingdom,1.00,1,1,3,0
16810,Perdidos / Inativos,192,1,309.54,15,192,309.54,114.00,United Kingdom,1.00,2,0,1,0
16811,Novos Clientes,5,2,547.07,26,17,273.54,238.50,United Kingdom,1.00,0,2,3,0
16812,Perdidos / Inativos,361,1,479.35,15,361,479.35,81.00,United Kingdom,1.00,2,0,1,0
16813,Campeões,8,10,1692.98,248,204,169.30,152.50,United Kingdom,1.00,3,3,3,0
16814,Campeões,14,21,6499.20,121,370,309.49,131.57,United Kingdom,1.00,3,3,2,0
16816,Clientes Leais,103,4,417.06,28,358,104.27,68.50,United Kingdom,0.66,1,0,3,0
16817,Campeões,3,9,1604.75,73,368,178.31,91.33,United Kingdom,0.99,3,3,2,0
16818,Campeões,11,11,3349.57,172,206,304.51,196.73,United Kingdom,1.00,3,3,3,0
16820,Novos Clientes,96,1,497.61,26,96,497.61,307.00,United Kingdom,1.00,0,2,0,0
16823,Perdidos / Inativos,227,1,358.38,34,227,358.38,136.00,United Kingdom,1.00,2,0,1,0
16824,Novos Clientes,16,2,460.64,23,164,230.32,118.00,United Kingdom,1.00,0,0,3,0
16825,Clientes Leais,39,2,775.18,27,186,387.59,283.00,United Kingdom,1.00,1,0,3,0
16826,Novos Clientes,51,1,341.70,22,51,341.70,158.00,United Kingdom,1.00,0,2,0,0
16828,Perdidos / Inativos,112,1,113.50,7,112,113.50,58.00,United Kingdom,0.99,2,2,0,0
16829,Perdidos / Inativos,157,1,197.22,11,157,197.22,99.00,United Kingdom,1.00,2,0,1,0
16830,Novos Clientes,39,1,325.91,23,39,325.91,264.00,United Kingdom,1.00,0,2,0,0
16832,Perdidos / Inativos,184,3,199.15,11,217,66.38,11.00,United Kingdom,1.00,2,0,3,0
16833,Campeões,1,4,1106.53,46,334,276.63,110.00,United Kingdom,0.98,3,1,2,0
16834,Perdidos / Inativos,228,1,413.46,24,228,413.46,358.00,United Kingdom,1.00,2,0,1,0
16835,Perdidos / Inativos,128,2,180.85,10,373,90.42,30.50,United Kingdom,0.69,2,0,3,0
16836,Novos Clientes,40,2,251.87,11,117,125.94,82.50,United Kingdom,1.00,0,2,3,0
16837,Campeões,31,11,3170.98,123,246,288.27,142.09,United Kingdom,0.99,3,1,3,0
16838,Perdidos / Inativos,197,2,588.85,24,288,294.43,92.50,United Kingdom,0.97,2,0,3,0
16839,Campeões,9,34,16594.35,114,370,488.07,263.97,United Kingdom,1.00,3,3,2,0
16841,Clientes Leais,37,6,1869.82,101,288,311.64,375.00,United Kingdom,0.95,1,1,3,0
16842,Clientes Leais,101,3,1264.19,45,302,421.40,231.00,United Kingdom,0.91,1,0,3,0
16843,Campeões,43,16,10196.57,226,327,637.29,634.94,United Kingdom,0.99,3,3,2,0
16846,Novos Clientes,50,1,214.32,11,50,214.32,135.00,United Kingdom,1.00,0,2,0,0
16847,Novos Clientes,43,1,193.44,12,43,193.44,78.00,United Kingdom,1.00,0,2,0,0
16848,Novos Clientes,53,1,281.42,14,53,281.42,182.00,United Kingdom,1.00,0,2,0,0
16849,Perdidos / Inativos,187,1,124.57,8,187,124.57,33.00,United Kingdom,1.00,2,0,1,0
16850,Perdidos / Inativos,334,1,332.41,19,334,332.41,249.00,United Kingdom,1.00,2,0,1,0
16851,Novos Clientes,4,3,342.45,17,52,114.15,90.33,United Kingdom,1.00,0,2,3,0
16852,Novos Clientes,10,2,144.91,9,176,72.46,28.00,United Kingdom,1.00,0,0,3,0
16855,Novos Clientes,24,2,328.40,19,43,164.20,82.00,United Kingdom,1.00,0,2,3,0
16856,Novos Clientes,15,1,35.40,2,15,35.40,12.00,United Kingdom,1.00,0,2,0,0
16858,Perdidos / Inativos,369,1,375.69,9,369,375.69,91.00,United Kingdom,1.00,2,0,1,0
16859,Clientes Leais,145,2,747.81,50,261,373.90,413.50,United Kingdom,1.00,1,0,3,0
16861,Perdidos / Inativos,60,2,173.76,6,158,86.88,70.00,United Kingdom,1.00,2,2,3,0
16863,Clientes Leais,31,2,502.80,25,367,251.40,204.50,United Kingdom,0.85,1,0,2,0
16866,Perdidos / Inativos,141,3,207.74,10,162,69.25,20.00,United Kingdom,1.00,2,0,3,0
16869,Clientes Leais,23,4,825.42,113,175,206.35,146.25,United Kingdom,1.00,1,1,3,0
16871,Campeões,22,6,2812.34,131,271,468.72,208.83,United Kingdom,0.99,3,1,3,0
16872,Perdidos / Inativos,77,3,680.02,5,184,226.67,200.00,United Kingdom,1.00,2,0,3,0
16873,Campeões,5,6,7123.62,179,364,1187.27,640.00,United Kingdom,0.95,3,3,2,0
16875,Clientes Leais,67,5,2095.53,93,340,419.11,213.80,United Kingdom,0.66,1,1,3,0
16877,Clientes Leais,12,6,853.72,111,208,142.29,77.17,United Kingdom,1.00,1,1,3,0
16878,Perdidos / Inativos,84,1,13.30,3,84,13.30,12.00,United Kingdom,1.00,2,2,0,0
16880,Clientes Leais,31,7,1519.08,121,189,217.01,107.57,United Kingdom,1.00,1,1,3,0
16881,Novos Clientes,67,1,432.00,1,67,432.00,600.00,United Kingdom,1.00,0,2,0,0
16882,Clientes Leais,67,3,705.12,39,317,235.04,141.33,United Kingdom,0.81,1,0,3,0
16883,Perdidos / Inativos,187,2,276.73,33,372,138.37,52.00,United Kingdom,0.69,2,0,3,0
16884,Novos Clientes,38,2,429.84,26,38,214.92,160.00,United Kingdom,1.00,0,2,3,0
16885,Clientes Leais,15,3,471.51,82,357,157.17,61.33,United Kingdom,0.91,1,1,2,0
16887,Novos Clientes,35,1,194.88,35,35,194.88,157.00,United Kingdom,1.00,0,2,0,0
16889,Clientes Leais,195,3,1578.67,112,337,526.22,308.33,United Kingdom,0.86,1,1,3,0
16891,Campeões,2,5,809.70,166,372,161.94,56.60,United Kingdom,0.99,3,1,2,0
16892,Campeões,1,5,525.54,87,184,105.11,47.80,United Kingdom,1.00,3,1,3,0
16893,Perdidos / Inativos,367,1,145.93,44,367,145.93,62.00,United Kingdom,1.00,2,0,1,0
16895,Novos Clientes,65,1,219.14,57,65,219.14,102.00,United Kingdom,1.00,0,2,0,0
16897,Perdidos / Inativos,299,2,289.78,37,314,144.89,36.50,United Kingdom,0.90,2,0,3,0
16898,Clientes Leais,26,3,508.81,150,369,169.60,139.67,United Kingdom,0.91,1,1,2,0
16899,Campeões,8,6,1281.56,80,360,213.59,87.00,United Kingdom,0.91,3,1,2,0
16900,Novos Clientes,17,3,882.16,77,63,294.05,277.33,United Kingdom,1.00,0,2,3,0
16902,Novos Clientes,116,1,1706.88,43,116,1706.88,629.00,United Kingdom,0.95,0,2,0,0
16903,Novos Clientes,29,1,373.24,50,29,373.24,262.00,United Kingdom,1.00,0,2,0,0
16904,Campeões,4,15,3735.47,385,367,249.03,134.87,United Kingdom,1.00,3,3,2,0
16905,Campeões,5,7,3102.43,117,372,443.20,201.14,United Kingdom,0.95,3,3,2,0
16906,Clientes Leais,82,4,579.77,74,249,144.94,70.25,United Kingdom,1.00,1,0,3,0
16907,Clientes Leais,29,5,981.65,89,365,196.33,59.60,United Kingdom,0.67,1,1,2,0
16909,Novos Clientes,72,1,379.14,18,72,379.14,436.00,United Kingdom,1.00,0,2,0,0
16910,Campeões,4,8,1510.06,318,91,188.76,110.75,United Kingdom,1.00,3,1,3,0
16912,Campeões,29,11,2575.38,88,323,234.13,93.55,United Kingdom,0.90,3,1,2,0
16913,Perdidos / Inativos,290,1,113.44,8,290,113.44,82.00,United Kingdom,1.00,2,0,1,0
16914,Novos Clientes,36,1,208.46,25,36,208.46,121.00,United Kingdom,1.00,0,2,0,0
16915,Clientes Leais,9,6,621.68,46,284,103.61,22.00,United Kingdom,0.92,1,1,3,0
16916,Clientes Leais,24,2,576.26,129,372,288.13,220.00,United Kingdom,0.94,1,1,2,0
16917,Perdidos / Inativos,277,1,391.52,9,277,391.52,232.00,United Kingdom,1.00,2,0,1,0
16918,Clientes Leais,50,6,1068.82,97,317,178.14,120.17,United Kingdom,0.68,1,1,3,0
16919,Clientes Leais,156,11,2596.45,141,368,236.04,128.45,United Kingdom,0.88,1,1,2,0
16921,Novos Clientes,61,1,169.79,50,61,169.79,171.00,United Kingdom,1.00,0,2,0,0
16923,Campeões,12,19,7247.61,313,363,381.45,179.84,United Kingdom,1.00,3,3,2,0
16924,Novos Clientes,21,3,846.75,69,84,282.25,164.33,United Kingdom,1.00,0,2,3,0
16926,Perdidos / Inativos,371,1,230.25,14,371,230.25,35.00,United Kingdom,1.00,2,0,1,0
16927,Perdidos / Inativos,116,3,543.05,5,362,181.02,331.00,United Kingdom,0.54,2,0,2,0
16928,Campeões,80,17,2839.65,68,373,167.04,124.29,United Kingdom,1.00,3,1,2,0
16929,Campeões,4,7,1295.39,51,156,185.06,132.71,United Kingdom,1.00,3,1,3,0
16930,Novos Clientes,26,3,380.55,47,68,126.85,113.67,United Kingdom,1.00,0,2,3,0
16931,Campeões,5,21,4604.22,448,370,219.25,150.38,United Kingdom,1.00,3,3,2,0
16932,Novos Clientes,53,1,161.94,44,53,161.94,87.00,United Kingdom,1.00,0,2,0,0
16933,Clientes Leais,1,2,563.23,42,239,281.62,144.00,United Kingdom,1.00,1,1,3,0
16934,Novos Clientes,55,2,950.93,59,55,475.47,199.50,United Kingdom,1.00,0,2,3,0
16936,Novos Clientes,26,1,262.68,56,26,262.68,173.00,United Kingdom,1.00,0,2,0,0
16938,Campeões,9,4,2736.38,212,309,684.10,635.00,United Kingdom,0.65,3,1,3,0
16940,Clientes Leais,52,3,3049.88,226,290,1016.63,723.00,United Kingdom,0.97,1,1,3,0
16942,Campeões,13,9,1920.59,159,228,213.40,90.11,United Kingdom,1.00,3,3,3,0
16943,Perdidos / Inativos,212,3,816.73,23,318,272.24,48.33,United Kingdom,0.85,2,0,3,0
16945,Campeões,22,19,4345.50,137,358,228.71,143.42,United Kingdom,1.00,3,3,2,0
16947,Perdidos / Inativos,236,1,406.48,21,236,406.48,312.00,United Kingdom,1.00,2,0,1,0
16948,Perdidos / Inativos,139,3,435.02,15,326,145.01,538.00,United Kingdom,0.82,2,0,3,0
16949,Campeões,4,6,1286.27,57,317,214.38,131.83,United Kingdom,0.76,3,3,2,0
16950,Clientes Leais,57,3,1178.56,39,367,392.85,214.67,United Kingdom,0.52,1,0,2,0
16951,Clientes Leais,135,3,1277.75,73,304,425.92,439.33,United Kingdom,0.94,1,0,3,0
16952,Novos Clientes,109,2,167.61,16,109,83.81,46.00,United Kingdom,1.00,0,2,3,0
16953,Novos Clientes,30,1,20.80,1,30,20.80,10.00,United Kingdom,1.00,0,2,0,0
16954,Campeões,1,9,2085.08,40,360,231.68,117.11,United Kingdom,1.00,3,3,2,0
16955,Perdidos / Inativos,185,4,518.67,18,373,129.67,66.50,United Kingdom,0.82,2,0,3,0
16956,Novos Clientes,18,1,308.74,16,18,308.74,114.00,United Kingdom,1.00,0,2,0,0
16957,Perdidos / Inativos,239,2,416.64,15,282,208.32,86.00,United Kingdom,0.98,2,0,3,0
16959,Novos Clientes,87,1,117.35,7,87,117.35,49.00,United Kingdom,1.00,0,2,0,0
16960,Clientes Leais,39,3,505.10,91,253,168.37,100.33,United Kingdom,1.00,1,1,3,0
16961,Novos Clientes,116,1,234.17,14,116,234.17,125.00,United Kingdom,0.92,0,0,0,0
16963,Perdidos / Inativos,187,1,110.55,7,187,110.55,35.00,United Kingdom,1.00,2,0,1,0
16965,Perdidos / Inativos,227,1,192.07,25,227,192.07,243.00,United Kingdom,1.00,2,0,1,0
16966,Clientes Leais,8,7,2154.97,8,240,307.85,283.00,United Kingdom,0.97,1,1,3,-1
16967,Perdidos / Inativos,189,1,319.02,21,189,319.02,333.00,United Kingdom,1.00,2,0,1,0
16968,Novos Clientes,4,2,439.43,31,108,219.72,163.00,United Kingdom,1.00,0,0,3,0
16969,Clientes Leais,39,3,650.41,42,192,216.80,272.00,United Kingdom,1.00,1,0,3,0
16971,Novos Clientes,38,1,357.21,40,38,357.21,72.00,United Kingdom,1.00,0,2,0,0
16976,Perdidos / Inativos,267,1,251.52,2,267,251.52,88.00,United Kingdom,1.00,2,0,1,0
16978,Novos Clientes,78,1,344.33,39,78,344.33,166.00,United Kingdom,1.00,0,2,0,0
16979,Campeões,4,6,1852.00,64,298,308.67,144.17,United Kingdom,0.57,3,3,3,0
16980,Clientes Leais,255,2,1078.96,71,291,539.48,394.00,United Kingdom,0.97,1,0,3,0
16982,Novos Clientes,61,1,384.06,22,61,384.06,182.00,United Kingdom,1.00,0,2,0,0
16983,Campeões,13,7,1931.25,112,370,275.89,197.00,United Kingdom,0.86,3,3,2,0
16984,Clientes Leais,88,2,4481.35,354,130,2240.68,1211.50,United Kingdom,1.00,1,1,3,-1
16985,Campeões,17,10,5464.12,62,359,546.41,183.20,United Kingdom,0.97,3,3,2,0
16986,Novos Clientes,30,2,1873.20,3,30,936.60,520.00,United Kingdom,1.00,0,1,3,-1
16987,Campeões,3,7,1625.05,74,205,232.15,57.43,United Kingdom,1.00,3,1,3,0
16988,Novos Clientes,5,1,126.12,7,5,126.12,43.00,United Kingdom,0.88,0,2,3,0
16989,Novos Clientes,7,6,1133.25,7,151,188.88,205.50,United Kingdom,1.00,0,1,3,-1
16990,Perdidos / Inativos,219,1,179.00,1,219,179.00,100.00,United Kingdom,1.00,2,0,1,0
16992,Clientes Leais,11,5,1614.31,84,285,322.86,172.00,United Kingdom,0.94,1,1,3,0
16996,Clientes Leais,30,6,1456.96,13,353,242.83,90.67,United Kingdom,0.89,1,1,2,0
16997,Perdidos / Inativos,288,3,702.00,7,326,234.00,120.00,United Kingdom,0.63,2,0,3,0
16998,Perdidos / Inativos,150,4,295.00,1,304,73.75,19.00,United Kingdom,0.67,2,0,3,0
16999,Novos Clientes,23,2,484.82,21,74,242.41,147.00,United Kingdom,1.00,0,2,3,0
17001,Campeões,1,11,3989.57,75,359,362.69,196.73,United Kingdom,1.00,3,3,2,0
17002,Clientes Leais,86,3,1493.73,41,291,497.91,226.33,United Kingdom,0.94,1,0,3,0
17004,Novos Clientes,46,2,1412.94,38,93,706.47,409.50,United Kingdom,1.00,0,2,3,0
17006,Novos Clientes,5,4,781.78,37,76,195.44,68.00,United Kingdom,1.00,0,1,3,0
17007,Clientes Leais,51,6,889.93,50,357,148.32,99.50,United Kingdom,0.60,1,1,2,0
17010,Novos Clientes,18,1,195.36,11,18,195.36,118.00,United Kingdom,1.00,0,2,0,0
17011,Novos Clientes,30,1,270.90,15,30,270.90,186.00,United Kingdom,1.00,0,2,0,0
17014,Novos Clientes,8,3,586.33,63,67,195.44,81.67,United Kingdom,1.00,0,2,3,0
17015,Clientes Leais,29,3,1842.56,182,185,614.19,660.33,United Kingdom,1.00,1,1,3,0
17017,Campeões,3,20,8694.26,88,373,434.71,333.65,United Kingdom,1.00,3,3,2,0
17018,Clientes Leais,41,2,920.10,15,326,460.05,88.00,United Kingdom,0.83,1,0,2,0
17019,Clientes Leais,11,4,1272.61,166,368,318.15,206.75,United Kingdom,0.89,1,1,2,0
17022,Novos Clientes,31,1,71.00,7,31,71.00,108.00,United Kingdom,1.00,0,2,0,0
17024,Perdidos / Inativos,45,3,95.85,2,158,31.95,23.00,United Kingdom,1.00,2,2,3,-1
17025,Perdidos / Inativos,61,3,357.77,8,373,119.26,78.33,United Kingdom,0.54,2,0,3,0
17026,Perdidos / Inativos,185,2,154.83,4,370,77.41,48.50,United Kingdom,0.79,2,0,3,0
17027,Clientes Leais,79,6,890.29,110,317,148.38,70.17,United Kingdom,0.67,1,1,3,0
17029,Perdidos / Inativos,111,2,716.00,1,237,358.00,200.00,United Kingdom,0.93,2,0,3,0
17030,Novos Clientes,64,1,146.87,11,64,146.87,146.00,United Kingdom,1.00,0,2,0,0
17031,Novos Clientes,12,2,380.35,19,155,190.18,117.50,United Kingdom,1.00,0,0,3,0
17033,Clientes Leais,86,3,1030.14,24,359,343.38,250.00,United Kingdom,0.53,1,0,3,0
17034,Clientes Leais,16,3,745.52,28,288,248.51,136.67,United Kingdom,0.90,1,1,3,0
17035,Perdidos / Inativos,246,2,433.53,27,312,216.77,114.50,United Kingdom,0.91,2,0,3,0
17037,Novos Clientes,88,1,1267.32,75,88,1267.32,656.00,United Kingdom,1.00,0,2,0,0
17038,Novos Clientes,30,1,112.40,22,30,112.40,28.00,United Kingdom,1.00,0,2,0,0
17040,Perdidos / Inativos,138,1,449.73,15,138,449.73,181.00,United Kingdom,1.00,2,0,1,0
17041,Clientes Leais,27,3,1081.57,59,361,360.52,317.00,United Kingdom,0.72,1,1,2,0
17042,Campeões,3,5,1044.38,74,247,208.88,198.80,United Kingdom,1.00,3,1,3,0
17043,Clientes Leais,32,4,1735.18,100,266,433.80,249.50,United Kingdom,1.00,1,1,3,0
17044,Novos Clientes,25,1,948.48,6,25,948.48,504.00,United Kingdom,1.00,0,2,0,0
17045,Perdidos / Inativos,113,3,339.44,20,248,113.15,35.33,United Kingdom,1.00,2,0,3,0
17046,Perdidos / Inativos,157,1,642.02,22,157,642.02,510.00,United Kingdom,1.00,2,0,1,0
17047,Clientes Leais,85,3,1100.90,59,205,366.97,177.67,United Kingdom,1.00,1,1,3,0
17048,Clientes Leais,118,3,925.35,41,331,308.45,161.67,United Kingdom,0.78,1,0,3,0
17049,Campeões,3,9,5659.98,201,276,628.89,297.33,United Kingdom,0.89,3,3,3,0
17050,Clientes Leais,96,6,3228.84,169,300,538.14,269.00,United Kingdom,0.92,1,1,3,0
17051,Perdidos / Inativos,194,1,247.14,40,194,247.14,184.00,United Kingdom,1.00,2,0,1,0
17052,Novos Clientes,28,1,413.75,72,28,413.75,261.00,United Kingdom,1.00,0,2,0,0
17053,Perdidos / Inativos,131,1,498.48,13,131,498.48,122.00,United Kingdom,0.99,2,0,1,0
17054,Clientes Leais,28,5,1356.33,64,245,271.27,160.80,United Kingdom,1.00,1,1,3,0
17058,Clientes Leais,82,3,1179.89,51,240,393.30,197.33,United Kingdom,1.00,1,0,3,0
17059,Campeões,30,5,3095.04,292,370,619.01,371.00,United Kingdom,0.50,3,1,3,0
17060,Perdidos / Inativos,266,1,234.24,5,266,234.24,216.00,United Kingdom,1.00,2,0,1,0
17061,Campeões,74,11,5232.23,57,232,475.66,138.73,United Kingdom,0.99,3,1,3,0
17062,Clientes Leais,314,4,533.33,51,370,133.33,104.50,United Kingdom,0.83,1,0,3,0
17063,Clientes Leais,21,7,1461.14,66,289,208.73,110.00,United Kingdom,0.88,1,1,3,0
17064,Clientes Leais,59,3,859.35,53,327,286.45,106.00,United Kingdom,0.71,1,0,3,0
17068,Campeões,12,21,4545.89,115,368,216.47,102.81,United Kingdom,1.00,3,3,2,0
17069,Campeões,28,9,2709.70,111,373,301.08,167.33,United Kingdom,0.84,3,1,2,0
17070,Novos Clientes,114,1,312.14,62,114,312.14,133.00,United Kingdom,0.95,0,2,0,0
17071,Campeões,28,9,2429.03,102,310,269.89,133.00,United Kingdom,0.58,3,1,2,0
17073,Clientes Leais,18,4,1444.84,141,109,361.21,189.50,United Kingdom,1.00,1,1,3,0
17075,Clientes Leais,18,4,834.12,62,317,208.53,73.00,United Kingdom,0.62,1,1,3,0
17076,Clientes Leais,36,3,841.08,17,365,280.36,98.33,United Kingdom,0.75,1,0,2,0
17078,Novos Clientes,36,2,375.86,27,36,187.93,391.00,United Kingdom,1.00,0,2,3,0
17079,Novos Clientes,78,1,118.80,2,78,118.80,24.00,United Kingdom,1.00,0,2,0,0
17080,Perdidos / Inativos,22,2,287.62,8,270,143.81,83.00,United Kingdom,0.98,2,0,3,0
17081,Novos Clientes,25,2,290.16,55,46,145.08,39.00,United Kingdom,1.00,0,2,3,0
17082,Clientes Leais,33,2,2003.85,75,318,1001.92,524.50,United Kingdom,0.66,1,1,2,0
17083,Clientes Leais,109,3,1405.78,24,304,468.59,257.33,United Kingdom,0.79,1,0,3,0
17084,Novos Clientes,35,2,2949.75,146,35,1474.88,908.00,United Kingdom,1.00,0,1,3,0
17085,Clientes Leais,123,5,1566.65,115,363,313.33,157.20,United Kingdom,0.73,1,1,3,0
17086,Clientes Leais,7,6,2050.08,76,64,341.68,309.83,United Kingdom,1.00,1,1,3,0
17088,Clientes Leais,28,4,1991.01,96,254,497.75,217.00,United Kingdom,1.00,1,1,3,0
17090,Campeões,4,7,2043.95,45,354,291.99,131.57,United Kingdom,0.97,3,3,2,0
17091,Campeões,3,9,3827.76,119,368,425.31,194.00,United Kingdom,0.98,3,3,2,0
17092,Clientes Leais,50,4,1777.78,99,277,444.44,282.75,United Kingdom,0.99,1,1,3,0
17094,Perdidos / Inativos,322,1,302.00,14,322,302.00,152.00,United Kingdom,1.00,2,0,1,0
17095,Clientes Leais,23,3,1324.16,69,335,441.39,206.00,United Kingdom,0.64,1,1,2,0
17096,Clientes Leais,15,4,1022.13,46,262,255.53,84.75,United Kingdom,1.00,1,1,3,0
17097,Campeões,2,8,954.42,153,365,119.30,57.38,Spain,0.99,3,3,2,0
17100,Novos Clientes,18,2,971.74,65,18,485.87,400.00,United Kingdom,1.00,0,2,3,0
17101,Clientes Leais,10,4,1621.73,28,178,405.43,203.75,United Kingdom,1.00,1,1,3,0
17102,Perdidos / Inativos,262,1,25.50,1,262,25.50,2.00,United Kingdom,1.00,2,0,1,0
17105,Clientes Leais,159,2,665.78,80,306,332.89,346.50,United Kingdom,0.92,1,0,3,0
17107,Campeões,33,6,10815.43,269,278,1802.57,806.17,United Kingdom,0.97,3,3,3,0
17109,Clientes Leais,29,6,885.04,107,232,147.51,98.17,United Kingdom,1.00,1,1,3,0
17110,Perdidos / Inativos,165,1,163.30,12,165,163.30,50.00,United Kingdom,1.00,2,0,1,0
17111,Novos Clientes,47,1,248.61,29,47,248.61,302.00,United Kingdom,1.00,0,2,0,0
17114,Campeões,6,8,808.62,85,335,101.08,27.38,United Kingdom,0.94,3,3,2,0
17115,Clientes Leais,8,3,837.50,33,233,279.17,124.00,United Kingdom,1.00,1,1,3,0
17117,Perdidos / Inativos,288,1,116.20,9,288,116.20,68.00,United Kingdom,1.00,2,0,1,0
17118,Perdidos / Inativos,318,1,157.02,10,318,157.02,154.00,United Kingdom,1.00,2,0,1,0
17119,Novos Clientes,3,2,606.91,35,60,303.45,167.00,United Kingdom,1.00,0,2,3,0
17120,Perdidos / Inativos,233,1,307.46,18,233,307.46,120.00,United Kingdom,1.00,2,0,1,0
17122,Perdidos / Inativos,119,1,138.32,7,119,138.32,80.00,United Kingdom,0.70,2,2,0,0
17123,Perdidos / Inativos,162,1,345.30,9,162,345.30,246.00,United Kingdom,1.00,2,0,1,0
17124,Perdidos / Inativos,185,1,298.89,31,185,298.89,130.00,United Kingdom,1.00,2,0,1,0
17125,Novos Clientes,50,1,259.35,34,50,259.35,291.00,United Kingdom,1.00,0,2,0,0
17126,Clientes Leais,152,5,1004.75,187,363,200.95,158.40,United Kingdom,0.59,1,1,3,0
17128,Perdidos / Inativos,335,1,157.09,14,335,157.09,76.00,United Kingdom,1.00,2,0,1,0
17131,Campeões,5,5,2463.17,78,76,492.63,196.60,United Kingdom,1.00,3,1,3,0
17133,Clientes Leais,16,7,4892.24,13,266,698.89,390.00,United Kingdom,0.81,1,1,2,0
17134,Perdidos / Inativos,107,2,425.00,21,265,212.50,51.00,United Kingdom,1.00,2,0,3,0
17135,Clientes Leais,16,7,1139.73,34,372,162.82,174.86,United Kingdom,0.87,1,1,2,0
17138,Perdidos / Inativos,276,1,380.50,24,276,380.50,126.00,United Kingdom,1.00,2,0,1,0
17139,Campeões,16,12,10668.47,309,289,889.04,431.83,United Kingdom,0.55,3,3,3,0
17140,Perdidos / Inativos,247,1,465.32,16,247,465.32,302.00,United Kingdom,1.00,2,0,1,0
17142,Perdidos / Inativos,239,1,579.00,15,239,579.00,81.00,United Kingdom,1.00,2,0,1,0
17144,Novos Clientes,1,2,984.57,42,85,492.29,241.50,United Kingdom,1.00,0,1,3,0
17146,Clientes Leais,106,3,749.78,33,359,249.93,70.67,United Kingdom,0.69,1,0,3,0
17147,Clientes Leais,23,4,1714.59,68,312,428.65,220.50,United Kingdom,0.70,1,1,3,0
17148,Novos Clientes,52,1,124.88,9,52,124.88,82.00,United Kingdom,1.00,0,2,0,0
17152,Perdidos / Inativos,195,3,1689.50,9,263,563.17,172.33,United Kingdom,0.89,2,0,3,0
17153,Novos Clientes,24,1,213.78,14,24,213.78,104.00,United Kingdom,1.00,0,2,0,0
17154,Novos Clientes,75,1,329.34,23,75,329.34,490.00,United Kingdom,1.00,0,2,0,0
17155,Novos Clientes,18,2,251.70,19,178,125.85,121.00,United Kingdom,1.00,0,0,3,0
17157,Novos Clientes,8,2,319.00,11,176,159.50,86.00,United Kingdom,1.00,0,0,3,0
17158,Clientes Leais,32,3,1266.97,53,360,422.32,259.33,United Kingdom,0.69,1,1,2,0
17159,Clientes Leais,22,3,1538.88,96,172,512.96,370.33,United Kingdom,1.00,1,1,3,0
17160,Clientes Leais,31,6,3518.03,111,242,586.34,476.00,United Kingdom,1.00,1,1,3,0
17162,Campeões,29,10,1715.46,81,306,171.55,100.10,United Kingdom,0.68,3,1,2,0
17163,Novos Clientes,22,2,293.10,3,78,146.55,33.00,United Kingdom,1.00,0,2,3,0
17164,Clientes Leais,33,7,2467.35,92,273,352.48,214.43,United Kingdom,0.98,1,1,3,0
17165,Perdidos / Inativos,284,1,158.68,10,284,158.68,100.00,United Kingdom,1.00,2,0,1,0
17166,Perdidos / Inativos,39,2,206.34,11,204,103.17,39.00,United Kingdom,1.00,2,0,3,0
17169,Clientes Leais,58,2,835.78,51,183,417.89,263.00,United Kingdom,1.00,1,1,3,0
17171,Perdidos / Inativos,289,1,224.91,16,289,224.91,185.00,United Kingdom,1.00,2,0,1,0
17172,Novos Clientes,79,1,317.76,15,79,317.76,480.00,United Kingdom,1.00,0,2,0,0
17173,Campeões,5,8,3766.60,36,131,470.82,140.25,United Kingdom,1.00,3,1,3,0
17174,Perdidos / Inativos,218,1,59.90,4,218,59.90,41.00,United Kingdom,1.00,2,2,1,0
17175,Clientes Leais,44,4,1443.69,42,296,360.92,216.50,United Kingdom,0.90,1,0,3,0
17176,Perdidos / Inativos,202,1,306.13,15,202,306.13,170.00,United Kingdom,1.00,2,0,1,0
17179,Clientes Leais,178,3,711.79,56,361,237.26,96.67,United Kingdom,0.80,1,0,3,0
17180,Clientes Leais,56,4,796.03,91,316,199.01,170.75,United Kingdom,0.81,1,0,3,0
17181,Perdidos / Inativos,57,2,239.92,23,374,119.96,120.50,United Kingdom,0.67,2,0,2,0
17183,Clientes Leais,8,6,3347.31,42,105,557.88,216.00,United Kingdom,1.00,1,1,3,0
17186,Novos Clientes,47,2,144.00,1,60,72.00,100.00,United Kingdom,1.00,0,2,3,0
17187,Perdidos / Inativos,227,1,203.95,10,227,203.95,144.00,United Kingdom,1.00,2,0,1,0
17188,Campeões,11,7,2474.23,71,362,353.46,189.71,United Kingdom,0.89,3,1,2,0
17189,Clientes Leais,106,2,384.40,52,359,192.20,113.50,United Kingdom,0.51,1,0,2,0
17190,Perdidos / Inativos,59,2,444.74,19,207,222.37,80.50,United Kingdom,1.00,2,0,3,0
17191,Campeões,28,7,2095.13,163,368,299.30,166.71,United Kingdom,0.72,3,1,2,0
17193,Clientes Leais,36,7,1699.30,17,177,242.76,179.14,United Kingdom,1.00,1,1,3,0
17194,Perdidos / Inativos,361,1,226.78,25,361,226.78,112.00,United Kingdom,1.00,2,0,1,0
17197,Novos Clientes,30,1,1013.01,29,30,1013.01,191.00,United Kingdom,1.00,0,2,0,0
17198,Clientes Leais,24,3,692.22,89,371,230.74,119.00,United Kingdom,0.80,1,1,2,0
17201,Novos Clientes,54,1,342.63,38,54,342.63,268.00,United Kingdom,1.00,0,2,0,0
17203,Clientes Leais,36,6,3563.85,116,60,593.98,475.00,United Kingdom,1.00,1,1,3,0
17204,Clientes Leais,175,4,1564.56,44,264,391.14,161.50,United Kingdom,1.00,1,0,3,0
17205,Novos Clientes,54,1,384.08,13,54,384.08,884.00,United Kingdom,1.00,0,2,0,0
17206,Novos Clientes,53,1,204.24,7,53,204.24,76.00,United Kingdom,1.00,0,2,0,0
17211,Campeões,27,8,2317.22,150,370,289.65,165.38,United Kingdom,0.79,3,1,2,0
17212,Perdidos / Inativos,253,1,226.85,4,253,226.85,147.00,United Kingdom,1.00,2,0,1,0
17213,Clientes Leais,40,7,2781.23,85,366,397.32,168.00,United Kingdom,0.66,1,1,2,0
17214,Clientes Leais,60,6,1069.12,79,359,178.19,46.00,United Kingdom,0.56,1,1,2,0
17217,Perdidos / Inativos,234,1,113.50,9,234,113.50,24.00,United Kingdom,1.00,2,0,1,0
17218,Campeões,4,10,1960.72,146,368,196.07,95.80,United Kingdom,0.99,3,3,2,0
17219,Novos Clientes,32,1,114.23,24,32,114.23,89.00,United Kingdom,1.00,0,2,0,0
17220,Campeões,24,14,3198.25,303,364,228.45,136.07,United Kingdom,0.99,3,3,2,0
17221,Novos Clientes,7,2,335.13,59,36,167.56,144.00,United Kingdom,1.00,0,2,3,0
17222,Novos Clientes,65,1,354.15,27,65,354.15,128.00,United Kingdom,1.00,0,2,0,0
17223,Perdidos / Inativos,310,2,391.79,42,368,195.90,55.50,United Kingdom,0.81,2,0,3,0
17226,Perdidos / Inativos,309,1,393.49,21,309,393.49,406.00,United Kingdom,1.00,2,0,1,0
17227,Clientes Leais,19,6,939.32,28,369,156.55,123.50,United Kingdom,0.81,1,1,2,0
17228,Campeões,16,8,1906.09,140,372,238.26,191.50,United Kingdom,0.88,3,3,2,0
17229,Novos Clientes,96,2,318.76,39,143,159.38,92.50,United Kingdom,1.00,0,0,3,0
17230,Clientes Leais,264,8,3638.41,51,360,454.80,206.38,United Kingdom,0.69,1,1,2,0
17231,Campeões,12,10,3174.32,292,361,317.43,174.20,United Kingdom,0.94,3,3,2,0
17232,Novos Clientes,3,2,421.52,30,15,210.76,101.50,United Kingdom,1.00,0,2,3,0
17233,Novos Clientes,35,1,190.88,25,35,190.88,131.00,United Kingdom,1.00,0,2,0,0
17234,Perdidos / Inativos,183,1,149.89,14,183,149.89,55.00,United Kingdom,1.00,2,0,1,0
17235,Clientes Leais,25,2,550.06,24,372,275.03,112.00,United Kingdom,0.89,1,0,2,0
17236,Clientes Leais,13,6,916.13,88,363,152.69,79.00,United Kingdom,0.88,1,1,2,0
17237,Novos Clientes,11,2,314.69,18,22,157.34,52.50,United Kingdom,1.00,0,2,3,0
17238,Campeões,3,17,3744.65,297,371,220.27,107.18,United Kingdom,1.00,3,3,2,0
17239,Perdidos / Inativos,313,1,382.50,15,313,382.50,150.00,United Kingdom,1.00,2,0,1,0
17242,Clientes Leais,108,2,1135.04,30,180,567.52,305.50,United Kingdom,1.00,1,0,3,0
17243,Campeões,1,26,8668.45,179,370,333.40,129.46,United Kingdom,1.00,3,3,2,0
17244,Novos Clientes,53,1,954.90,31,53,954.90,616.00,United Kingdom,1.00,0,2,0,0
17245,Perdidos / Inativos,205,1,171.45,9,205,171.45,75.00,United Kingdom,1.00,2,0,1,0
17247,Novos Clientes,15,1,282.19,53,15,282.19,106.00,United Kingdom,1.00,0,2,0,0
17248,Novos Clientes,120,1,318.65,68,120,318.65,213.00,United Kingdom,0.57,0,2,1,0
17250,Clientes Leais,4,2,384.52,55,261,192.26,84.00,United Kingdom,0.98,1,1,3,0
17251,Perdidos / Inativos,363,1,283.28,37,363,283.28,110.00,United Kingdom,1.00,2,0,1,0
17252,Clientes Leais,117,2,353.86,86,186,176.93,96.50,United Kingdom,1.00,1,0,3,0
17253,Novos Clientes,18,1,178.26,18,18,178.26,43.00,United Kingdom,1.00,0,2,0,0
17254,Novos Clientes,5,2,272.44,100,15,136.22,126.00,United Kingdom,1.00,0,2,3,0
17255,Clientes Leais,41,2,298.41,69,299,149.21,116.00,United Kingdom,0.80,1,1,3,0
17256,Perdidos / Inativos,107,2,240.00,12,312,120.00,70.50,United Kingdom,0.86,2,0,3,0
17259,Clientes Leais,148,2,603.37,104,368,301.69,205.00,United Kingdom,0.59,1,0,3,0
17262,Clientes Leais,52,5,1253.36,9,366,250.67,73.40,United Kingdom,0.83,1,1,2,0
17263,Perdidos / Inativos,208,1,63.44,23,208,63.44,36.00,United Kingdom,1.00,2,0,1,0
17265,Clientes Leais,139,2,562.90,106,181,281.45,197.00,United Kingdom,1.00,1,0,3,0
17266,Novos Clientes,2,3,310.64,60,148,103.55,53.67,United Kingdom,1.00,0,0,3,0
17267,Novos Clientes,127,2,317.62,37,127,158.81,79.50,United Kingdom,1.00,0,0,3,0
17268,Perdidos / Inativos,108,4,763.64,3,245,190.91,211.00,United Kingdom,0.99,2,0,3,0
17272,Clientes Leais,42,4,2148.63,70,263,537.16,444.50,United Kingdom,1.00,1,1,3,0
17274,Novos Clientes,35,1,111.98,24,35,111.98,79.00,United Kingdom,1.00,0,2,0,0
17277,Clientes Leais,228,2,1065.35,67,323,532.68,215.00,United Kingdom,0.85,1,0,3,0
17278,Perdidos / Inativos,241,1,246.04,15,241,246.04,179.00,United Kingdom,1.00,2,0,1,0
17279,Novos Clientes,58,1,187.83,8,58,187.83,48.00,United Kingdom,1.00,0,2,0,0
17282,Clientes Leais,130,3,1703.41,79,300,567.80,625.67,United Kingdom,0.95,1,0,3,0
17284,Clientes Leais,60,6,1652.58,229,336,275.43,227.33,United Kingdom,0.54,1,1,3,0
17286,Novos Clientes,22,1,153.92,44,22,153.92,118.00,United Kingdom,1.00,0,2,0,0
17287,Clientes Leais,26,7,1064.11,88,373,152.02,79.86,United Kingdom,0.81,1,1,2,0
17288,Campeões,9,7,1419.73,118,358,202.82,171.86,United Kingdom,0.91,3,3,2,0
17289,Clientes Leais,32,3,944.41,86,180,314.80,173.33,United Kingdom,1.00,1,1,3,0
17290,Novos Clientes,4,2,525.24,92,16,262.62,202.00,United Kingdom,1.00,0,2,3,0
17291,Perdidos / Inativos,308,1,550.80,1,308,550.80,72.00,United Kingdom,1.00,2,0,1,0
17293,Campeões,8,9,1875.11,93,361,208.35,126.67,United Kingdom,0.96,3,3,2,0
17295,Novos Clientes,29,3,556.95,53,65,185.65,98.00,United Kingdom,1.00,0,2,3,0
17297,Novos Clientes,17,1,131.78,49,17,131.78,67.00,United Kingdom,1.00,0,2,0,0
17298,Novos Clientes,101,2,498.42,30,125,249.21,193.50,United Kingdom,1.00,0,0,3,0
17299,Clientes Leais,12,4,669.11,50,173,167.28,169.50,United Kingdom,1.00,1,1,3,0
17301,Novos Clientes,21,1,197.63,59,21,197.63,149.00,United Kingdom,1.00,0,2,0,0
17302,Clientes Leais,15,5,1135.63,68,306,227.13,115.00,United Kingdom,0.75,1,1,3,0
17303,Perdidos / Inativos,361,1,250.04,53,361,250.04,144.00,United Kingdom,1.00,2,0,1,0
17306,Campeões,11,19,8631.31,13,353,454.28,604.79,United Kingdom,1.00,3,3,2,-1
17309,Novos Clientes,95,1,82.75,11,95,82.75,41.00,United Kingdom,1.00,0,2,0,0
17311,Clientes Leais,78,2,1384.85,55,317,692.42,502.50,United Kingdom,0.64,1,0,3,0
17312,Perdidos / Inativos,139,3,644.30,11,159,214.77,124.00,United Kingdom,1.00,2,0,3,0
17313,Novos Clientes,31,1,2328.84,24,31,2328.84,1402.00,United Kingdom,1.00,0,2,0,0
17314,Campeões,25,8,2527.92,120,313,315.99,237.00,United Kingdom,0.51,3,1,3,0
17315,Campeões,2,36,6252.18,254,358,173.67,107.28,United Kingdom,1.00,3,3,2,0
17317,Novos Clientes,46,3,2600.34,8,90,866.78,382.00,United Kingdom,1.00,0,1,3,-1
17320,Clientes Leais,100,3,1200.62,57,368,400.21,211.33,United Kingdom,0.70,1,0,3,0
17321,Novos Clientes,8,2,700.86,94,68,350.43,186.50,United Kingdom,1.00,0,2,3,0
17323,Clientes Leais,15,7,917.67,124,292,131.10,110.29,United Kingdom,0.81,1,1,3,0
17324,Clientes Leais,18,4,990.23,43,367,247.56,211.00,United Kingdom,0.78,1,1,2,0
17325,Perdidos / Inativos,280,1,96.80,6,280,96.80,60.00,United Kingdom,1.00,2,0,1,0
17329,Clientes Leais,14,2,523.11,29,315,261.56,71.00,United Kingdom,0.73,1,1,2,0
17330,Novos Clientes,23,2,363.90,5,68,181.95,60.00,United Kingdom,1.00,0,2,3,0
17331,Perdidos / Inativos,124,1,175.20,1,124,175.20,16.00,United Kingdom,0.74,2,0,1,0
17333,Novos Clientes,86,1,494.25,28,86,494.25,375.00,United Kingdom,1.00,0,2,0,0
17334,Perdidos / Inativos,302,2,307.02,11,309,153.51,157.50,United Kingdom,0.92,2,0,3,0
17337,Clientes Leais,151,4,2026.42,420,310,506.61,317.00,United Kingdom,0.94,1,1,3,0
17338,Campeões,17,8,6635.14,388,361,829.39,389.12,United Kingdom,0.72,3,3,2,0
17339,Perdidos / Inativos,94,2,243.36,9,365,121.68,76.00,United Kingdom,0.55,2,0,3,0
17340,Campeões,30,11,12353.29,229,366,1123.03,542.45,United Kingdom,0.90,3,3,2,0
17341,Clientes Leais,157,3,781.36,147,367,260.45,163.00,United Kingdom,0.70,1,1,3,0
17343,Perdidos / Inativos,355,1,193.64,17,355,193.64,56.00,United Kingdom,1.00,2,0,1,0
17344,Novos Clientes,46,1,160.57,31,46,160.57,66.00,United Kingdom,1.00,0,2,0,0
17345,Clientes Leais,15,4,537.74,70,197,134.44,86.50,United Kingdom,1.00,1,1,3,0
17346,Campeões,4,15,2676.56,299,373,178.44,110.47,United Kingdom,1.00,3,3,2,0
17347,Perdidos / Inativos,86,1,228.96,1,86,228.96,216.00,United Kingdom,1.00,2,0,0,0
17348,Clientes Leais,15,5,1159.52,180,298,231.90,280.20,United Kingdom,0.85,1,1,3,0
17349,Perdidos / Inativos,179,1,110.75,8,179,110.75,112.00,United Kingdom,1.00,2,0,1,0
17350,Novos Clientes,8,4,1286.07,66,51,321.52,198.75,United Kingdom,1.00,0,1,3,0
17351,Clientes Leais,36,3,587.15,22,273,195.72,37.67,United Kingdom,0.99,1,0,3,0
17353,Perdidos / Inativos,129,2,1740.00,5,154,870.00,600.00,United Kingdom,1.00,2,0,3,0
17354,Novos Clientes,51,1,1393.06,15,51,1393.06,1006.00,United Kingdom,1.00,0,2,0,0
17356,Perdidos / Inativos,312,1,178.22,19,312,178.22,166.00,United Kingdom,1.00,2,0,1,0
17357,Novos Clientes,24,2,388.14,41,24,194.07,76.50,United Kingdom,1.00,0,2,3,0
17358,Perdidos / Inativos,303,2,365.85,55,355,182.93,101.00,United Kingdom,0.75,2,0,3,0
17359,Novos Clientes,11,1,127.86,13,11,127.86,161.00,United Kingdom,1.00,0,2,0,0
17360,Clientes Leais,17,3,585.79,113,184,195.26,111.67,United Kingdom,1.00,1,1,3,0
17361,Clientes Leais,49,3,488.20,26,292,162.73,52.33,United Kingdom,0.95,1,0,3,0
17362,Perdidos / Inativos,239,2,312.23,30,310,156.12,95.50,United Kingdom,0.92,2,0,3,0
17364,Campeões,1,11,4481.18,288,331,407.38,245.55,United Kingdom,0.98,3,3,2,0
17365,Campeões,13,8,4796.52,277,333,599.57,595.62,United Kingdom,0.70,3,3,2,0
17367,Perdidos / Inativos,238,1,168.40,33,238,168.40,150.00,United Kingdom,1.00,2,0,1,0
17368,Campeões,23,8,1912.67,93,338,239.08,173.88,United Kingdom,0.78,3,3,2,0
17370,Clientes Leais,73,4,446.18,31,170,111.55,135.00,United Kingdom,1.00,1,0,3,0
17371,Clientes Leais,17,3,423.89,83,361,141.30,50.67,United Kingdom,0.91,1,1,2,0
17372,Campeões,41,8,1342.68,215,363,167.84,93.62,United Kingdom,0.87,3,1,2,0
17373,Clientes Leais,40,4,646.92,47,313,161.73,102.00,United Kingdom,0.80,1,1,3,0
17374,Perdidos / Inativos,219,2,495.77,24,281,247.88,42.50,United Kingdom,0.99,2,0,3,0
17375,Clientes Leais,199,3,400.10,63,361,133.37,122.33,United Kingdom,0.71,1,0,3,0
17376,Perdidos / Inativos,71,2,203.20,23,311,101.60,43.00,United Kingdom,0.81,2,0,3,0
17377,Campeões,24,20,4100.92,190,374,205.05,103.80,United Kingdom,1.00,3,3,2,0
17379,Novos Clientes,11,1,404.66,71,11,404.66,663.00,United Kingdom,1.00,0,2,0,0
17381,Campeões,9,29,20275.61,40,372,699.16,884.45,United Kingdom,1.00,3,3,2,-1
17382,Novos Clientes,65,1,65.40,2,65,65.40,25.00,United Kingdom,1.00,0,2,0,0
17383,Novos Clientes,4,1,199.29,49,4,199.29,150.00,United Kingdom,1.00,0,2,3,0
17384,Novos Clientes,19,2,336.40,12,219,168.20,44.00,United Kingdom,1.00,0,0,3,0
17385,Novos Clientes,15,1,261.11,42,15,261.11,201.00,United Kingdom,1.00,0,2,0,0
17386,Clientes Leais,8,6,2686.42,23,166,447.74,317.00,United Kingdom,1.00,1,1,3,0
17387,Novos Clientes,20,2,784.11,71,34,392.06,271.00,United Kingdom,1.00,0,2,3,0
17388,Clientes Leais,78,4,1259.56,13,288,314.89,267.00,United Kingdom,0.83,1,0,3,0
17389,Campeões,1,34,31833.68,45,331,936.28,223.88,United Kingdom,1.00,3,3,2,0
17391,Perdidos / Inativos,164,2,508.80,2,165,254.40,240.00,United Kingdom,1.00,2,0,3,0
17392,Perdidos / Inativos,307,2,451.91,52,358,225.96,159.00,United Kingdom,0.79,2,0,3,0
17394,Perdidos / Inativos,219,1,203.87,4,219,203.87,241.00,United Kingdom,1.00,2,0,1,0
17396,Clientes Leais,39,7,7312.80,23,372,1044.69,286.29,United Kingdom,0.99,1,1,2,0
17397,Novos Clientes,22,2,696.41,88,22,348.20,127.00,United Kingdom,1.00,0,2,3,0
17398,Clientes Leais,115,3,653.38,30,255,217.79,103.33,United Kingdom,1.00,1,0,3,0
17400,Clientes Leais,126,5,2129.96,175,353,425.99,219.40,United Kingdom,0.76,1,1,3,0
17402,Campeões,5,12,2598.85,32,369,216.57,58.33,United Kingdom,1.00,3,1,2,0
17403,Novos Clientes,36,1,281.62,32,36,281.62,117.00,United Kingdom,1.00,0,2,0,0
17404,Campeões,4,13,31781.82,109,360,2444.76,2518.77,Sweden,1.00,3,3,2,0
17405,Clientes Leais,1,3,1031.41,77,150,343.80,242.00,United Kingdom,1.00,1,1,3,0
17406,Clientes Leais,333,3,2200.42,99,367,733.47,262.33,United Kingdom,0.91,1,1,3,0
17408,Perdidos / Inativos,163,1,32.65,2,163,32.65,3.00,United Kingdom,1.00,2,2,1,0
17409,Perdidos / Inativos,185,2,771.85,13,248,385.93,52.50,United Kingdom,1.00,2,0,3,0
17410,Clientes Leais,16,5,1214.72,57,215,242.94,123.20,United Kingdom,1.00,1,1,3,0
17411,Clientes Leais,12,3,778.94,39,261,259.65,102.00,United Kingdom,1.00,1,1,3,0
17412,Campeões,3,7,1258.06,48,372,179.72,105.43,United Kingdom,0.98,3,3,2,0
17414,Novos Clientes,44,2,778.00,5,185,389.00,1050.00,United Kingdom,1.00,0,0,3,0
17415,Novos Clientes,80,1,507.84,14,80,507.84,114.00,United Kingdom,1.00,0,2,0,0
17416,Campeões,30,7,6893.42,186,281,984.77,614.57,United Kingdom,0.95,3,3,3,0
17418,Clientes Leais,42,2,463.46,29,324,231.73,144.50,United Kingdom,0.50,1,0,2,0
17419,Campeões,11,12,4226.57,155,367,352.21,156.33,United Kingdom,0.97,3,3,2,0
17420,Clientes Leais,50,3,598.83,28,374,199.61,88.33,United Kingdom,0.51,1,0,2,0
17422,Campeões,16,6,1979.37,93,296,329.89,375.50,United Kingdom,0.85,3,1,3,0
17423,Clientes Leais,46,2,698.41,26,218,349.20,229.50,United Kingdom,1.00,1,0,3,0
17425,Novos Clientes,19,2,759.17,42,61,379.58,203.50,United Kingdom,1.00,0,2,3,0
17426,Campeões,8,6,5037.26,179,282,839.54,515.67,United Kingdom,0.93,3,3,3,0
17427,Novos Clientes,72,1,100.80,2,72,100.80,34.00,United Kingdom,1.00,0,2,0,0
17428,Campeões,1,28,17256.85,252,369,616.32,338.36,United Kingdom,1.00,3,3,2,0
17429,Clientes Leais,128,3,524.92,36,219,174.97,208.00,United Kingdom,1.00,1,0,3,0
17430,Perdidos / Inativos,33,2,265.76,14,365,132.88,95.00,United Kingdom,0.80,2,0,2,0
17431,Perdidos / Inativos,313,1,403.30,41,313,403.30,292.00,United Kingdom,1.00,2,0,1,0
17432,Novos Clientes,18,2,365.76,44,37,182.88,103.50,United Kingdom,1.00,0,2,3,0
17433,Novos Clientes,88,1,303.16,53,88,303.16,185.00,United Kingdom,1.00,0,2,0,0
17434,Campeões,2,7,2373.82,100,85,339.12,241.86,United Kingdom,1.00,3,1,3,0
17436,Novos Clientes,2,2,216.30,7,227,108.15,45.00,United Kingdom,1.00,0,0,3,-1
17438,Perdidos / Inativos,254,1,388.45,17,254,388.45,103.00,United Kingdom,1.00,2,0,1,0
17440,Perdidos / Inativos,157,3,186.42,3,248,62.14,82.00,United Kingdom,1.00,2,0,3,0
17442,Clientes Leais,37,6,2248.56,96,290,374.76,249.33,United Kingdom,0.93,1,1,3,0
17443,Perdidos / Inativos,220,1,534.24,1,220,534.24,504.00,Canada,1.00,2,0,1,0
17444,Clientes Leais,152,2,2389.10,131,173,1194.55,1059.00,Canada,1.00,1,0,3,0
17446,Perdidos / Inativos,177,2,120.90,6,310,60.45,99.00,United Kingdom,0.93,2,0,3,0
17447,Novos Clientes,40,2,541.53,33,72,270.76,221.50,United Kingdom,1.00,0,2,3,0
17449,Campeões,2,7,2517.86,177,360,359.69,160.14,United Kingdom,0.98,3,3,2,0
17450,Campeões,8,46,194550.79,124,368,4229.36,1521.59,United Kingdom,1.00,3,3,2,-1
17451,Campeões,1,7,1721.40,83,106,245.91,171.86,United Kingdom,1.00,3,1,3,0
17453,Novos Clientes,18,2,486.72,19,64,243.36,109.50,United Kingdom,1.00,0,2,3,0
17454,Clientes Leais,192,4,517.53,57,360,129.38,60.75,United Kingdom,0.73,1,0,3,0
17455,Perdidos / Inativos,204,1,131.70,8,204,131.70,66.00,United Kingdom,1.00,2,0,1,0
17456,Perdidos / Inativos,365,1,249.86,17,365,249.86,222.00,United Kingdom,1.00,2,0,1,0
17457,Clientes Leais,127,5,1737.70,14,339,347.54,165.20,United Kingdom,0.72,1,0,2,0
17458,Novos Clientes,15,1,316.50,52,15,316.50,170.00,United Kingdom,1.00,0,2,0,0
17459,Novos Clientes,43,2,657.30,88,60,328.65,268.50,United Kingdom,1.00,0,2,3,0
17460,Clientes Leais,94,6,622.43,18,373,103.74,39.33,United Kingdom,0.54,1,0,3,0
17461,Novos Clientes,23,3,757.46,104,30,252.49,266.33,United Kingdom,1.00,0,1,3,0
17462,Clientes Leais,60,2,675.69,25,284,337.85,113.50,United Kingdom,0.95,1,0,3,0
17463,Campeões,16,5,1896.41,162,313,379.28,219.00,United Kingdom,0.70,3,1,3,0
17464,Perdidos / Inativos,158,1,289.96,9,158,289.96,220.00,United Kingdom,1.00,2,0,1,0
17466,Novos Clientes,10,2,763.28,41,79,381.64,153.00,United Kingdom,1.00,0,2,3,0
17468,Novos Clientes,10,2,137.00,5,14,68.50,58.00,United Kingdom,1.00,0,2,3,0
17469,Clientes Leais,16,5,1870.97,61,205,374.19,157.40,United Kingdom,1.00,1,1,3,0
17470,Clientes Leais,45,5,1125.07,67,368,225.01,335.00,United Kingdom,0.51,1,1,2,0
17472,Clientes Leais,191,3,710.29,142,299,236.76,154.00,United Kingdom,0.96,1,1,3,0
17475,Novos Clientes,79,1,194.37,14,79,194.37,178.00,United Kingdom,1.00,0,0,0,0
17480,Novos Clientes,78,1,511.82,29,78,511.82,338.00,United Kingdom,1.00,0,2,0,0
17481,Novos Clientes,4,4,1255.59,69,94,313.90,265.25,United Kingdom,1.00,0,1,3,0
17483,Novos Clientes,65,3,414.04,18,183,138.01,63.67,United Kingdom,1.00,0,0,3,0
17486,Perdidos / Inativos,261,1,396.87,24,261,396.87,191.00,United Kingdom,1.00,2,0,1,0
17489,Perdidos / Inativos,59,2,376.64,28,213,188.32,214.00,United Kingdom,1.00,2,0,3,0
17490,Campeões,1,7,2092.32,63,177,298.90,162.00,United Kingdom,1.00,3,1,3,0
17491,Campeões,1,10,3558.87,72,368,355.89,201.30,United Kingdom,1.00,3,3,2,0
17492,Perdidos / Inativos,248,1,374.57,12,248,374.57,155.00,United Kingdom,1.00,2,0,1,0
17495,Novos Clientes,8,2,497.56,21,39,248.78,114.50,United Kingdom,1.00,0,2,3,0
17496,Perdidos / Inativos,359,1,271.05,10,359,271.05,79.00,United Kingdom,1.00,2,0,1,0
17498,Novos Clientes,76,1,272.22,17,76,272.22,394.00,United Kingdom,1.00,0,2,0,0
17499,Perdidos / Inativos,290,1,622.88,40,290,622.88,711.00,United Kingdom,1.00,2,0,1,0
17500,Novos Clientes,17,3,1138.00,3,30,379.33,5.67,United Kingdom,1.00,0,1,3,-1
17501,Perdidos / Inativos,221,2,288.60,18,221,144.30,80.00,United Kingdom,1.00,2,0,3,0
17502,Novos Clientes,9,4,689.10,25,29,172.28,94.00,United Kingdom,1.00,0,2,3,0
17503,Novos Clientes,3,2,558.96,36,39,279.48,243.00,United Kingdom,1.00,0,2,3,0
17504,Clientes Leais,206,9,2997.03,112,323,333.00,184.89,United Kingdom,0.66,1,1,2,0
17505,Clientes Leais,162,2,1145.84,48,206,572.92,278.00,United Kingdom,1.00,1,0,3,0
17506,Novos Clientes,76,1,302.20,14,76,302.20,139.00,United Kingdom,1.00,0,2,0,0
17507,Clientes Leais,262,2,605.58,79,309,302.79,179.50,United Kingdom,0.93,1,0,3,0
17508,Perdidos / Inativos,281,1,387.31,22,281,387.31,289.00,Greece,1.00,2,0,1,0
17509,Clientes Leais,58,8,6115.14,75,63,764.39,441.75,United Kingdom,1.00,1,1,3,-1
17510,Novos Clientes,25,1,308.48,20,25,308.48,214.00,United Kingdom,1.00,0,2,0,0
17511,Campeões,3,31,91062.38,453,374,2937.50,2082.23,United Kingdom,1.00,3,3,2,-1
17512,Campeões,29,10,2924.99,61,302,292.50,275.30,United Kingdom,0.70,3,1,2,0
17513,Novos Clientes,72,1,513.20,6,72,513.20,254.00,United Kingdom,1.00,0,2,0,0
17514,Novos Clientes,128,1,208.65,40,128,208.65,135.00,United Kingdom,0.98,0,0,1,0
17515,Clientes Leais,31,4,639.02,49,318,159.75,60.75,United Kingdom,0.71,1,1,3,0
17516,Clientes Leais,15,5,768.08,113,286,153.62,83.20,United Kingdom,0.94,1,1,3,0
17517,Perdidos / Inativos,309,1,153.94,11,309,153.94,102.00,United Kingdom,1.00,2,0,1,0
17519,Clientes Leais,17,6,1844.02,60,368,307.34,206.00,United Kingdom,0.80,1,1,2,0
17520,Novos Clientes,54,1,546.81,30,54,546.81,365.00,United Kingdom,1.00,0,2,0,0
17521,Clientes Leais,30,3,723.21,38,199,241.07,173.00,United Kingdom,1.00,1,0,3,0
17522,Campeões,2,5,1066.15,58,218,213.23,204.40,United Kingdom,1.00,3,1,3,0
17523,Novos Clientes,11,4,652.74,25,19,163.19,218.00,United Kingdom,1.00,0,2,3,0
17524,Perdidos / Inativos,361,1,145.00,6,361,145.00,90.00,United Kingdom,1.00,2,0,1,0
17525,Perdidos / Inativos,360,1,422.70,9,360,422.70,82.00,United Kingdom,1.00,2,0,1,0
17526,Clientes Leais,5,4,1195.90,17,366,298.97,77.50,United Kingdom,0.98,1,1,2,0
17527,Clientes Leais,54,4,939.37,45,218,234.84,122.00,United Kingdom,1.00,1,0,3,0
17528,Campeões,1,8,3628.50,183,71,453.56,267.25,United Kingdom,1.00,3,1,3,0
17530,Campeões,1,10,2380.41,305,365,238.04,152.30,United Kingdom,1.00,3,3,2,0
17531,Perdidos / Inativos,190,1,296.70,14,190,296.70,136.00,United Kingdom,1.00,2,0,1,0
17534,Novos Clientes,54,1,223.36,9,54,223.36,103.00,United Kingdom,1.00,0,2,0,0
17535,Perdidos / Inativos,280,1,164.40,13,280,164.40,136.00,United Kingdom,1.00,2,0,1,0
17536,Perdidos / Inativos,177,1,76.50,3,177,76.50,6.00,United Kingdom,1.00,2,2,1,0
17537,Clientes Leais,30,2,897.62,74,303,448.81,350.00,United Kingdom,0.73,1,1,3,0
17538,Novos Clientes,26,1,98.42,9,26,98.42,134.00,United Kingdom,1.00,0,2,0,0
17540,Clientes Leais,25,2,578.90,20,316,289.45,97.00,United Kingdom,0.64,1,0,2,0
17542,Perdidos / Inativos,270,1,170.75,24,270,170.75,134.00,United Kingdom,1.00,2,0,1,0
17545,Novos Clientes,43,3,645.96,122,43,215.32,113.67,United Kingdom,1.00,0,1,3,0
17548,Perdidos / Inativos,234,1,103.30,5,234,103.30,58.00,United Kingdom,1.00,2,0,1,0
17549,Novos Clientes,24,2,148.86,5,52,74.43,105.00,United Kingdom,1.00,0,2,3,0
17550,Perdidos / Inativos,197,3,267.16,42,243,89.05,28.67,United Kingdom,1.00,2,0,3,0
17551,Perdidos / Inativos,359,1,306.84,39,359,306.84,150.00,United Kingdom,1.00,2,0,1,0
17552,Clientes Leais,60,4,930.41,43,372,232.60,179.75,United Kingdom,0.60,1,0,3,0
17553,Perdidos / Inativos,130,1,1487.60,2,130,1487.60,1048.00,United Kingdom,0.95,2,0,1,0
17554,Campeões,1,5,1952.45,58,148,390.49,352.60,United Kingdom,1.00,3,1,3,0
17555,Clientes Leais,20,2,483.26,101,335,241.63,174.50,United Kingdom,0.88,1,1,2,0
17556,Perdidos / Inativos,206,1,157.90,6,206,157.90,101.00,United Kingdom,1.00,2,0,1,0
17557,Novos Clientes,14,3,541.46,27,81,180.49,102.00,United Kingdom,1.00,0,2,3,0
17560,Clientes Leais,95,4,854.95,22,311,213.74,158.75,United Kingdom,0.83,1,0,3,0
17561,Novos Clientes,19,1,167.62,44,19,167.62,146.00,United Kingdom,1.00,0,2,0,0
17562,Clientes Leais,14,7,1122.38,48,173,160.34,116.71,United Kingdom,1.00,1,1,3,0
17564,Novos Clientes,24,3,454.01,38,80,151.34,48.67,United Kingdom,1.00,0,2,3,0
17566,Novos Clientes,8,2,901.21,113,25,450.61,259.00,United Kingdom,1.00,0,2,3,0
17567,Campeões,7,8,4331.48,110,372,541.43,329.00,United Kingdom,0.94,3,3,2,0
17569,Perdidos / Inativos,332,1,344.14,29,332,344.14,159.00,United Kingdom,1.00,2,0,1,0
17571,Clientes Leais,50,4,1497.26,246,298,374.31,226.00,United Kingdom,0.95,1,1,3,0
17572,Perdidos / Inativos,71,4,226.75,7,373,56.69,23.75,United Kingdom,0.65,2,0,3,0
17573,Novos Clientes,29,3,380.60,24,94,126.87,102.67,United Kingdom,1.00,0,2,3,0
17574,Perdidos / Inativos,243,1,185.65,8,243,185.65,77.00,United Kingdom,1.00,2,0,1,0
17576,Campeões,8,19,3622.68,245,365,190.67,104.95,United Kingdom,1.00,3,3,2,0
17578,Perdidos / Inativos,218,1,143.46,5,218,143.46,138.00,United Kingdom,1.00,2,0,1,0
17579,Novos Clientes,5,3,448.90,46,179,149.63,86.00,United Kingdom,1.00,0,0,3,0
17580,Perdidos / Inativos,253,3,212.77,42,358,70.92,29.00,United Kingdom,0.63,2,0,3,0
17581,Campeões,1,25,11045.04,229,372,441.80,237.08,United Kingdom,1.00,3,3,2,0
17582,Perdidos / Inativos,236,1,175.27,28,236,175.27,123.00,United Kingdom,1.00,2,0,1,0
17584,Novos Clientes,7,2,1242.30,30,127,621.15,229.00,United Kingdom,1.00,0,0,3,0
17585,Clientes Leais,109,4,1133.07,176,338,283.27,417.75,United Kingdom,0.73,1,1,3,0
17588,Clientes Leais,100,3,1240.20,19,233,413.40,225.33,United Kingdom,1.00,1,0,3,0
17589,Clientes Leais,60,4,2402.92,171,240,600.73,407.50,United Kingdom,1.00,1,1,3,0
17590,Novos Clientes,2,3,1477.97,161,40,492.66,275.67,United Kingdom,1.00,0,1,3,0
17591,Clientes Leais,73,7,2225.97,81,367,318.00,144.14,United Kingdom,0.54,1,1,2,0
17593,Campeões,4,5,3927.34,190,353,785.47,620.20,United Kingdom,0.94,3,3,2,0
17594,Clientes Leais,85,2,993.18,42,255,496.59,275.00,United Kingdom,1.00,1,0,3,0
17595,Novos Clientes,12,2,388.79,68,37,194.40,114.50,United Kingdom,1.00,0,2,3,0
17596,Campeões,23,7,2827.93,168,369,403.99,628.57,United Kingdom,0.71,3,1,2,0
17597,Clientes Leais,214,1,2044.37,55,214,2044.37,1176.00,United Kingdom,1.00,1,0,1,0
17600,Novos Clientes,18,1,161.67,13,18,161.67,144.00,United Kingdom,1.00,0,2,0,0
17601,Perdidos / Inativos,239,1,116.01,9,239,116.01,103.00,United Kingdom,1.00,2,0,1,0
17602,Campeões,2,6,5102.97,335,324,850.50,691.83,United Kingdom,0.85,3,3,2,0
17603,Novos Clientes,78,1,394.72,11,78,394.72,74.00,United Kingdom,1.00,0,2,0,0
17604,Perdidos / Inativos,217,2,309.36,57,312,154.68,84.50,United Kingdom,0.87,2,0,3,0
17608,Novos Clientes,33,2,193.42,54,33,96.71,116.00,United Kingdom,1.00,0,2,3,0
17609,Clientes Leais,41,5,1104.72,198,327,220.94,139.20,United Kingdom,0.57,1,1,3,0
17611,Campeões,7,15,3984.22,440,361,265.61,170.67,United Kingdom,1.00,3,3,2,0
17612,Clientes Leais,53,6,2048.45,116,298,341.41,301.33,United Kingdom,0.90,1,1,3,0
17613,Campeões,23,14,4559.15,211,306,325.65,178.29,United Kingdom,0.91,3,3,2,0
17614,Novos Clientes,57,1,390.07,97,57,390.07,238.00,United Kingdom,1.00,0,2,0,0
17615,Perdidos / Inativos,130,3,329.60,13,222,109.87,46.67,United Kingdom,1.00,2,0,3,0
17616,Perdidos / Inativos,174,3,571.20,1,368,190.40,74.67,United Kingdom,0.85,2,0,2,0
17618,Clientes Leais,6,3,971.58,56,362,323.86,110.33,United Kingdom,0.97,1,1,2,0
17619,Perdidos / Inativos,312,1,218.52,71,312,218.52,127.00,United Kingdom,1.00,2,0,1,0
17620,Novos Clientes,60,1,81.44,4,60,81.44,60.00,United Kingdom,1.00,0,2,0,0
17621,Clientes Leais,21,3,1379.90,24,354,459.97,171.33,United Kingdom,0.90,1,1,2,0
17623,Novos Clientes,33,1,527.05,33,33,527.05,265.00,United Kingdom,1.00,0,2,0,0
17624,Clientes Leais,15,2,843.48,49,218,421.74,277.00,United Kingdom,1.00,1,1,3,0
17625,Clientes Leais,18,4,2047.00,223,258,511.75,299.50,United Kingdom,1.00,1,1,3,0
17628,Novos Clientes,81,1,75.75,5,81,75.75,79.00,United Kingdom,1.00,0,2,0,0
17629,Campeões,6,8,1814.12,106,360,226.76,203.62,United Kingdom,0.95,3,3,2,0
17630,Perdidos / Inativos,170,2,503.60,24,232,251.80,79.00,United Kingdom,1.00,2,0,3,0
17631,Clientes Leais,2,3,528.33,39,232,176.11,111.33,United Kingdom,1.00,1,1,3,0
17633,Clientes Leais,31,4,1324.84,59,120,331.21,161.00,United Kingdom,1.00,1,2,3,0
17634,Campeões,36,9,2361.97,209,338,262.44,93.33,United Kingdom,0.79,3,1,2,0
17636,Novos Clientes,19,1,285.56,20,19,285.56,182.00,United Kingdom,1.00,0,2,0,0
17637,Novos Clientes,31,2,547.06,35,115,273.53,140.00,United Kingdom,1.00,0,2,3,0
17639,Perdidos / Inativos,276,1,108.50,7,276,108.50,49.00,United Kingdom,1.00,2,0,1,0
17640,Novos Clientes,87,1,621.66,5,87,621.66,250.00,United Kingdom,1.00,0,2,0,0
17642,Clientes Leais,120,2,712.29,34,176,356.14,237.00,United Kingdom,1.00,1,0,3,0
17643,Perdidos / Inativos,373,1,101.55,8,373,101.55,71.00,United Kingdom,1.00,2,0,1,0
17644,Campeões,1,11,2895.64,102,261,263.24,163.00,United Kingdom,0.94,3,3,3,0
17646,Clientes Leais,219,3,1008.39,46,365,336.13,107.67,United Kingdom,0.84,1,0,3,0
17647,Novos Clientes,65,1,133.06,7,65,133.06,30.00,United Kingdom,1.00,0,2,0,0
17648,Clientes Leais,61,4,1797.50,81,250,449.38,121.75,United Kingdom,1.00,1,1,3,0
17649,Novos Clientes,138,1,868.49,52,138,868.49,399.00,United Kingdom,1.00,0,2,1,0
17650,Novos Clientes,21,1,166.08,8,21,166.08,150.00,United Kingdom,1.00,0,2,0,0
17651,Campeões,12,10,3945.00,149,177,394.50,311.20,United Kingdom,1.00,3,3,3,0
17652,Campeões,25,12,4867.72,118,281,405.64,209.08,United Kingdom,0.54,3,3,3,0
17653,Clientes Leais,37,4,1207.56,44,120,301.89,352.25,United Kingdom,1.00,1,2,3,0
17654,Perdidos / Inativos,277,1,117.55,22,277,117.55,41.00,United Kingdom,1.00,2,0,1,0
17655,Campeões,11,7,2638.94,66,366,376.99,159.43,United Kingdom,0.90,3,1,2,0
17656,Clientes Leais,73,5,1674.69,67,129,334.94,279.80,United Kingdom,1.00,1,1,3,0
17658,Novos Clientes,26,2,595.42,17,211,297.71,308.00,United Kingdom,1.00,0,0,3,0
17659,Campeões,17,12,2999.46,127,372,249.96,127.08,United Kingdom,0.97,3,3,2,0
17660,Perdidos / Inativos,141,1,196.00,37,141,196.00,130.00,United Kingdom,1.00,2,0,1,0
17663,Clientes Leais,26,7,1802.91,63,287,257.56,113.86,United Kingdom,0.89,1,1,3,0
17664,Clientes Leais,19,2,604.64,41,212,302.32,302.00,United Kingdom,1.00,1,1,3,0
17666,Novos Clientes,4,2,728.16,14,66,364.08,298.00,United Kingdom,1.00,0,2,3,0
17667,Clientes Leais,66,5,2055.51,85,299,411.10,206.60,United Kingdom,0.92,1,1,3,0
17668,Novos Clientes,1,2,347.75,14,38,173.88,46.50,United Kingdom,1.00,0,2,3,0
17669,Clientes Leais,43,7,3406.72,45,250,486.67,273.71,United Kingdom,0.99,1,1,3,0
17670,Perdidos / Inativos,228,1,205.70,11,228,205.70,110.00,United Kingdom,1.00,2,0,1,0
17671,Clientes Leais,16,4,1572.71,40,365,393.18,193.00,United Kingdom,0.85,1,1,2,0
17672,Clientes Leais,50,2,3178.17,105,309,1589.09,845.00,United Kingdom,0.55,1,0,3,0
17673,Campeões,2,6,1629.12,118,320,271.52,247.83,United Kingdom,0.86,3,3,2,0
17674,Perdidos / Inativos,74,2,551.04,19,369,275.52,336.00,United Kingdom,0.60,2,0,2,0
17675,Campeões,1,31,20374.28,239,367,657.23,269.68,United Kingdom,1.00,3,3,2,0
17676,Campeões,4,6,1387.68,49,366,231.28,155.33,United Kingdom,0.96,3,3,2,0
17677,Campeões,2,30,16363.23,178,369,545.44,325.83,United Kingdom,1.00,3,3,2,0
17678,Perdidos / Inativos,264,1,298.11,16,264,298.11,207.00,United Kingdom,1.00,2,0,1,0
17679,Novos Clientes,53,2,1992.11,29,86,996.06,364.50,United Kingdom,1.00,0,2,3,0
17680,Novos Clientes,24,1,184.40,11,24,184.40,96.00,United Kingdom,1.00,0,2,0,0
17682,Campeões,10,6,2474.33,48,368,412.39,227.83,United Kingdom,0.92,3,1,2,0
17684,Novos Clientes,44,1,239.41,15,44,239.41,145.00,United Kingdom,1.00,0,2,0,0
17685,Campeões,17,7,3191.53,88,372,455.93,279.43,United Kingdom,0.82,3,3,2,0
17686,Campeões,7,7,5739.46,205,303,819.92,354.00,United Kingdom,0.61,3,3,3,0
17690,Campeões,30,15,4757.95,186,373,317.20,118.20,United Kingdom,0.99,3,3,2,0
17691,Perdidos / Inativos,358,2,290.40,18,369,145.20,67.00,United Kingdom,0.86,2,0,3,0
17692,Clientes Leais,127,4,725.58,33,359,181.39,156.00,United Kingdom,0.73,1,0,3,0
17693,Perdidos / Inativos,137,1,200.47,16,137,200.47,231.00,United Kingdom,1.00,2,0,1,0
17694,Perdidos / Inativos,142,1,283.12,15,142,283.12,184.00,United Kingdom,1.00,2,0,1,0
17695,Clientes Leais,132,2,765.34,30,172,382.67,389.50,United Kingdom,1.00,1,0,3,0
17696,Campeões,38,8,2285.71,78,365,285.71,219.50,United Kingdom,0.76,3,1,2,0
17697,Perdidos / Inativos,236,1,338.95,19,236,338.95,93.00,United Kingdom,1.00,2,0,1,0
17698,Perdidos / Inativos,261,1,154.95,8,261,154.95,93.00,United Kingdom,1.00,2,0,1,0
17700,Clientes Leais,17,4,2534.64,116,281,633.66,316.50,United Kingdom,0.97,1,1,3,0
17701,Perdidos / Inativos,253,1,417.95,24,253,417.95,109.00,United Kingdom,1.00,2,0,1,0
17702,Clientes Leais,30,4,1824.37,58,206,456.09,338.25,United Kingdom,1.00,1,1,3,0
17703,Clientes Leais,35,3,798.74,47,138,266.25,196.67,United Kingdom,1.00,1,2,3,0
17704,Perdidos / Inativos,169,2,885.19,27,240,442.60,171.50,United Kingdom,1.00,2,0,3,0
17705,Campeões,3,9,1823.52,63,302,202.61,107.00,United Kingdom,0.74,3,3,2,0
17706,Campeões,4,17,10504.49,270,367,617.91,229.35,United Kingdom,1.00,3,3,2,0
17707,Perdidos / Inativos,185,2,152.40,3,336,76.20,72.00,United Kingdom,0.78,2,0,3,0
17708,Perdidos / Inativos,188,2,267.08,28,325,133.54,45.50,United Kingdom,0.82,2,0,3,0
17709,Perdidos / Inativos,170,1,137.45,7,170,137.45,17.00,United Kingdom,1.00,2,0,1,0
17711,Clientes Leais,11,2,385.10,22,290,192.55,123.00,United Kingdom,0.75,1,1,3,0
17712,Novos Clientes,45,1,522.91,29,45,522.91,215.00,United Kingdom,1.00,0,2,0,0
17714,Perdidos / Inativos,321,1,153.00,10,321,153.00,92.00,United Kingdom,1.00,2,0,1,0
17715,Perdidos / Inativos,201,1,326.40,1,201,326.40,384.00,United Kingdom,1.00,2,0,1,0
17716,Campeões,23,11,5655.99,171,268,514.18,279.27,United Kingdom,0.92,3,3,3,0
17718,Perdidos / Inativos,232,1,139.35,6,232,139.35,83.00,United Kingdom,1.00,2,0,1,0
17719,Campeões,38,15,5396.04,111,256,359.74,164.40,United Kingdom,0.68,3,3,3,0
17720,Clientes Leais,26,4,1195.94,39,368,298.99,144.00,United Kingdom,0.70,1,1,2,0
17722,Clientes Leais,96,4,2424.04,111,367,606.01,398.75,United Kingdom,0.76,1,1,3,0
17723,Clientes Leais,127,6,3276.40,4,214,546.07,132.00,United Kingdom,0.94,1,1,3,-1
17724,Clientes Leais,71,3,1033.00,38,138,344.33,100.00,United Kingdom,1.00,1,2,3,0
17725,Campeões,16,11,3439.08,115,267,312.64,196.55,United Kingdom,0.91,3,3,3,0
17727,Novos Clientes,15,1,1060.25,66,15,1060.25,645.00,United Kingdom,1.00,0,2,0,0
17728,Clientes Leais,4,3,2876.01,153,87,958.67,489.67,United Kingdom,1.00,1,1,3,0
17730,Campeões,3,13,5298.48,127,326,407.58,275.08,United Kingdom,0.99,3,3,2,0
17731,Clientes Leais,79,4,1240.11,54,183,310.03,123.25,United Kingdom,1.00,1,1,3,0
17732,Perdidos / Inativos,373,1,303.97,18,373,303.97,93.00,United Kingdom,1.00,2,0,1,0
17733,Clientes Leais,39,2,692.19,33,262,346.10,231.50,United Kingdom,0.99,1,0,3,0
17734,Clientes Leais,54,3,700.63,40,234,233.54,140.67,United Kingdom,1.00,1,0,3,0
17735,Campeões,2,19,13110.02,319,368,690.00,444.16,United Kingdom,1.00,3,3,2,0
17736,Novos Clientes,9,3,377.44,24,113,125.81,79.33,United Kingdom,1.00,0,0,3,0
17737,Novos Clientes,9,2,168.24,8,58,84.12,54.00,United Kingdom,1.00,0,2,3,0
17738,Clientes Leais,19,4,1879.05,89,282,469.76,257.25,United Kingdom,0.97,1,1,3,0
17739,Campeões,12,7,2791.35,29,360,398.76,123.00,United Kingdom,0.96,3,1,2,0
17742,Perdidos / Inativos,113,2,355.11,13,333,177.56,44.50,United Kingdom,0.66,2,0,3,0
17744,Campeões,4,6,2322.40,110,358,387.07,568.67,United Kingdom,0.95,3,3,2,0
17746,Perdidos / Inativos,240,1,110.25,6,240,110.25,29.00,United Kingdom,1.00,2,0,1,0
17747,Perdidos / Inativos,113,1,71.40,1,113,71.40,12.00,United Kingdom,0.99,2,2,0,0
17749,Perdidos / Inativos,178,2,674.52,33,256,337.26,160.00,United Kingdom,1.00,2,0,3,0
17750,Campeões,5,9,1781.28,100,164,197.92,434.00,United Kingdom,1.00,3,1,3,0
17752,Perdidos / Inativos,359,1,80.64,1,359,80.64,192.00,United Kingdom,1.00,2,0,1,0
17754,Campeões,1,5,1772.26,82,260,354.45,373.80,United Kingdom,0.99,3,1,3,0
17757,Campeões,1,30,5601.34,274,372,186.71,110.63,United Kingdom,1.00,3,3,2,0
17758,Campeões,19,8,3456.70,310,250,432.09,261.38,United Kingdom,1.00,3,3,3,0
17759,Clientes Leais,17,3,833.74,81,169,277.91,235.67,United Kingdom,1.00,1,1,3,0
17760,Clientes Leais,22,2,287.59,25,373,143.79,119.50,United Kingdom,0.91,1,0,2,0
17761,Novos Clientes,33,1,712.78,19,33,712.78,398.00,United Kingdom,1.00,0,2,0,0
17763,Perdidos / Inativos,263,1,15.00,1,263,15.00,12.00,United Kingdom,1.00,2,0,1,0
17764,Clientes Leais,51,2,818.82,71,211,409.41,197.50,United Kingdom,1.00,1,0,3,0
17765,Clientes Leais,159,3,371.88,51,257,123.96,48.00,United Kingdom,1.00,1,0,3,0
17767,Novos Clientes,15,1,271.20,21,15,271.20,128.00,United Kingdom,1.00,0,2,0,0
17768,Clientes Leais,8,3,2273.18,77,166,757.73,395.33,United Kingdom,1.00,1,1,3,0
17769,Campeões,13,10,3997.98,200,321,399.80,186.20,United Kingdom,0.80,3,3,2,0
17770,Clientes Leais,199,5,1143.27,33,282,228.65,73.00,United Kingdom,0.97,1,0,3,0
17771,Clientes Leais,57,2,245.33,50,323,122.67,141.50,United Kingdom,0.50,1,1,3,0
17772,Novos Clientes,11,2,182.77,50,11,91.39,29.00,United Kingdom,1.00,0,2,3,0
17774,Clientes Leais,97,4,1225.41,123,305,306.35,128.00,United Kingdom,0.93,1,1,3,0
17775,Perdidos / Inativos,255,1,56.40,3,255,56.40,72.00,United Kingdom,1.00,2,0,1,0
17777,Clientes Leais,25,3,665.86,141,100,221.95,169.00,United Kingdom,1.00,1,1,3,0
17779,Clientes Leais,21,3,658.57,73,144,219.52,132.33,United Kingdom,1.00,1,1,3,0
17781,Perdidos / Inativos,159,2,188.02,12,253,94.01,17.00,United Kingdom,1.00,2,0,3,0
17783,Clientes Leais,72,2,283.47,67,248,141.74,177.00,United Kingdom,1.00,1,1,3,0
17785,Novos Clientes,53,1,131.94,13,53,131.94,67.00,United Kingdom,1.00,0,2,0,0
17786,Clientes Leais,85,2,278.74,57,317,139.37,100.00,United Kingdom,0.69,1,1,3,0
17787,Clientes Leais,153,4,1865.19,94,371,466.30,227.50,United Kingdom,0.84,1,1,3,0
17788,Novos Clientes,74,2,1112.95,2,130,556.48,105.00,United Kingdom,1.00,0,0,3,0
17789,Perdidos / Inativos,281,1,225.90,14,281,225.90,74.00,United Kingdom,1.00,2,0,1,0
17790,Campeões,27,14,1965.55,121,365,140.40,59.71,United Kingdom,0.99,3,1,2,0
17791,Novos Clientes,30,1,106.10,10,30,106.10,46.00,United Kingdom,1.00,0,2,0,0
17793,Novos Clientes,25,1,323.04,49,25,323.04,232.00,United Kingdom,1.00,0,2,0,0
17795,Perdidos / Inativos,180,2,350.39,43,265,175.19,170.50,United Kingdom,1.00,2,0,3,0
17796,Clientes Leais,40,4,697.90,63,370,174.47,44.50,United Kingdom,0.57,1,1,2,0
17797,Clientes Leais,22,3,780.43,102,183,260.14,166.00,United Kingdom,1.00,1,1,3,0
17799,Campeões,22,10,3055.93,280,361,305.59,175.80,United Kingdom,0.91,3,3,2,0
17800,Clientes Leais,37,9,1198.01,50,334,133.11,81.67,United Kingdom,0.84,1,1,2,0
17802,Clientes Leais,82,3,1285.04,102,372,428.35,250.67,United Kingdom,0.68,1,0,3,0
17805,Novos Clientes,74,1,512.31,10,74,512.31,478.00,United Kingdom,1.00,0,2,0,0
17806,Novos Clientes,11,1,546.04,43,11,546.04,727.00,United Kingdom,1.00,0,2,0,0
17809,Campeões,16,12,5411.91,46,374,450.99,171.42,United Kingdom,0.99,3,3,2,0
17811,Campeões,4,39,7831.03,358,334,200.80,107.08,United Kingdom,1.00,3,3,2,0
17812,Clientes Leais,13,4,732.16,113,368,183.04,87.50,United Kingdom,0.90,1,1,2,0
17813,Clientes Leais,14,5,1770.88,297,71,354.18,158.00,United Kingdom,1.00,1,1,3,0
17816,Perdidos / Inativos,37,4,36.56,16,365,9.14,7.50,United Kingdom,0.98,2,0,2,-1
17817,Clientes Leais,4,3,387.68,32,277,129.23,22.33,United Kingdom,0.94,1,1,3,0
17819,Clientes Leais,72,7,3704.87,36,371,529.27,147.29,United Kingdom,0.78,1,1,2,0
17824,Novos Clientes,51,1,298.40,13,51,298.40,408.00,United Kingdom,1.00,0,2,0,0
17827,Campeões,5,5,1995.46,190,365,399.09,249.40,United Kingdom,0.94,3,3,2,0
17828,Clientes Leais,23,4,1165.09,53,185,291.27,163.75,Malta,1.00,1,1,3,0
17829,Perdidos / Inativos,299,1,889.24,30,299,889.24,496.00,United Arab Emirates,1.00,2,0,1,0
17830,Clientes Leais,2,3,398.70,18,289,132.90,30.67,United Kingdom,0.59,1,1,3,0
17831,Novos Clientes,33,1,35.40,2,33,35.40,12.00,United Kingdom,1.00,0,2,0,0
17832,Novos Clientes,50,1,155.37,61,50,155.37,208.00,United Kingdom,1.00,0,2,0,0
17835,Novos Clientes,3,3,350.64,45,23,116.88,116.00,United Kingdom,1.00,0,2,3,0
17836,Novos Clientes,47,1,109.83,22,47,109.83,87.00,United Kingdom,1.00,0,2,0,0
17837,Clientes Leais,42,8,1587.48,109,163,198.44,64.50,United Kingdom,1.00,1,1,3,0
17838,Clientes Leais,27,5,2779.30,96,372,555.86,375.80,United Kingdom,0.62,1,1,2,0
17839,Novos Clientes,42,1,338.80,50,42,338.80,285.00,United Kingdom,1.00,0,2,0,0
17841,Campeões,2,124,40967.72,1322,373,330.38,185.91,United Kingdom,1.00,3,3,2,-1
17843,Perdidos / Inativos,303,1,197.73,35,303,197.73,88.00,United Kingdom,1.00,2,0,1,0
17844,Perdidos / Inativos,107,1,51.56,5,107,51.56,52.00,Canada,1.00,2,2,0,0
17848,Clientes Leais,81,9,901.20,41,358,100.13,44.22,United Kingdom,0.86,1,1,2,0
17849,Perdidos / Inativos,218,4,605.80,14,334,151.45,28.50,United Kingdom,0.76,2,0,3,0
17850,Campeões,372,34,5391.21,21,374,158.56,50.97,United Kingdom,1.00,3,1,2,-1
17852,Novos Clientes,12,2,114.34,21,12,57.17,26.50,United Kingdom,1.00,0,2,3,0
17854,Perdidos / Inativos,185,2,311.26,15,227,155.63,42.00,United Kingdom,1.00,2,0,3,0
17855,Perdidos / Inativos,373,1,208.97,17,373,208.97,197.00,United Kingdom,1.00,2,0,1,0
17856,Clientes Leais,2,4,1418.03,12,282,354.51,210.50,United Kingdom,0.74,1,1,2,0
17857,Campeões,4,22,25301.54,18,366,1150.07,673.73,United Kingdom,1.00,3,3,2,-1
17858,Campeões,6,12,5155.66,101,369,429.64,225.50,United Kingdom,0.99,3,3,2,0
17859,Perdidos / Inativos,305,1,148.21,23,305,148.21,127.00,United Kingdom,1.00,2,0,1,0
17860,Perdidos / Inativos,369,1,252.80,49,369,252.80,104.00,United Kingdom,1.00,2,0,1,0
17861,Campeões,3,8,2100.80,172,320,262.60,248.50,United Kingdom,0.86,3,3,2,0
17862,Perdidos / Inativos,324,1,330.90,11,324,330.90,100.00,United Kingdom,1.00,2,0,1,0
17863,Clientes Leais,59,6,3160.00,110,369,526.67,439.67,United Kingdom,0.56,1,1,3,0
17864,Clientes Leais,13,3,597.50,70,276,199.17,270.00,United Kingdom,0.98,1,1,3,0
17865,Campeões,31,20,10524.22,190,364,526.21,287.80,United Kingdom,1.00,3,3,2,0
17866,Perdidos / Inativos,143,1,329.65,9,143,329.65,174.00,United Kingdom,1.00,2,0,1,0
17867,Clientes Leais,30,6,1197.10,62,289,199.52,90.33,United Kingdom,0.93,1,1,3,0
17869,Clientes Leais,107,5,428.18,37,368,85.64,22.20,United Kingdom,0.56,1,0,3,0
17870,Campeões,2,12,1894.35,214,367,157.86,116.75,United Kingdom,1.00,3,3,2,0
17871,Perdidos / Inativos,205,1,155.90,10,205,155.90,182.00,United Kingdom,1.00,2,0,1,0
17873,Clientes Leais,80,5,1729.78,23,373,345.96,209.20,United Kingdom,0.54,1,0,2,0
17874,Clientes Leais,185,6,683.46,37,256,113.91,36.83,United Kingdom,1.00,1,0,3,0
17877,Perdidos / Inativos,170,1,237.61,12,170,237.61,98.00,United Kingdom,1.00,2,0,1,0
17878,Novos Clientes,44,1,379.45,26,44,379.45,401.00,United Kingdom,1.00,0,2,0,0
17879,Perdidos / Inativos,174,1,178.52,6,174,178.52,45.00,United Kingdom,1.00,2,0,1,0
17880,Perdidos / Inativos,365,1,458.92,26,365,458.92,314.00,United Kingdom,1.00,2,0,1,0
17881,Perdidos / Inativos,304,1,133.35,8,304,133.35,32.00,United Kingdom,1.00,2,0,1,0
17883,Clientes Leais,3,4,671.77,133,246,167.94,94.75,United Kingdom,1.00,1,1,3,0
17884,Campeões,4,4,717.45,107,372,179.36,213.50,United Kingdom,0.98,3,1,2,0
17885,Novos Clientes,12,1,190.19,50,12,190.19,167.00,United Kingdom,1.00,0,2,0,0
17886,Clientes Leais,32,3,899.61,93,250,299.87,160.33,United Kingdom,1.00,1,1,3,0
17887,Perdidos / Inativos,129,1,111.35,10,129,111.35,30.00,United Kingdom,0.99,2,2,1,0
17888,Clientes Leais,21,8,726.05,60,357,90.76,122.50,United Kingdom,0.91,1,1,2,0
17889,Perdidos / Inativos,212,2,203.87,20,322,101.94,39.50,United Kingdom,0.85,2,0,3,0
17890,Clientes Leais,323,2,602.09,88,361,301.05,208.00,United Kingdom,0.79,1,0,3,0
17891,Perdidos / Inativos,162,1,203.86,34,162,203.86,393.00,United Kingdom,1.00,2,0,1,0
17892,Novos Clientes,56,3,244.10,27,155,81.37,36.33,United Kingdom,1.00,0,0,3,0
17893,Perdidos / Inativos,225,1,112.25,15,225,112.25,161.00,United Kingdom,1.00,2,0,1,0
17894,Clientes Leais,72,8,1119.39,126,366,139.92,50.38,United Kingdom,0.80,1,1,2,0
17895,Novos Clientes,44,1,98.00,15,44,98.00,130.00,United Kingdom,1.00,0,2,0,0
17896,Novos Clientes,23,1,256.32,2,23,256.32,288.00,United Kingdom,1.00,0,2,0,0
17897,Clientes Leais,173,3,566.60,100,374,188.87,76.33,United Kingdom,0.72,1,1,3,0
17898,Perdidos / Inativos,85,2,152.06,27,207,76.03,95.00,United Kingdom,1.00,2,0,3,0
17899,Perdidos / Inativos,159,1,155.80,29,159,155.80,171.00,United Kingdom,1.00,2,0,1,0
17900,Perdidos / Inativos,190,2,112.20,4,190,56.10,36.50,United Kingdom,1.00,2,0,3,0
17901,Novos Clientes,29,1,110.38,19,29,110.38,24.00,United Kingdom,1.00,0,2,0,0
17904,Novos Clientes,21,1,191.67,33,21,191.67,63.00,United Kingdom,1.00,0,2,0,0
17905,Clientes Leais,71,4,800.24,33,373,200.06,101.75,United Kingdom,0.64,1,0,3,0
17906,Perdidos / Inativos,247,1,72.90,12,247,72.90,26.00,United Kingdom,1.00,2,0,1,0
17908,Perdidos / Inativos,374,1,243.28,51,374,243.28,173.00,United Kingdom,1.00,2,0,1,0
17911,Novos Clientes,9,1,366.23,39,9,366.23,223.00,United Kingdom,0.99,0,2,0,0
17912,Perdidos / Inativos,310,5,311.01,35,365,62.20,37.00,United Kingdom,0.62,2,0,3,0
17913,Clientes Leais,59,2,411.60,55,356,205.80,144.50,United Kingdom,0.69,1,1,2,0
17914,Novos Clientes,4,1,336.43,72,4,336.43,473.00,United Kingdom,1.00,0,2,3,0
17917,Clientes Leais,45,3,341.28,77,363,113.76,62.33,United Kingdom,0.78,1,1,2,0
17919,Novos Clientes,88,1,1304.04,23,88,1304.04,756.00,United Kingdom,1.00,0,2,0,0
17920,Campeões,4,17,4192.20,406,374,246.60,147.88,United Kingdom,1.00,3,3,2,0
17921,Clientes Leais,64,4,826.52,114,266,206.63,107.50,United Kingdom,1.00,1,1,3,0
17923,Perdidos / Inativos,282,1,207.50,1,282,207.50,50.00,United Kingdom,1.00,2,0,1,0
17924,Campeões,12,7,2962.50,26,374,423.21,165.71,United Kingdom,0.97,3,1,2,0
17925,Perdidos / Inativos,373,1,244.08,1,373,244.08,72.00,United Kingdom,1.00,2,0,1,0
17926,Perdidos / Inativos,133,2,397.29,17,204,198.65,153.00,United Kingdom,1.00,2,0,3,0
17928,Perdidos / Inativos,45,2,184.46,22,246,92.23,34.00,United Kingdom,1.00,2,0,3,0
17929,Clientes Leais,11,4,843.00,4,309,210.75,27.00,United Kingdom,0.91,1,1,2,0
17930,Clientes Leais,36,5,1740.48,26,239,348.10,318.80,United Kingdom,1.00,1,1,3,0
17931,Clientes Leais,134,2,408.36,63,256,204.18,124.50,United Kingdom,1.00,1,0,3,0
17932,Clientes Leais,29,3,1331.57,84,211,443.86,263.00,United Kingdom,1.00,1,1,3,0
17934,Novos Clientes,52,2,704.25,21,59,352.12,239.00,United Kingdom,1.00,0,2,3,0
17935,Perdidos / Inativos,138,2,142.89,27,142,71.44,40.50,United Kingdom,1.00,2,0,3,0
17936,Novos Clientes,5,1,389.84,68,5,389.84,262.00,United Kingdom,0.97,0,2,3,0
17937,Campeões,9,7,4301.22,19,362,614.46,250.57,United Kingdom,0.99,3,1,2,0
17939,Perdidos / Inativos,160,1,99.14,12,160,99.14,40.00,United Kingdom,1.00,2,0,1,0
17940,Clientes Leais,49,9,2238.58,5,303,248.73,1083.78,United Kingdom,0.99,1,1,2,0
17941,Perdidos / Inativos,131,1,304.56,2,131,304.56,252.00,United Kingdom,0.99,2,0,1,0
17942,Novos Clientes,8,1,77.50,2,8,77.50,38.00,United Kingdom,1.00,0,2,0,0
17946,Perdidos / Inativos,233,2,149.58,18,259,74.79,37.50,United Kingdom,1.00,2,0,3,0
17947,Novos Clientes,37,1,176.68,9,37,176.68,168.00,United Kingdom,1.00,0,2,0,0
17948,Perdidos / Inativos,147,1,358.56,1,147,358.56,144.00,United Kingdom,1.00,2,0,1,0
17949,Campeões,1,44,58030.48,28,371,1318.87,692.05,United Kingdom,1.00,3,3,2,-1
17950,Clientes Leais,72,3,482.20,63,365,160.73,122.00,United Kingdom,0.51,1,1,3,0
17951,Clientes Leais,40,3,1008.54,18,374,336.18,205.33,United Kingdom,0.73,1,0,2,0
17954,Campeões,5,12,2332.72,326,371,194.39,186.17,United Kingdom,0.99,3,3,2,0
17955,Perdidos / Inativos,199,4,557.30,14,220,139.32,68.25,United Kingdom,1.00,2,0,3,0
17956,Perdidos / Inativos,249,1,12.75,1,249,12.75,1.00,United Kingdom,1.00,2,0,1,0
17957,Novos Clientes,66,1,110.72,30,66,110.72,275.00,United Kingdom,1.00,0,2,0,0
17958,Novos Clientes,117,1,508.46,7,117,508.46,84.00,United Kingdom,0.92,0,2,0,0
17960,Perdidos / Inativos,171,1,73.78,26,171,73.78,41.00,United Kingdom,1.00,2,0,1,0
17961,Campeões,21,39,1296.44,211,372,33.24,14.36,United Kingdom,1.00,3,3,2,-1
17962,Perdidos / Inativos,142,1,102.83,33,142,102.83,128.00,United Kingdom,1.00,2,0,1,0
17964,Clientes Leais,32,2,471.70,84,372,235.85,150.50,United Kingdom,0.89,1,1,2,0
17965,Campeões,38,14,2622.57,274,369,187.33,111.14,United Kingdom,0.99,3,3,2,0
17966,Clientes Leais,38,5,1098.43,53,261,219.69,514.20,United Kingdom,1.00,1,1,3,0
17967,Perdidos / Inativos,372,1,123.07,41,372,123.07,80.00,United Kingdom,1.00,2,0,1,0
17968,Perdidos / Inativos,374,1,277.35,74,374,277.35,160.00,United Kingdom,1.00,2,0,1,0
17969,Perdidos / Inativos,166,2,228.20,14,361,114.10,76.00,United Kingdom,0.71,2,0,3,0
17970,Perdidos / Inativos,211,1,582.59,27,211,582.59,525.00,United Kingdom,1.00,2,0,1,0
17972,Perdidos / Inativos,242,1,136.04,30,242,136.04,37.00,United Kingdom,1.00,2,0,1,0
17973,Novos Clientes,52,1,337.04,15,52,337.04,176.00,United Kingdom,1.00,0,2,0,0
17974,Clientes Leais,25,3,740.79,143,220,246.93,173.00,United Kingdom,1.00,1,1,3,0
17975,Campeões,15,13,4485.51,188,367,345.04,120.46,United Kingdom,0.98,3,3,2,0
17976,Perdidos / Inativos,372,1,353.19,56,372,353.19,106.00,United Kingdom,1.00,2,0,1,0
17977,Novos Clientes,29,1,288.14,19,29,288.14,342.00,United Kingdom,1.00,0,2,0,0
17978,Perdidos / Inativos,365,1,300.92,12,365,300.92,499.00,United Kingdom,1.00,2,0,1,0
17979,Clientes Leais,36,4,754.31,115,260,188.58,98.25,United Kingdom,1.00,1,1,3,0
17980,Clientes Leais,166,3,811.45,23,359,270.48,227.33,United Kingdom,0.74,1,0,3,0
17984,Perdidos / Inativos,145,1,152.68,48,145,152.68,98.00,United Kingdom,1.00,2,0,1,0
17985,Novos Clientes,22,1,634.95,20,22,634.95,183.00,United Kingdom,1.00,0,2,0,0
17986,Novos Clientes,56,1,20.80,1,56,20.80,10.00,United Kingdom,1.00,0,2,0,0
17987,Perdidos / Inativos,185,1,198.57,13,185,198.57,261.00,United Kingdom,1.00,2,0,1,0
17988,Clientes Leais,12,7,201.12,37,327,28.73,6.14,United Kingdom,0.93,1,1,2,-1
17990,Perdidos / Inativos,237,3,630.84,27,362,210.28,138.00,United Kingdom,0.83,2,0,3,0
17991,Perdidos / Inativos,225,2,93.35,4,226,46.67,12.50,United Kingdom,1.00,2,0,3,0
17994,Clientes Leais,122,4,678.49,63,291,169.62,124.25,United Kingdom,0.97,1,0,3,0
17995,Perdidos / Inativos,282,1,76.10,2,282,76.10,133.00,United Kingdom,1.00,2,0,1,0
17997,Clientes Leais,74,8,1970.67,133,164,246.33,287.25,United Kingdom,1.00,1,1,3,0
17999,Clientes Leais,37,2,382.06,87,366,191.03,110.50,United Kingdom,0.89,1,1,2,0
18001,Novos Clientes,12,2,417.23,56,87,208.62,181.50,United Kingdom,1.00,0,2,3,0
18004,Perdidos / Inativos,362,1,169.47,32,362,169.47,78.00,United Kingdom,1.00,2,0,1,0
18005,Novos Clientes,4,2,249.72,52,47,124.86,46.50,United Kingdom,1.00,0,2,3,0
18006,Novos Clientes,23,1,444.68,21,23,444.68,220.00,United Kingdom,1.00,0,2,0,0
18008,Clientes Leais,70,9,2116.19,24,319,235.13,175.67,United Kingdom,0.88,1,0,2,0
18009,Perdidos / Inativos,235,1,257.34,31,235,257.34,126.00,United Kingdom,1.00,2,0,1,0
18010,Perdidos / Inativos,257,1,174.80,14,257,174.80,60.00,United Kingdom,1.00,2,0,1,0
18011,Perdidos / Inativos,373,1,102.79,28,373,102.79,71.00,United Kingdom,1.00,2,0,1,0
18013,Perdidos / Inativos,155,2,187.29,31,155,93.64,142.50,United Kingdom,1.00,2,0,3,0
18014,Novos Clientes,28,1,158.47,28,28,158.47,67.00,United Kingdom,1.00,0,2,0,0
18015,Novos Clientes,4,1,120.03,46,4,120.03,157.00,United Kingdom,1.00,0,2,3,0
18016,Clientes Leais,32,5,1483.56,90,364,296.71,205.80,United Kingdom,0.59,1,1,2,0
18017,Perdidos / Inativos,81,3,523.00,1,310,174.33,100.00,United Kingdom,0.85,2,0,2,0
18018,Perdidos / Inativos,108,2,122.14,29,199,61.07,27.50,United Kingdom,1.00,2,0,3,0
18019,Novos Clientes,52,1,38.45,5,52,38.45,7.00,United Kingdom,1.00,0,2,0,0
18022,Novos Clientes,36,1,668.11,141,36,668.11,736.00,United Kingdom,1.00,0,2,0,0
18024,Perdidos / Inativos,153,2,389.78,21,153,194.89,92.00,United Kingdom,1.00,2,0,3,0
18027,Novos Clientes,99,1,115.31,21,99,115.31,78.00,United Kingdom,1.00,0,0,0,0
18030,Novos Clientes,4,2,230.65,8,42,115.32,33.50,United Kingdom,1.00,0,2,3,0
18032,Perdidos / Inativos,334,1,73.50,5,334,73.50,42.00,United Kingdom,1.00,2,0,1,0
18033,Novos Clientes,65,1,97.97,32,65,97.97,253.00,United Kingdom,1.00,0,2,0,0
18034,Novos Clientes,22,2,422.88,99,22,211.44,280.50,United Kingdom,1.00,0,2,3,0
18035,Novos Clientes,36,3,730.40,44,43,243.47,203.67,United Kingdom,1.00,0,2,3,0
18036,Clientes Leais,32,3,405.62,77,246,135.21,78.00,United Kingdom,1.00,1,1,3,0
18037,Perdidos / Inativos,154,6,70.02,19,362,11.67,3.33,United Kingdom,0.95,2,0,2,-1
18040,Novos Clientes,19,2,357.20,18,246,178.60,74.00,United Kingdom,1.00,0,0,3,0
18041,Campeões,12,21,4183.39,285,373,199.21,181.86,United Kingdom,1.00,3,3,2,0
18042,Novos Clientes,54,1,165.05,7,54,165.05,33.00,United Kingdom,1.00,0,2,0,0
18043,Clientes Leais,25,3,559.51,106,367,186.50,94.00,United Kingdom,0.85,1,1,2,0
18044,Campeões,4,10,2088.60,88,361,208.86,103.30,United Kingdom,0.98,3,3,2,0
18045,Novos Clientes,45,1,189.40,43,45,189.40,142.00,United Kingdom,1.00,0,2,0,0
18048,Perdidos / Inativos,203,2,172.29,6,203,86.15,63.50,United Kingdom,1.00,2,0,3,0
18050,Perdidos / Inativos,359,1,74.40,5,359,74.40,40.00,United Kingdom,1.00,2,0,1,0
18053,Novos Clientes,71,1,300.02,20,71,300.02,302.00,United Kingdom,1.00,0,2,0,0
18055,Campeões,7,10,6784.19,223,370,678.42,245.50,United Kingdom,0.95,3,3,2,0
18056,Perdidos / Inativos,288,1,363.65,19,288,363.65,211.00,United Kingdom,1.00,2,0,1,0
18058,Novos Clientes,10,1,170.16,3,10,170.16,88.00,United Kingdom,1.00,0,2,0,0
18059,Novos Clientes,23,3,306.46,17,68,102.15,86.00,United Kingdom,1.00,0,2,3,0
18061,Clientes Leais,22,10,2119.41,18,366,211.94,95.50,United Kingdom,0.98,1,1,2,0
18062,Clientes Leais,173,3,720.52,23,338,240.17,132.00,United Kingdom,0.77,1,0,3,0
18064,Perdidos / Inativos,133,2,814.00,7,235,407.00,192.00,United Kingdom,1.00,2,0,3,0
18065,Campeões,6,14,2392.83,110,365,170.92,73.36,United Kingdom,1.00,3,3,2,0
18066,Novos Clientes,75,1,318.00,10,75,318.00,108.00,United Kingdom,1.00,0,2,0,0
18067,Novos Clientes,40,1,396.33,36,40,396.33,189.00,United Kingdom,1.00,0,2,0,0
18068,Perdidos / Inativos,289,1,101.70,1,289,101.70,6.00,United Kingdom,1.00,2,0,1,0
18069,Campeões,26,5,2036.67,334,327,407.33,262.20,United Kingdom,0.60,3,1,3,0
18071,Perdidos / Inativos,258,2,453.00,23,366,226.50,130.00,United Kingdom,0.80,2,0,3,0
18072,Perdidos / Inativos,186,1,247.44,18,186,247.44,288.00,United Kingdom,1.00,2,0,1,0
18073,Clientes Leais,114,12,3877.52,23,197,323.13,259.00,United Kingdom,1.00,1,1,3,-1
18074,Perdidos / Inativos,374,1,489.60,13,374,489.60,190.00,United Kingdom,1.00,2,0,1,0
18075,Campeões,23,10,2611.75,97,361,261.18,146.40,United Kingdom,0.92,3,1,2,0
18077,Campeões,8,11,2633.01,101,367,239.36,170.73,United Kingdom,0.98,3,3,2,0
18078,Perdidos / Inativos,217,2,336.13,27,259,168.06,72.50,United Kingdom,1.00,2,0,3,0
18079,Clientes Leais,45,4,3651.97,99,239,912.99,1858.00,United Kingdom,1.00,1,1,3,0
18080,Perdidos / Inativos,19,2,1231.50,2,243,615.75,321.00,United Kingdom,0.57,2,0,2,-1
18081,Novos Clientes,36,3,343.45,14,134,114.48,65.00,United Kingdom,1.00,0,2,3,0
18082,Novos Clientes,26,1,703.37,62,26,703.37,621.00,United Kingdom,1.00,0,2,0,0
18084,Novos Clientes,16,1,90.48,1,16,90.48,312.00,United Kingdom,1.00,0,2,0,0
18085,Perdidos / Inativos,330,2,689.95,25,374,344.98,132.50,United Kingdom,0.85,2,0,3,0
18086,Perdidos / Inativos,274,1,101.34,7,274,101.34,106.00,United Kingdom,1.00,2,0,1,0
18087,Perdidos / Inativos,291,1,3202.92,1,291,3202.92,3906.00,United Kingdom,0.94,2,0,1,-1
18088,Novos Clientes,61,1,167.67,35,61,167.67,109.00,United Kingdom,1.00,0,2,0,0
18092,Campeões,2,11,9068.26,28,366,824.39,386.55,United Kingdom,1.00,3,3,2,0
18093,Clientes Leais,93,4,2106.52,31,303,526.63,348.00,United Kingdom,0.75,1,0,3,0
18094,Clientes Leais,82,7,3017.30,39,292,431.04,359.71,United Kingdom,0.67,1,1,3,0
18095,Perdidos / Inativos,313,2,580.05,20,333,290.03,209.50,United Kingdom,0.80,2,0,3,0
18096,Novos Clientes,12,3,911.15,157,64,303.72,275.00,United Kingdom,1.00,0,1,3,0
18097,Campeões,8,6,2697.80,65,354,449.63,281.00,United Kingdom,0.92,3,1,2,0
18099,Perdidos / Inativos,127,1,168.31,19,127,168.31,149.00,United Kingdom,0.97,2,0,1,0
18101,Novos Clientes,11,2,223.65,37,143,111.83,44.00,United Kingdom,1.00,0,2,3,0
18102,Campeões,1,60,259657.30,150,367,4327.62,1068.73,United Kingdom,1.00,3,3,2,-1
18104,Novos Clientes,37,1,754.64,38,37,754.64,362.00,United Kingdom,1.00,0,2,0,0
18105,Novos Clientes,38,1,113.48,18,38,113.48,46.00,United Kingdom,1.00,0,2,0,0
18106,Perdidos / Inativos,330,1,430.70,33,330,430.70,128.00,United Kingdom,1.00,2,0,1,0
18108,Perdidos / Inativos,254,1,271.00,17,254,271.00,84.00,United Kingdom,1.00,2,0,1,0
18109,Campeões,2,26,8052.97,119,370,309.73,162.96,United Kingdom,1.00,3,3,2,0
18110,Novos Clientes,20,1,236.30,33,20,236.30,86.00,United Kingdom,1.00,0,2,0,0
18112,Novos Clientes,12,2,352.69,26,166,176.34,127.50,United Kingdom,1.00,0,0,3,0
18113,Perdidos / Inativos,369,1,76.32,1,369,76.32,72.00,United Kingdom,1.00,2,0,1,0
18114,Perdidos / Inativos,290,1,220.10,28,290,220.10,55.00,United Kingdom,1.00,2,0,1,0
18116,Clientes Leais,68,8,1414.43,229,365,176.80,103.75,United Kingdom,0.82,1,1,2,0
18117,Novos Clientes,26,1,319.47,67,26,319.47,617.00,United Kingdom,1.00,0,2,0,0
18118,Campeões,11,26,5651.42,423,370,217.36,110.38,United Kingdom,1.00,3,3,2,0
18119,Perdidos / Inativos,368,1,181.12,29,368,181.12,125.00,United Kingdom,1.00,2,0,1,0
18120,Perdidos / Inativos,214,1,111.15,17,214,111.15,31.00,United Kingdom,1.00,2,0,1,0
18121,Perdidos / Inativos,149,2,673.10,28,155,336.55,225.00,United Kingdom,1.00,2,0,3,0
18122,Campeões,8,6,1824.99,238,151,304.17,204.00,United Kingdom,1.00,3,1,3,0
18123,Novos Clientes,24,2,589.44,31,31,294.72,297.00,United Kingdom,1.00,0,2,3,0
18125,Clientes Leais,30,4,1142.99,164,316,285.75,201.00,United Kingdom,0.74,1,1,3,0
18126,Novos Clientes,61,1,204.49,51,61,204.49,138.00,United Kingdom,1.00,0,2,0,0
18127,Novos Clientes,19,3,348.73,41,134,116.24,62.67,United Kingdom,1.00,0,2,3,0
18129,Perdidos / Inativos,243,1,112.55,13,243,112.55,48.00,United Kingdom,1.00,2,0,1,0
18130,Novos Clientes,15,3,1059.39,58,57,353.13,274.67,United Kingdom,1.00,0,2,3,0
18133,Perdidos / Inativos,212,1,931.50,1,212,931.50,1350.00,United Kingdom,1.00,2,0,1,0
18135,Clientes Leais,29,5,681.91,11,190,136.38,69.80,United Kingdom,1.00,1,1,3,0
18136,Clientes Leais,63,3,784.33,34,320,261.44,126.33,United Kingdom,0.76,1,0,3,0
18138,Perdidos / Inativos,295,1,152.65,8,295,152.65,38.00,United Kingdom,1.00,2,0,1,0
18139,Clientes Leais,18,6,8438.34,35,18,1406.39,926.17,United Kingdom,1.00,1,1,3,-1
18142,Perdidos / Inativos,157,2,1019.52,9,216,509.76,638.00,United Kingdom,1.00,2,0,3,0
18143,Clientes Leais,117,2,1000.16,59,142,500.08,285.00,United Kingdom,1.00,1,2,3,0
18144,Campeões,8,12,2888.75,27,373,240.73,111.92,United Kingdom,0.99,3,1,2,0
18145,Campeões,13,4,2861.55,174,313,715.39,656.25,United Kingdom,0.65,3,1,3,0
18146,Perdidos / Inativos,141,2,160.35,10,220,80.18,76.50,United Kingdom,1.00,2,0,3,0
18147,Novos Clientes,46,2,179.34,7,109,89.67,101.50,United Kingdom,1.00,0,2,3,0
18149,Clientes Leais,51,3,612.08,11,274,204.03,103.33,United Kingdom,0.98,1,0,3,0
18150,Clientes Leais,32,3,566.58,29,202,188.86,110.67,United Kingdom,1.00,1,0,3,0
18151,Clientes Leais,135,2,653.35,38,290,326.68,177.50,United Kingdom,0.96,1,0,3,0
18154,Novos Clientes,3,2,399.19,15,44,199.59,127.50,United Kingdom,1.00,0,2,3,0
18155,Perdidos / Inativos,75,3,371.62,19,292,123.87,88.67,United Kingdom,0.97,2,0,3,0
18156,Clientes Leais,13,2,734.94,100,370,367.47,150.50,United Kingdom,0.97,1,1,2,0
18158,Novos Clientes,9,2,453.40,24,89,226.70,177.00,United Kingdom,1.00,0,2,3,0
18159,Perdidos / Inativos,301,1,530.15,23,301,530.15,139.00,United Kingdom,1.00,2,0,1,0
18160,Clientes Leais,57,2,638.06,37,200,319.03,147.00,United Kingdom,1.00,1,0,3,0
18161,Clientes Leais,15,5,1618.69,49,320,323.74,162.40,United Kingdom,0.56,1,1,2,0
18164,Novos Clientes,37,1,399.65,24,37,399.65,184.00,United Kingdom,1.00,0,2,0,0
18165,Perdidos / Inativos,177,1,302.46,10,177,302.46,254.00,United Kingdom,1.00,2,0,1,0
18167,Novos Clientes,23,3,1384.86,24,106,461.62,127.33,United Kingdom,1.00,0,2,3,0
18168,Clientes Leais,176,6,1169.94,97,372,194.99,99.00,United Kingdom,0.67,1,1,3,0
18169,Novos Clientes,61,1,202.65,9,61,202.65,61.00,United Kingdom,1.00,0,2,0,0
18170,Clientes Leais,33,3,980.31,29,217,326.77,136.33,United Kingdom,1.00,1,0,3,0
18171,Clientes Leais,59,5,1231.31,43,334,246.26,96.20,United Kingdom,0.60,1,0,3,0
18172,Campeões,15,20,7561.68,100,290,378.08,159.20,United Kingdom,0.99,3,3,2,0
18173,Clientes Leais,87,4,2106.84,23,275,526.71,305.00,United Kingdom,0.93,1,0,3,0
18174,Novos Clientes,7,1,104.00,1,7,104.00,50.00,United Kingdom,0.98,0,2,0,0
18176,Perdidos / Inativos,358,1,476.35,30,358,476.35,283.00,United Kingdom,1.00,2,0,1,0
18177,Clientes Leais,31,6,1341.42,53,256,223.57,118.33,United Kingdom,1.00,1,1,3,0
18178,Clientes Leais,129,4,1590.81,80,365,397.70,245.75,United Kingdom,0.79,1,1,3,0
18179,Campeões,9,6,1793.17,86,336,298.86,226.67,United Kingdom,0.79,3,1,2,0
18180,Campeões,5,6,1843.75,108,143,307.29,286.83,United Kingdom,1.00,3,1,3,0
18181,Novos Clientes,24,1,382.80,40,24,382.80,146.00,United Kingdom,1.00,0,2,0,0
18183,Perdidos / Inativos,227,2,632.07,36,275,316.04,185.50,United Kingdom,0.99,2,0,3,0
18184,Novos Clientes,15,1,49.80,1,15,49.80,60.00,United Kingdom,1.00,0,2,0,0
18185,Perdidos / Inativos,249,1,304.25,17,249,304.25,183.00,United Kingdom,1.00,2,0,1,0
18188,Clientes Leais,15,3,2001.04,63,290,667.01,389.33,United Kingdom,0.82,1,1,3,0
18189,Clientes Leais,78,2,1090.24,65,268,545.12,283.00,United Kingdom,0.99,1,0,3,0
18190,Perdidos / Inativos,192,2,284.46,14,331,142.23,70.00,United Kingdom,0.80,2,0,3,0
18191,Perdidos / Inativos,262,1,207.80,7,262,207.80,140.00,United Kingdom,1.00,2,0,1,0
18192,Novos Clientes,72,1,957.97,45,72,957.97,339.00,United Kingdom,1.00,0,2,0,0
18193,Perdidos / Inativos,165,1,243.76,16,165,243.76,124.00,United Kingdom,1.00,2,0,1,0
18194,Novos Clientes,82,1,973.84,7,82,973.84,632.00,United Kingdom,1.00,0,2,0,0
18196,Clientes Leais,95,2,689.13,131,290,344.56,216.50,United Kingdom,0.96,1,0,3,0
18198,Campeões,4,17,5425.56,81,336,319.15,239.65,United Kingdom,1.00,3,3,2,0
18200,Novos Clientes,106,1,163.80,29,106,163.80,111.00,United Kingdom,1.00,0,0,0,0
18202,Clientes Leais,200,3,1396.99,55,311,465.66,193.67,United Kingdom,0.91,1,0,3,0
18203,Perdidos / Inativos,157,1,160.42,19,157,160.42,43.00,United Kingdom,1.00,2,0,1,0
18204,Clientes Leais,71,3,1993.70,159,192,664.57,400.00,United Kingdom,1.00,1,1,3,0
18205,Novos Clientes,36,2,517.36,30,75,258.68,96.00,United Kingdom,1.00,0,2,3,0
18209,Novos Clientes,29,1,139.10,8,29,139.10,58.00,United Kingdom,1.00,0,2,0,0
18210,Campeões,2,6,2621.38,109,267,436.90,233.00,United Kingdom,0.97,3,3,3,0
18211,Clientes Leais,26,5,600.07,37,279,120.01,71.80,United Kingdom,0.98,1,1,3,0
18212,Perdidos / Inativos,326,1,248.42,30,326,248.42,101.00,United Kingdom,1.00,2,0,1,0
18213,Perdidos / Inativos,237,1,232.48,15,237,232.48,232.00,United Kingdom,1.00,2,0,1,0
18215,Novos Clientes,89,1,299.34,13,89,299.34,118.00,United Kingdom,1.00,0,0,0,0
18216,Novos Clientes,31,1,481.75,26,31,481.75,200.00,United Kingdom,1.00,0,2,0,0
18217,Novos Clientes,29,2,621.75,27,71,310.88,245.50,United Kingdom,1.00,0,2,3,0
18218,Perdidos / Inativos,211,2,662.08,17,282,331.04,292.00,United Kingdom,0.97,2,0,3,0
18219,Campeões,3,10,2069.77,58,369,206.98,88.50,United Kingdom,0.99,3,3,2,0
18220,Perdidos / Inativos,227,1,305.28,2,227,305.28,288.00,United Kingdom,1.00,2,0,1,0
18221,Clientes Leais,22,5,1041.61,59,211,208.32,158.20,United Kingdom,1.00,1,1,3,0
18222,Novos Clientes,93,1,443.00,19,93,443.00,335.00,United Kingdom,1.00,0,2,0,0
18223,Campeões,5,14,6484.54,116,358,463.18,210.57,United Kingdom,1.00,3,3,2,0
18224,Perdidos / Inativos,264,1,158.95,10,264,158.95,69.00,United Kingdom,1.00,2,0,1,0
18225,Campeões,3,12,5509.12,150,365,459.09,270.33,United Kingdom,0.99,3,3,2,0
18226,Campeões,44,11,5228.05,141,338,475.28,315.09,United Kingdom,0.90,3,1,2,0
18227,Perdidos / Inativos,218,1,93.75,5,218,93.75,21.00,United Kingdom,1.00,2,2,1,0
18228,Novos Clientes,57,2,779.90,23,80,389.95,119.00,United Kingdom,1.00,0,2,3,0
18229,Campeões,12,20,7276.90,66,373,363.85,124.40,United Kingdom,1.00,3,3,2,0
18230,Campeões,9,7,2810.20,32,302,401.46,188.00,United Kingdom,0.75,3,1,2,0
18231,Clientes Leais,192,5,2083.27,106,289,416.65,164.20,United Kingdom,0.97,1,1,3,0
18232,Clientes Leais,82,4,592.97,31,197,148.24,75.50,United Kingdom,1.00,1,0,3,0
18233,Perdidos / Inativos,326,1,440.00,1,326,440.00,4.00,United Kingdom,1.00,2,0,1,0
18235,Clientes Leais,72,3,1796.48,100,217,598.83,526.00,United Kingdom,1.00,1,1,3,0
18236,Clientes Leais,30,6,882.24,42,241,147.04,67.17,United Kingdom,1.00,1,1,3,0
18237,Clientes Leais,3,5,987.10,40,134,197.42,124.40,United Kingdom,1.00,1,1,3,0
18239,Clientes Leais,219,5,1561.61,80,372,312.32,159.00,United Kingdom,0.84,1,1,3,0
18240,Novos Clientes,46,1,422.58,6,46,422.58,126.00,United Kingdom,1.00,0,2,0,0
18241,Campeões,10,17,2073.09,60,218,121.95,61.82,United Kingdom,1.00,3,3,3,0
18242,Clientes Leais,72,4,2232.49,72,214,558.12,254.25,United Kingdom,1.00,1,1,3,0
18245,Campeões,7,7,2567.06,153,355,366.72,255.43,United Kingdom,0.90,3,3,2,0
18246,Perdidos / Inativos,24,2,596.10,3,233,298.05,83.00,United Kingdom,1.00,2,0,3,0
18248,Clientes Leais,123,2,804.02,39,186,402.01,255.50,United Kingdom,1.00,1,0,3,0
18249,Novos Clientes,17,1,95.34,8,17,95.34,128.00,United Kingdom,1.00,0,2,0,0
18250,Perdidos / Inativos,310,1,349.27,21,310,349.27,199.00,United Kingdom,1.00,2,0,1,0
18251,Novos Clientes,87,1,4314.72,16,87,4314.72,7824.00,United Kingdom,1.00,0,2,0,0
18252,Clientes Leais,51,2,526.67,90,172,263.33,119.50,United Kingdom,1.00,1,0,3,0
18255,Novos Clientes,89,1,103.30,6,89,103.30,74.00,United Kingdom,1.00,0,2,0,0
18257,Clientes Leais,39,8,2337.63,97,296,292.20,130.12,United Kingdom,0.77,1,1,3,0
18259,Clientes Leais,25,3,2338.60,27,366,779.53,238.00,United Kingdom,0.94,1,1,2,0
18260,Clientes Leais,173,6,2643.20,86,358,440.53,246.33,United Kingdom,0.68,1,1,3,0
18261,Novos Clientes,43,2,324.24,19,96,162.12,73.00,United Kingdom,1.00,0,2,3,0
18262,Perdidos / Inativos,140,1,149.48,13,140,149.48,182.00,United Kingdom,1.00,2,0,1,0
18263,Clientes Leais,26,3,1213.16,59,253,404.39,489.33,United Kingdom,1.00,1,1,3,0
18265,Clientes Leais,72,2,801.51,44,158,400.75,155.50,United Kingdom,1.00,1,2,3,0
18268,Perdidos / Inativos,134,1,25.50,1,134,25.50,2.00,United Kingdom,1.00,2,2,1,0
18269,Perdidos / Inativos,366,1,168.60,7,366,168.60,76.00,United Kingdom,1.00,2,0,1,0
18270,Perdidos / Inativos,38,2,283.15,11,267,141.57,50.50,United Kingdom,0.99,2,0,3,0
18272,Campeões,3,6,3078.58,99,247,513.10,341.67,United Kingdom,1.00,3,3,3,0
18273,Novos Clientes,2,3,204.00,1,258,68.00,26.67,United Kingdom,0.97,0,0,3,-1
18274,Novos Clientes,30,1,175.92,11,30,175.92,88.00,United Kingdom,1.00,0,2,0,0
18276,Novos Clientes,44,1,335.86,14,44,335.86,186.00,United Kingdom,1.00,0,2,0,0
18277,Novos Clientes,58,1,110.38,8,58,110.38,68.00,United Kingdom,1.00,0,2,0,0
18278,Novos Clientes,74,1,173.90,9,74,173.90,66.00,United Kingdom,1.00,0,2,0,0
18280,Perdidos / Inativos,278,1,180.60,10,278,180.60,45.00,United Kingdom,1.00,2,0,1,0
18281,Perdidos / Inativos,181,1,80.82,7,181,80.82,54.00,United Kingdom,1.00,2,2,1,0
18282,Novos Clientes,8,2,178.05,12,126,89.03,51.50,United Kingdom,1.00,0,0,3,0
18283,Campeões,4,16,2088.93,262,337,130.56,87.19,United Kingdom,1.00,3,3,2,0
18287,Clientes Leais,43,3,1837.28,59,202,612.43,528.67,United Kingdom,1.00,1,1,3,0
